Borough,Month,Crime_Type,Count
Barking and Dagenham,2024-12,Anti-social behaviour,311
Barking and Dagenham,2024-12,Bicycle theft,5
Barking and Dagenham,2024-12,Burglary,108
Barking and Dagenham,2024-12,Criminal damage and arson,96
Barking and Dagenham,2024-12,Drugs,95
Barking and Dagenham,2024-12,Other crime,28
Barking and Dagenham,2024-12,Other theft,159
Barking and Dagenham,2024-12,Possession of weapons,4
Barking and Dagenham,2024-12,Public order,88
Barking and Dagenham,2024-12,Robbery,44
Barking and Dagenham,2024-12,Shoplifting,82
Barking and Dagenham,2024-12,Theft from the person,73
Barking and Dagenham,2024-12,Vehicle crime,147
Barking and Dagenham,2024-12,Violence and sexual offences,634
Barking and Dagenham,2025-01,Anti-social behaviour,288
Barking and Dagenham,2025-01,Bicycle theft,6
Barking and Dagenham,2025-01,Burglary,86
Barking and Dagenham,2025-01,Criminal damage and arson,105
Barking and Dagenham,2025-01,Drugs,108
Barking and Dagenham,2025-01,Other crime,26
Barking and Dagenham,2025-01,Other theft,126
Barking and Dagenham,2025-01,Possession of weapons,8
Barking and Dagenham,2025-01,Public order,74
Barking and Dagenham,2025-01,Robbery,39
Barking and Dagenham,2025-01,Shoplifting,105
Barking and Dagenham,2025-01,Theft from the person,68
Barking and Dagenham,2025-01,Vehicle crime,193
Barking and Dagenham,2025-01,Violence and sexual offences,554
Barking and Dagenham,2025-02,Anti-social behaviour,295
Barking and Dagenham,2025-02,Bicycle theft,2
Barking and Dagenham,2025-02,Burglary,60
Barking and Dagenham,2025-02,Criminal damage and arson,93
Barking and Dagenham,2025-02,Drugs,87
Barking and Dagenham,2025-02,Other crime,19
Barking and Dagenham,2025-02,Other theft,116
Barking and Dagenham,2025-02,Possession of weapons,7
Barking and Dagenham,2025-02,Public order,63
Barking and Dagenham,2025-02,Robbery,89
Barking and Dagenham,2025-02,Shoplifting,94
Barking and Dagenham,2025-02,Theft from the person,53
Barking and Dagenham,2025-02,Vehicle crime,154
Barking and Dagenham,2025-02,Violence and sexual offences,517
Barking and Dagenham,2025-03,Anti-social behaviour,344
Barking and Dagenham,2025-03,Bicycle theft,11
Barking and Dagenham,2025-03,Burglary,99
Barking and Dagenham,2025-03,Criminal damage and arson,109
Barking and Dagenham,2025-03,Drugs,86
Barking and Dagenham,2025-03,Other crime,32
Barking and Dagenham,2025-03,Other theft,127
Barking and Dagenham,2025-03,Possession of weapons,10
Barking and Dagenham,2025-03,Public order,95
Barking and Dagenham,2025-03,Robbery,118
Barking and Dagenham,2025-03,Shoplifting,98
Barking and Dagenham,2025-03,Theft from the person,75
Barking and Dagenham,2025-03,Vehicle crime,174
Barking and Dagenham,2025-03,Violence and sexual offences,679
Barking and Dagenham,2025-04,Anti-social behaviour,371
Barking and Dagenham,2025-04,Bicycle theft,8
Barking and Dagenham,2025-04,Burglary,60
Barking and Dagenham,2025-04,Criminal damage and arson,133
Barking and Dagenham,2025-04,Drugs,156
Barking and Dagenham,2025-04,Other crime,33
Barking and Dagenham,2025-04,Other theft,135
Barking and Dagenham,2025-04,Possession of weapons,12
Barking and Dagenham,2025-04,Public order,109
Barking and Dagenham,2025-04,Robbery,86
Barking and Dagenham,2025-04,Shoplifting,84
Barking and Dagenham,2025-04,Theft from the person,53
Barking and Dagenham,2025-04,Vehicle crime,171
Barking and Dagenham,2025-04,Violence and sexual offences,700
Barking and Dagenham,2025-05,Anti-social behaviour,385
Barking and Dagenham,2025-05,Bicycle theft,11
Barking and Dagenham,2025-05,Burglary,62
Barking and Dagenham,2025-05,Criminal damage and arson,117
Barking and Dagenham,2025-05,Drugs,189
Barking and Dagenham,2025-05,Other crime,28
Barking and Dagenham,2025-05,Other theft,119
Barking and Dagenham,2025-05,Possession of weapons,13
Barking and Dagenham,2025-05,Public order,110
Barking and Dagenham,2025-05,Robbery,74
Barking and Dagenham,2025-05,Shoplifting,81
Barking and Dagenham,2025-05,Theft from the person,50
Barking and Dagenham,2025-05,Vehicle crime,163
Barking and Dagenham,2025-05,Violence and sexual offences,668
Barking and Dagenham,2025-06,Anti-social behaviour,454
Barking and Dagenham,2025-06,Bicycle theft,13
Barking and Dagenham,2025-06,Burglary,78
Barking and Dagenham,2025-06,Criminal damage and arson,136
Barking and Dagenham,2025-06,Drugs,127
Barking and Dagenham,2025-06,Other crime,39
Barking and Dagenham,2025-06,Other theft,130
Barking and Dagenham,2025-06,Possession of weapons,14
Barking and Dagenham,2025-06,Public order,147
Barking and Dagenham,2025-06,Robbery,55
Barking and Dagenham,2025-06,Shoplifting,86
Barking and Dagenham,2025-06,Theft from the person,68
Barking and Dagenham,2025-06,Vehicle crime,180
Barking and Dagenham,2025-06,Violence and sexual offences,693
Barking and Dagenham,2025-07,Anti-social behaviour,506
Barking and Dagenham,2025-07,Bicycle theft,14
Barking and Dagenham,2025-07,Burglary,61
Barking and Dagenham,2025-07,Criminal damage and arson,138
Barking and Dagenham,2025-07,Drugs,136
Barking and Dagenham,2025-07,Other crime,32
Barking and Dagenham,2025-07,Other theft,135
Barking and Dagenham,2025-07,Possession of weapons,9
Barking and Dagenham,2025-07,Public order,119
Barking and Dagenham,2025-07,Robbery,78
Barking and Dagenham,2025-07,Shoplifting,93
Barking and Dagenham,2025-07,Theft from the person,52
Barking and Dagenham,2025-07,Vehicle crime,170
Barking and Dagenham,2025-07,Violence and sexual offences,720
Barking and Dagenham,2025-08,Anti-social behaviour,443
Barking and Dagenham,2025-08,Bicycle theft,14
Barking and Dagenham,2025-08,Burglary,60
Barking and Dagenham,2025-08,Criminal damage and arson,133
Barking and Dagenham,2025-08,Drugs,151
Barking and Dagenham,2025-08,Other crime,20
Barking and Dagenham,2025-08,Other theft,126
Barking and Dagenham,2025-08,Possession of weapons,12
Barking and Dagenham,2025-08,Public order,108
Barking and Dagenham,2025-08,Robbery,49
Barking and Dagenham,2025-08,Shoplifting,60
Barking and Dagenham,2025-08,Theft from the person,56
Barking and Dagenham,2025-08,Vehicle crime,141
Barking and Dagenham,2025-08,Violence and sexual offences,677
Barking and Dagenham,2025-09,Anti-social behaviour,360
Barking and Dagenham,2025-09,Bicycle theft,10
Barking and Dagenham,2025-09,Burglary,64
Barking and Dagenham,2025-09,Criminal damage and arson,105
Barking and Dagenham,2025-09,Drugs,121
Barking and Dagenham,2025-09,Other crime,20
Barking and Dagenham,2025-09,Other theft,100
Barking and Dagenham,2025-09,Possession of weapons,10
Barking and Dagenham,2025-09,Public order,116
Barking and Dagenham,2025-09,Robbery,63
Barking and Dagenham,2025-09,Shoplifting,88
Barking and Dagenham,2025-09,Theft from the person,62
Barking and Dagenham,2025-09,Vehicle crime,182
Barking and Dagenham,2025-09,Violence and sexual offences,712
Barking and Dagenham,2025-10,Anti-social behaviour,410
Barking and Dagenham,2025-10,Bicycle theft,15
Barking and Dagenham,2025-10,Burglary,73
Barking and Dagenham,2025-10,Criminal damage and arson,107
Barking and Dagenham,2025-10,Drugs,123
Barking and Dagenham,2025-10,Other crime,25
Barking and Dagenham,2025-10,Other theft,150
Barking and Dagenham,2025-10,Possession of weapons,16
Barking and Dagenham,2025-10,Public order,110
Barking and Dagenham,2025-10,Robbery,96
Barking and Dagenham,2025-10,Shoplifting,90
Barking and Dagenham,2025-10,Theft from the person,67
Barking and Dagenham,2025-10,Vehicle crime,185
Barking and Dagenham,2025-10,Violence and sexual offences,658
Barking and Dagenham,2025-11,Anti-social behaviour,329
Barking and Dagenham,2025-11,Bicycle theft,18
Barking and Dagenham,2025-11,Burglary,99
Barking and Dagenham,2025-11,Criminal damage and arson,111
Barking and Dagenham,2025-11,Drugs,117
Barking and Dagenham,2025-11,Other crime,20
Barking and Dagenham,2025-11,Other theft,134
Barking and Dagenham,2025-11,Possession of weapons,11
Barking and Dagenham,2025-11,Public order,95
Barking and Dagenham,2025-11,Robbery,96
Barking and Dagenham,2025-11,Shoplifting,78
Barking and Dagenham,2025-11,Theft from the person,72
Barking and Dagenham,2025-11,Vehicle crime,192
Barking and Dagenham,2025-11,Violence and sexual offences,699
Barking and Dagenham,2025-12,Anti-social behaviour,328
Barking and Dagenham,2025-12,Bicycle theft,5
Barking and Dagenham,2025-12,Burglary,98
Barking and Dagenham,2025-12,Criminal damage and arson,131
Barking and Dagenham,2025-12,Drugs,124
Barking and Dagenham,2025-12,Other crime,21
Barking and Dagenham,2025-12,Other theft,133
Barking and Dagenham,2025-12,Possession of weapons,7
Barking and Dagenham,2025-12,Public order,92
Barking and Dagenham,2025-12,Robbery,67
Barking and Dagenham,2025-12,Shoplifting,77
Barking and Dagenham,2025-12,Theft from the person,65
Barking and Dagenham,2025-12,Vehicle crime,165
Barking and Dagenham,2025-12,Violence and sexual offences,626
Barnet,2024-12,Anti-social behaviour,561
Barnet,2024-12,Bicycle theft,9
Barnet,2024-12,Burglary,244
Barnet,2024-12,Criminal damage and arson,142
Barnet,2024-12,Drugs,114
Barnet,2024-12,Other crime,34
Barnet,2024-12,Other theft,219
Barnet,2024-12,Possession of weapons,7
Barnet,2024-12,Public order,131
Barnet,2024-12,Robbery,48
Barnet,2024-12,Shoplifting,211
Barnet,2024-12,Theft from the person,101
Barnet,2024-12,Vehicle crime,277
Barnet,2024-12,Violence and sexual offences,638
Barnet,2025-01,Anti-social behaviour,611
Barnet,2025-01,Bicycle theft,9
Barnet,2025-01,Burglary,244
Barnet,2025-01,Criminal damage and arson,143
Barnet,2025-01,Drugs,108
Barnet,2025-01,Other crime,40
Barnet,2025-01,Other theft,225
Barnet,2025-01,Possession of weapons,9
Barnet,2025-01,Public order,132
Barnet,2025-01,Robbery,45
Barnet,2025-01,Shoplifting,214
Barnet,2025-01,Theft from the person,75
Barnet,2025-01,Vehicle crime,335
Barnet,2025-01,Violence and sexual offences,612
Barnet,2025-02,Anti-social behaviour,542
Barnet,2025-02,Bicycle theft,14
Barnet,2025-02,Burglary,192
Barnet,2025-02,Criminal damage and arson,133
Barnet,2025-02,Drugs,134
Barnet,2025-02,Other crime,31
Barnet,2025-02,Other theft,181
Barnet,2025-02,Possession of weapons,6
Barnet,2025-02,Public order,129
Barnet,2025-02,Robbery,47
Barnet,2025-02,Shoplifting,212
Barnet,2025-02,Theft from the person,106
Barnet,2025-02,Vehicle crime,297
Barnet,2025-02,Violence and sexual offences,614
Barnet,2025-03,Anti-social behaviour,668
Barnet,2025-03,Bicycle theft,17
Barnet,2025-03,Burglary,203
Barnet,2025-03,Criminal damage and arson,172
Barnet,2025-03,Drugs,125
Barnet,2025-03,Other crime,29
Barnet,2025-03,Other theft,224
Barnet,2025-03,Possession of weapons,12
Barnet,2025-03,Public order,156
Barnet,2025-03,Robbery,49
Barnet,2025-03,Shoplifting,236
Barnet,2025-03,Theft from the person,104
Barnet,2025-03,Vehicle crime,347
Barnet,2025-03,Violence and sexual offences,715
Barnet,2025-04,Anti-social behaviour,633
Barnet,2025-04,Bicycle theft,15
Barnet,2025-04,Burglary,158
Barnet,2025-04,Criminal damage and arson,163
Barnet,2025-04,Drugs,223
Barnet,2025-04,Other crime,29
Barnet,2025-04,Other theft,201
Barnet,2025-04,Possession of weapons,15
Barnet,2025-04,Public order,145
Barnet,2025-04,Robbery,46
Barnet,2025-04,Shoplifting,216
Barnet,2025-04,Theft from the person,90
Barnet,2025-04,Vehicle crime,268
Barnet,2025-04,Violence and sexual offences,670
Barnet,2025-05,Anti-social behaviour,719
Barnet,2025-05,Bicycle theft,18
Barnet,2025-05,Burglary,150
Barnet,2025-05,Criminal damage and arson,174
Barnet,2025-05,Drugs,254
Barnet,2025-05,Other crime,28
Barnet,2025-05,Other theft,203
Barnet,2025-05,Possession of weapons,22
Barnet,2025-05,Public order,139
Barnet,2025-05,Robbery,74
Barnet,2025-05,Shoplifting,245
Barnet,2025-05,Theft from the person,75
Barnet,2025-05,Vehicle crime,285
Barnet,2025-05,Violence and sexual offences,689
Barnet,2025-06,Anti-social behaviour,801
Barnet,2025-06,Bicycle theft,21
Barnet,2025-06,Burglary,113
Barnet,2025-06,Criminal damage and arson,164
Barnet,2025-06,Drugs,172
Barnet,2025-06,Other crime,34
Barnet,2025-06,Other theft,218
Barnet,2025-06,Possession of weapons,22
Barnet,2025-06,Public order,198
Barnet,2025-06,Robbery,55
Barnet,2025-06,Shoplifting,224
Barnet,2025-06,Theft from the person,86
Barnet,2025-06,Vehicle crime,315
Barnet,2025-06,Violence and sexual offences,694
Barnet,2025-07,Anti-social behaviour,861
Barnet,2025-07,Bicycle theft,14
Barnet,2025-07,Burglary,107
Barnet,2025-07,Criminal damage and arson,194
Barnet,2025-07,Drugs,189
Barnet,2025-07,Other crime,35
Barnet,2025-07,Other theft,240
Barnet,2025-07,Possession of weapons,14
Barnet,2025-07,Public order,175
Barnet,2025-07,Robbery,49
Barnet,2025-07,Shoplifting,224
Barnet,2025-07,Theft from the person,93
Barnet,2025-07,Vehicle crime,309
Barnet,2025-07,Violence and sexual offences,866
Barnet,2025-08,Anti-social behaviour,792
Barnet,2025-08,Bicycle theft,20
Barnet,2025-08,Burglary,177
Barnet,2025-08,Criminal damage and arson,162
Barnet,2025-08,Drugs,177
Barnet,2025-08,Other crime,35
Barnet,2025-08,Other theft,167
Barnet,2025-08,Possession of weapons,15
Barnet,2025-08,Public order,144
Barnet,2025-08,Robbery,51
Barnet,2025-08,Shoplifting,274
Barnet,2025-08,Theft from the person,67
Barnet,2025-08,Vehicle crime,303
Barnet,2025-08,Violence and sexual offences,638
Barnet,2025-09,Anti-social behaviour,658
Barnet,2025-09,Bicycle theft,16
Barnet,2025-09,Burglary,150
Barnet,2025-09,Criminal damage and arson,173
Barnet,2025-09,Drugs,125
Barnet,2025-09,Other crime,43
Barnet,2025-09,Other theft,222
Barnet,2025-09,Possession of weapons,15
Barnet,2025-09,Public order,157
Barnet,2025-09,Robbery,52
Barnet,2025-09,Shoplifting,254
Barnet,2025-09,Theft from the person,86
Barnet,2025-09,Vehicle crime,355
Barnet,2025-09,Violence and sexual offences,705
Barnet,2025-10,Anti-social behaviour,758
Barnet,2025-10,Bicycle theft,20
Barnet,2025-10,Burglary,183
Barnet,2025-10,Criminal damage and arson,164
Barnet,2025-10,Drugs,144
Barnet,2025-10,Other crime,24
Barnet,2025-10,Other theft,175
Barnet,2025-10,Possession of weapons,7
Barnet,2025-10,Public order,169
Barnet,2025-10,Robbery,69
Barnet,2025-10,Shoplifting,262
Barnet,2025-10,Theft from the person,86
Barnet,2025-10,Vehicle crime,401
Barnet,2025-10,Violence and sexual offences,802
Barnet,2025-11,Anti-social behaviour,659
Barnet,2025-11,Bicycle theft,13
Barnet,2025-11,Burglary,171
Barnet,2025-11,Criminal damage and arson,149
Barnet,2025-11,Drugs,177
Barnet,2025-11,Other crime,33
Barnet,2025-11,Other theft,231
Barnet,2025-11,Possession of weapons,12
Barnet,2025-11,Public order,162
Barnet,2025-11,Robbery,64
Barnet,2025-11,Shoplifting,257
Barnet,2025-11,Theft from the person,101
Barnet,2025-11,Vehicle crime,356
Barnet,2025-11,Violence and sexual offences,644
Barnet,2025-12,Anti-social behaviour,677
Barnet,2025-12,Bicycle theft,10
Barnet,2025-12,Burglary,198
Barnet,2025-12,Criminal damage and arson,142
Barnet,2025-12,Drugs,134
Barnet,2025-12,Other crime,29
Barnet,2025-12,Other theft,231
Barnet,2025-12,Possession of weapons,9
Barnet,2025-12,Public order,127
Barnet,2025-12,Robbery,73
Barnet,2025-12,Shoplifting,286
Barnet,2025-12,Theft from the person,67
Barnet,2025-12,Vehicle crime,294
Barnet,2025-12,Violence and sexual offences,778
Bexley,2024-12,Anti-social behaviour,241
Bexley,2024-12,Bicycle theft,1
Bexley,2024-12,Burglary,69
Bexley,2024-12,Criminal damage and arson,97
Bexley,2024-12,Drugs,53
Bexley,2024-12,Other crime,25
Bexley,2024-12,Other theft,131
Bexley,2024-12,Possession of weapons,6
Bexley,2024-12,Public order,81
Bexley,2024-12,Robbery,19
Bexley,2024-12,Shoplifting,80
Bexley,2024-12,Theft from the person,29
Bexley,2024-12,Vehicle crime,153
Bexley,2024-12,Violence and sexual offences,432
Bexley,2025-01,Anti-social behaviour,205
Bexley,2025-01,Bicycle theft,3
Bexley,2025-01,Burglary,76
Bexley,2025-01,Criminal damage and arson,112
Bexley,2025-01,Drugs,98
Bexley,2025-01,Other crime,22
Bexley,2025-01,Other theft,97
Bexley,2025-01,Possession of weapons,5
Bexley,2025-01,Public order,88
Bexley,2025-01,Robbery,32
Bexley,2025-01,Shoplifting,150
Bexley,2025-01,Theft from the person,28
Bexley,2025-01,Vehicle crime,136
Bexley,2025-01,Violence and sexual offences,425
Bexley,2025-02,Anti-social behaviour,201
Bexley,2025-02,Bicycle theft,4
Bexley,2025-02,Burglary,61
Bexley,2025-02,Criminal damage and arson,151
Bexley,2025-02,Drugs,55
Bexley,2025-02,Other crime,16
Bexley,2025-02,Other theft,92
Bexley,2025-02,Possession of weapons,9
Bexley,2025-02,Public order,71
Bexley,2025-02,Robbery,21
Bexley,2025-02,Shoplifting,197
Bexley,2025-02,Theft from the person,26
Bexley,2025-02,Vehicle crime,161
Bexley,2025-02,Violence and sexual offences,452
Bexley,2025-03,Anti-social behaviour,323
Bexley,2025-03,Bicycle theft,5
Bexley,2025-03,Burglary,64
Bexley,2025-03,Criminal damage and arson,120
Bexley,2025-03,Drugs,81
Bexley,2025-03,Other crime,26
Bexley,2025-03,Other theft,107
Bexley,2025-03,Possession of weapons,7
Bexley,2025-03,Public order,92
Bexley,2025-03,Robbery,33
Bexley,2025-03,Shoplifting,164
Bexley,2025-03,Theft from the person,24
Bexley,2025-03,Vehicle crime,124
Bexley,2025-03,Violence and sexual offences,512
Bexley,2025-04,Anti-social behaviour,344
Bexley,2025-04,Bicycle theft,4
Bexley,2025-04,Burglary,49
Bexley,2025-04,Criminal damage and arson,146
Bexley,2025-04,Drugs,85
Bexley,2025-04,Other crime,27
Bexley,2025-04,Other theft,89
Bexley,2025-04,Possession of weapons,8
Bexley,2025-04,Public order,88
Bexley,2025-04,Robbery,23
Bexley,2025-04,Shoplifting,124
Bexley,2025-04,Theft from the person,24
Bexley,2025-04,Vehicle crime,150
Bexley,2025-04,Violence and sexual offences,452
Bexley,2025-05,Anti-social behaviour,341
Bexley,2025-05,Bicycle theft,10
Bexley,2025-05,Burglary,38
Bexley,2025-05,Criminal damage and arson,161
Bexley,2025-05,Drugs,106
Bexley,2025-05,Other crime,21
Bexley,2025-05,Other theft,99
Bexley,2025-05,Possession of weapons,11
Bexley,2025-05,Public order,112
Bexley,2025-05,Robbery,30
Bexley,2025-05,Shoplifting,146
Bexley,2025-05,Theft from the person,26
Bexley,2025-05,Vehicle crime,141
Bexley,2025-05,Violence and sexual offences,485
Bexley,2025-06,Anti-social behaviour,340
Bexley,2025-06,Bicycle theft,3
Bexley,2025-06,Burglary,63
Bexley,2025-06,Criminal damage and arson,148
Bexley,2025-06,Drugs,81
Bexley,2025-06,Other crime,36
Bexley,2025-06,Other theft,94
Bexley,2025-06,Possession of weapons,7
Bexley,2025-06,Public order,97
Bexley,2025-06,Robbery,33
Bexley,2025-06,Shoplifting,141
Bexley,2025-06,Theft from the person,26
Bexley,2025-06,Vehicle crime,129
Bexley,2025-06,Violence and sexual offences,518
Bexley,2025-07,Anti-social behaviour,379
Bexley,2025-07,Bicycle theft,11
Bexley,2025-07,Burglary,47
Bexley,2025-07,Criminal damage and arson,181
Bexley,2025-07,Drugs,93
Bexley,2025-07,Other crime,22
Bexley,2025-07,Other theft,103
Bexley,2025-07,Possession of weapons,14
Bexley,2025-07,Public order,120
Bexley,2025-07,Robbery,29
Bexley,2025-07,Shoplifting,163
Bexley,2025-07,Theft from the person,8
Bexley,2025-07,Vehicle crime,115
Bexley,2025-07,Violence and sexual offences,503
Bexley,2025-08,Anti-social behaviour,371
Bexley,2025-08,Bicycle theft,8
Bexley,2025-08,Burglary,60
Bexley,2025-08,Criminal damage and arson,137
Bexley,2025-08,Drugs,62
Bexley,2025-08,Other crime,24
Bexley,2025-08,Other theft,89
Bexley,2025-08,Possession of weapons,7
Bexley,2025-08,Public order,83
Bexley,2025-08,Robbery,30
Bexley,2025-08,Shoplifting,141
Bexley,2025-08,Theft from the person,15
Bexley,2025-08,Vehicle crime,139
Bexley,2025-08,Violence and sexual offences,521
Bexley,2025-09,Anti-social behaviour,309
Bexley,2025-09,Bicycle theft,7
Bexley,2025-09,Burglary,62
Bexley,2025-09,Criminal damage and arson,117
Bexley,2025-09,Drugs,76
Bexley,2025-09,Other crime,17
Bexley,2025-09,Other theft,108
Bexley,2025-09,Possession of weapons,10
Bexley,2025-09,Public order,107
Bexley,2025-09,Robbery,31
Bexley,2025-09,Shoplifting,139
Bexley,2025-09,Theft from the person,23
Bexley,2025-09,Vehicle crime,113
Bexley,2025-09,Violence and sexual offences,513
Bexley,2025-10,Anti-social behaviour,342
Bexley,2025-10,Bicycle theft,2
Bexley,2025-10,Burglary,78
Bexley,2025-10,Criminal damage and arson,119
Bexley,2025-10,Drugs,84
Bexley,2025-10,Other crime,23
Bexley,2025-10,Other theft,101
Bexley,2025-10,Possession of weapons,9
Bexley,2025-10,Public order,113
Bexley,2025-10,Robbery,31
Bexley,2025-10,Shoplifting,152
Bexley,2025-10,Theft from the person,20
Bexley,2025-10,Vehicle crime,168
Bexley,2025-10,Violence and sexual offences,483
Bexley,2025-11,Anti-social behaviour,295
Bexley,2025-11,Bicycle theft,7
Bexley,2025-11,Burglary,88
Bexley,2025-11,Criminal damage and arson,164
Bexley,2025-11,Drugs,75
Bexley,2025-11,Other crime,14
Bexley,2025-11,Other theft,100
Bexley,2025-11,Possession of weapons,13
Bexley,2025-11,Public order,102
Bexley,2025-11,Robbery,16
Bexley,2025-11,Shoplifting,107
Bexley,2025-11,Theft from the person,20
Bexley,2025-11,Vehicle crime,133
Bexley,2025-11,Violence and sexual offences,474
Bexley,2025-12,Anti-social behaviour,272
Bexley,2025-12,Bicycle theft,3
Bexley,2025-12,Burglary,63
Bexley,2025-12,Criminal damage and arson,133
Bexley,2025-12,Drugs,129
Bexley,2025-12,Other crime,26
Bexley,2025-12,Other theft,84
Bexley,2025-12,Possession of weapons,9
Bexley,2025-12,Public order,82
Bexley,2025-12,Robbery,29
Bexley,2025-12,Shoplifting,91
Bexley,2025-12,Theft from the person,17
Bexley,2025-12,Vehicle crime,149
Bexley,2025-12,Violence and sexual offences,505
Brent,2024-12,Anti-social behaviour,711
Brent,2024-12,Bicycle theft,17
Brent,2024-12,Burglary,189
Brent,2024-12,Criminal damage and arson,145
Brent,2024-12,Drugs,169
Brent,2024-12,Other crime,32
Brent,2024-12,Other theft,269
Brent,2024-12,Possession of weapons,9
Brent,2024-12,Public order,118
Brent,2024-12,Robbery,91
Brent,2024-12,Shoplifting,258
Brent,2024-12,Theft from the person,186
Brent,2024-12,Vehicle crime,253
Brent,2024-12,Violence and sexual offences,785
Brent,2025-01,Anti-social behaviour,751
Brent,2025-01,Bicycle theft,18
Brent,2025-01,Burglary,141
Brent,2025-01,Criminal damage and arson,154
Brent,2025-01,Drugs,172
Brent,2025-01,Other crime,32
Brent,2025-01,Other theft,259
Brent,2025-01,Possession of weapons,14
Brent,2025-01,Public order,155
Brent,2025-01,Robbery,95
Brent,2025-01,Shoplifting,313
Brent,2025-01,Theft from the person,166
Brent,2025-01,Vehicle crime,248
Brent,2025-01,Violence and sexual offences,771
Brent,2025-02,Anti-social behaviour,668
Brent,2025-02,Bicycle theft,16
Brent,2025-02,Burglary,135
Brent,2025-02,Criminal damage and arson,125
Brent,2025-02,Drugs,159
Brent,2025-02,Other crime,37
Brent,2025-02,Other theft,248
Brent,2025-02,Possession of weapons,17
Brent,2025-02,Public order,124
Brent,2025-02,Robbery,72
Brent,2025-02,Shoplifting,252
Brent,2025-02,Theft from the person,275
Brent,2025-02,Vehicle crime,218
Brent,2025-02,Violence and sexual offences,719
Brent,2025-03,Anti-social behaviour,803
Brent,2025-03,Bicycle theft,18
Brent,2025-03,Burglary,134
Brent,2025-03,Criminal damage and arson,176
Brent,2025-03,Drugs,181
Brent,2025-03,Other crime,37
Brent,2025-03,Other theft,260
Brent,2025-03,Possession of weapons,13
Brent,2025-03,Public order,175
Brent,2025-03,Robbery,84
Brent,2025-03,Shoplifting,245
Brent,2025-03,Theft from the person,262
Brent,2025-03,Vehicle crime,215
Brent,2025-03,Violence and sexual offences,850
Brent,2025-04,Anti-social behaviour,848
Brent,2025-04,Bicycle theft,21
Brent,2025-04,Burglary,113
Brent,2025-04,Criminal damage and arson,169
Brent,2025-04,Drugs,181
Brent,2025-04,Other crime,36
Brent,2025-04,Other theft,253
Brent,2025-04,Possession of weapons,24
Brent,2025-04,Public order,145
Brent,2025-04,Robbery,92
Brent,2025-04,Shoplifting,252
Brent,2025-04,Theft from the person,200
Brent,2025-04,Vehicle crime,209
Brent,2025-04,Violence and sexual offences,838
Brent,2025-05,Anti-social behaviour,1015
Brent,2025-05,Bicycle theft,30
Brent,2025-05,Burglary,122
Brent,2025-05,Criminal damage and arson,187
Brent,2025-05,Drugs,225
Brent,2025-05,Other crime,29
Brent,2025-05,Other theft,257
Brent,2025-05,Possession of weapons,14
Brent,2025-05,Public order,202
Brent,2025-05,Robbery,92
Brent,2025-05,Shoplifting,282
Brent,2025-05,Theft from the person,173
Brent,2025-05,Vehicle crime,259
Brent,2025-05,Violence and sexual offences,972
Brent,2025-06,Anti-social behaviour,991
Brent,2025-06,Bicycle theft,26
Brent,2025-06,Burglary,102
Brent,2025-06,Criminal damage and arson,173
Brent,2025-06,Drugs,241
Brent,2025-06,Other crime,35
Brent,2025-06,Other theft,249
Brent,2025-06,Possession of weapons,22
Brent,2025-06,Public order,210
Brent,2025-06,Robbery,130
Brent,2025-06,Shoplifting,266
Brent,2025-06,Theft from the person,141
Brent,2025-06,Vehicle crime,267
Brent,2025-06,Violence and sexual offences,1003
Brent,2025-07,Anti-social behaviour,1121
Brent,2025-07,Bicycle theft,27
Brent,2025-07,Burglary,136
Brent,2025-07,Criminal damage and arson,195
Brent,2025-07,Drugs,242
Brent,2025-07,Other crime,37
Brent,2025-07,Other theft,289
Brent,2025-07,Possession of weapons,21
Brent,2025-07,Public order,275
Brent,2025-07,Robbery,144
Brent,2025-07,Shoplifting,328
Brent,2025-07,Theft from the person,187
Brent,2025-07,Vehicle crime,279
Brent,2025-07,Violence and sexual offences,1024
Brent,2025-08,Anti-social behaviour,1002
Brent,2025-08,Bicycle theft,21
Brent,2025-08,Burglary,131
Brent,2025-08,Criminal damage and arson,157
Brent,2025-08,Drugs,306
Brent,2025-08,Other crime,41
Brent,2025-08,Other theft,261
Brent,2025-08,Possession of weapons,23
Brent,2025-08,Public order,196
Brent,2025-08,Robbery,112
Brent,2025-08,Shoplifting,331
Brent,2025-08,Theft from the person,164
Brent,2025-08,Vehicle crime,249
Brent,2025-08,Violence and sexual offences,939
Brent,2025-09,Anti-social behaviour,842
Brent,2025-09,Bicycle theft,20
Brent,2025-09,Burglary,130
Brent,2025-09,Criminal damage and arson,169
Brent,2025-09,Drugs,319
Brent,2025-09,Other crime,40
Brent,2025-09,Other theft,270
Brent,2025-09,Possession of weapons,17
Brent,2025-09,Public order,216
Brent,2025-09,Robbery,99
Brent,2025-09,Shoplifting,277
Brent,2025-09,Theft from the person,154
Brent,2025-09,Vehicle crime,254
Brent,2025-09,Violence and sexual offences,828
Brent,2025-10,Anti-social behaviour,982
Brent,2025-10,Bicycle theft,25
Brent,2025-10,Burglary,129
Brent,2025-10,Criminal damage and arson,188
Brent,2025-10,Drugs,356
Brent,2025-10,Other crime,40
Brent,2025-10,Other theft,304
Brent,2025-10,Possession of weapons,20
Brent,2025-10,Public order,194
Brent,2025-10,Robbery,99
Brent,2025-10,Shoplifting,204
Brent,2025-10,Theft from the person,241
Brent,2025-10,Vehicle crime,274
Brent,2025-10,Violence and sexual offences,938
Brent,2025-11,Anti-social behaviour,725
Brent,2025-11,Bicycle theft,25
Brent,2025-11,Burglary,184
Brent,2025-11,Criminal damage and arson,166
Brent,2025-11,Drugs,264
Brent,2025-11,Other crime,31
Brent,2025-11,Other theft,271
Brent,2025-11,Possession of weapons,10
Brent,2025-11,Public order,180
Brent,2025-11,Robbery,98
Brent,2025-11,Shoplifting,209
Brent,2025-11,Theft from the person,197
Brent,2025-11,Vehicle crime,254
Brent,2025-11,Violence and sexual offences,818
Brent,2025-12,Anti-social behaviour,664
Brent,2025-12,Bicycle theft,14
Brent,2025-12,Burglary,150
Brent,2025-12,Criminal damage and arson,142
Brent,2025-12,Drugs,182
Brent,2025-12,Other crime,29
Brent,2025-12,Other theft,269
Brent,2025-12,Possession of weapons,22
Brent,2025-12,Public order,170
Brent,2025-12,Robbery,113
Brent,2025-12,Shoplifting,234
Brent,2025-12,Theft from the person,168
Brent,2025-12,Vehicle crime,207
Brent,2025-12,Violence and sexual offences,832
Bromley,2024-12,Anti-social behaviour,383
Bromley,2024-12,Bicycle theft,4
Bromley,2024-12,Burglary,178
Bromley,2024-12,Criminal damage and arson,128
Bromley,2024-12,Drugs,79
Bromley,2024-12,Other crime,24
Bromley,2024-12,Other theft,188
Bromley,2024-12,Possession of weapons,9
Bromley,2024-12,Public order,126
Bromley,2024-12,Robbery,52
Bromley,2024-12,Shoplifting,256
Bromley,2024-12,Theft from the person,70
Bromley,2024-12,Vehicle crime,261
Bromley,2024-12,Violence and sexual offences,579
Bromley,2025-01,Anti-social behaviour,400
Bromley,2025-01,Bicycle theft,5
Bromley,2025-01,Burglary,164
Bromley,2025-01,Criminal damage and arson,157
Bromley,2025-01,Drugs,79
Bromley,2025-01,Other crime,32
Bromley,2025-01,Other theft,177
Bromley,2025-01,Possession of weapons,8
Bromley,2025-01,Public order,116
Bromley,2025-01,Robbery,51
Bromley,2025-01,Shoplifting,247
Bromley,2025-01,Theft from the person,43
Bromley,2025-01,Vehicle crime,280
Bromley,2025-01,Violence and sexual offences,578
Bromley,2025-02,Anti-social behaviour,386
Bromley,2025-02,Bicycle theft,4
Bromley,2025-02,Burglary,104
Bromley,2025-02,Criminal damage and arson,183
Bromley,2025-02,Drugs,64
Bromley,2025-02,Other crime,34
Bromley,2025-02,Other theft,146
Bromley,2025-02,Possession of weapons,8
Bromley,2025-02,Public order,118
Bromley,2025-02,Robbery,37
Bromley,2025-02,Shoplifting,243
Bromley,2025-02,Theft from the person,48
Bromley,2025-02,Vehicle crime,264
Bromley,2025-02,Violence and sexual offences,600
Bromley,2025-03,Anti-social behaviour,471
Bromley,2025-03,Bicycle theft,6
Bromley,2025-03,Burglary,115
Bromley,2025-03,Criminal damage and arson,175
Bromley,2025-03,Drugs,99
Bromley,2025-03,Other crime,22
Bromley,2025-03,Other theft,120
Bromley,2025-03,Possession of weapons,11
Bromley,2025-03,Public order,146
Bromley,2025-03,Robbery,38
Bromley,2025-03,Shoplifting,269
Bromley,2025-03,Theft from the person,60
Bromley,2025-03,Vehicle crime,260
Bromley,2025-03,Violence and sexual offences,603
Bromley,2025-04,Anti-social behaviour,508
Bromley,2025-04,Bicycle theft,7
Bromley,2025-04,Burglary,115
Bromley,2025-04,Criminal damage and arson,191
Bromley,2025-04,Drugs,97
Bromley,2025-04,Other crime,26
Bromley,2025-04,Other theft,130
Bromley,2025-04,Possession of weapons,9
Bromley,2025-04,Public order,146
Bromley,2025-04,Robbery,55
Bromley,2025-04,Shoplifting,341
Bromley,2025-04,Theft from the person,53
Bromley,2025-04,Vehicle crime,243
Bromley,2025-04,Violence and sexual offences,609
Bromley,2025-05,Anti-social behaviour,500
Bromley,2025-05,Bicycle theft,16
Bromley,2025-05,Burglary,100
Bromley,2025-05,Criminal damage and arson,154
Bromley,2025-05,Drugs,104
Bromley,2025-05,Other crime,14
Bromley,2025-05,Other theft,154
Bromley,2025-05,Possession of weapons,8
Bromley,2025-05,Public order,124
Bromley,2025-05,Robbery,44
Bromley,2025-05,Shoplifting,324
Bromley,2025-05,Theft from the person,47
Bromley,2025-05,Vehicle crime,252
Bromley,2025-05,Violence and sexual offences,676
Bromley,2025-06,Anti-social behaviour,499
Bromley,2025-06,Bicycle theft,13
Bromley,2025-06,Burglary,90
Bromley,2025-06,Criminal damage and arson,173
Bromley,2025-06,Drugs,85
Bromley,2025-06,Other crime,37
Bromley,2025-06,Other theft,135
Bromley,2025-06,Possession of weapons,19
Bromley,2025-06,Public order,172
Bromley,2025-06,Robbery,63
Bromley,2025-06,Shoplifting,172
Bromley,2025-06,Theft from the person,40
Bromley,2025-06,Vehicle crime,284
Bromley,2025-06,Violence and sexual offences,695
Bromley,2025-07,Anti-social behaviour,558
Bromley,2025-07,Bicycle theft,13
Bromley,2025-07,Burglary,79
Bromley,2025-07,Criminal damage and arson,269
Bromley,2025-07,Drugs,113
Bromley,2025-07,Other crime,27
Bromley,2025-07,Other theft,181
Bromley,2025-07,Possession of weapons,12
Bromley,2025-07,Public order,191
Bromley,2025-07,Robbery,59
Bromley,2025-07,Shoplifting,188
Bromley,2025-07,Theft from the person,54
Bromley,2025-07,Vehicle crime,284
Bromley,2025-07,Violence and sexual offences,737
Bromley,2025-08,Anti-social behaviour,567
Bromley,2025-08,Bicycle theft,22
Bromley,2025-08,Burglary,69
Bromley,2025-08,Criminal damage and arson,222
Bromley,2025-08,Drugs,116
Bromley,2025-08,Other crime,40
Bromley,2025-08,Other theft,171
Bromley,2025-08,Possession of weapons,15
Bromley,2025-08,Public order,191
Bromley,2025-08,Robbery,51
Bromley,2025-08,Shoplifting,218
Bromley,2025-08,Theft from the person,64
Bromley,2025-08,Vehicle crime,292
Bromley,2025-08,Violence and sexual offences,574
Bromley,2025-09,Anti-social behaviour,432
Bromley,2025-09,Bicycle theft,15
Bromley,2025-09,Burglary,105
Bromley,2025-09,Criminal damage and arson,194
Bromley,2025-09,Drugs,116
Bromley,2025-09,Other crime,24
Bromley,2025-09,Other theft,171
Bromley,2025-09,Possession of weapons,19
Bromley,2025-09,Public order,136
Bromley,2025-09,Robbery,56
Bromley,2025-09,Shoplifting,227
Bromley,2025-09,Theft from the person,59
Bromley,2025-09,Vehicle crime,307
Bromley,2025-09,Violence and sexual offences,563
Bromley,2025-10,Anti-social behaviour,427
Bromley,2025-10,Bicycle theft,22
Bromley,2025-10,Burglary,104
Bromley,2025-10,Criminal damage and arson,139
Bromley,2025-10,Drugs,92
Bromley,2025-10,Other crime,27
Bromley,2025-10,Other theft,148
Bromley,2025-10,Possession of weapons,10
Bromley,2025-10,Public order,142
Bromley,2025-10,Robbery,42
Bromley,2025-10,Shoplifting,235
Bromley,2025-10,Theft from the person,46
Bromley,2025-10,Vehicle crime,344
Bromley,2025-10,Violence and sexual offences,623
Bromley,2025-11,Anti-social behaviour,421
Bromley,2025-11,Bicycle theft,5
Bromley,2025-11,Burglary,145
Bromley,2025-11,Criminal damage and arson,172
Bromley,2025-11,Drugs,88
Bromley,2025-11,Other crime,37
Bromley,2025-11,Other theft,149
Bromley,2025-11,Possession of weapons,22
Bromley,2025-11,Public order,133
Bromley,2025-11,Robbery,76
Bromley,2025-11,Shoplifting,214
Bromley,2025-11,Theft from the person,48
Bromley,2025-11,Vehicle crime,290
Bromley,2025-11,Violence and sexual offences,626
Bromley,2025-12,Anti-social behaviour,421
Bromley,2025-12,Bicycle theft,6
Bromley,2025-12,Burglary,121
Bromley,2025-12,Criminal damage and arson,148
Bromley,2025-12,Drugs,125
Bromley,2025-12,Other crime,40
Bromley,2025-12,Other theft,187
Bromley,2025-12,Possession of weapons,10
Bromley,2025-12,Public order,125
Bromley,2025-12,Robbery,52
Bromley,2025-12,Shoplifting,184
Bromley,2025-12,Theft from the person,44
Bromley,2025-12,Vehicle crime,227
Bromley,2025-12,Violence and sexual offences,662
Camden,2024-12,Anti-social behaviour,657
Camden,2024-12,Bicycle theft,46
Camden,2024-12,Burglary,204
Camden,2024-12,Criminal damage and arson,138
Camden,2024-12,Drugs,137
Camden,2024-12,Other crime,21
Camden,2024-12,Other theft,604
Camden,2024-12,Possession of weapons,6
Camden,2024-12,Public order,164
Camden,2024-12,Robbery,166
Camden,2024-12,Shoplifting,279
Camden,2024-12,Theft from the person,882
Camden,2024-12,Vehicle crime,254
Camden,2024-12,Violence and sexual offences,671
Camden,2025-01,Anti-social behaviour,704
Camden,2025-01,Bicycle theft,69
Camden,2025-01,Burglary,220
Camden,2025-01,Criminal damage and arson,118
Camden,2025-01,Drugs,144
Camden,2025-01,Other crime,14
Camden,2025-01,Other theft,551
Camden,2025-01,Possession of weapons,7
Camden,2025-01,Public order,183
Camden,2025-01,Robbery,120
Camden,2025-01,Shoplifting,264
Camden,2025-01,Theft from the person,678
Camden,2025-01,Vehicle crime,196
Camden,2025-01,Violence and sexual offences,567
Camden,2025-02,Anti-social behaviour,688
Camden,2025-02,Bicycle theft,60
Camden,2025-02,Burglary,177
Camden,2025-02,Criminal damage and arson,116
Camden,2025-02,Drugs,142
Camden,2025-02,Other crime,23
Camden,2025-02,Other theft,587
Camden,2025-02,Possession of weapons,12
Camden,2025-02,Public order,148
Camden,2025-02,Robbery,145
Camden,2025-02,Shoplifting,266
Camden,2025-02,Theft from the person,933
Camden,2025-02,Vehicle crime,219
Camden,2025-02,Violence and sexual offences,542
Camden,2025-03,Anti-social behaviour,712
Camden,2025-03,Bicycle theft,66
Camden,2025-03,Burglary,192
Camden,2025-03,Criminal damage and arson,114
Camden,2025-03,Drugs,150
Camden,2025-03,Other crime,30
Camden,2025-03,Other theft,572
Camden,2025-03,Possession of weapons,19
Camden,2025-03,Public order,181
Camden,2025-03,Robbery,106
Camden,2025-03,Shoplifting,310
Camden,2025-03,Theft from the person,729
Camden,2025-03,Vehicle crime,223
Camden,2025-03,Violence and sexual offences,611
Camden,2025-04,Anti-social behaviour,750
Camden,2025-04,Bicycle theft,89
Camden,2025-04,Burglary,176
Camden,2025-04,Criminal damage and arson,132
Camden,2025-04,Drugs,131
Camden,2025-04,Other crime,31
Camden,2025-04,Other theft,615
Camden,2025-04,Possession of weapons,12
Camden,2025-04,Public order,179
Camden,2025-04,Robbery,100
Camden,2025-04,Shoplifting,312
Camden,2025-04,Theft from the person,653
Camden,2025-04,Vehicle crime,201
Camden,2025-04,Violence and sexual offences,571
Camden,2025-05,Anti-social behaviour,864
Camden,2025-05,Bicycle theft,103
Camden,2025-05,Burglary,151
Camden,2025-05,Criminal damage and arson,166
Camden,2025-05,Drugs,153
Camden,2025-05,Other crime,20
Camden,2025-05,Other theft,551
Camden,2025-05,Possession of weapons,13
Camden,2025-05,Public order,244
Camden,2025-05,Robbery,114
Camden,2025-05,Shoplifting,336
Camden,2025-05,Theft from the person,577
Camden,2025-05,Vehicle crime,206
Camden,2025-05,Violence and sexual offences,668
Camden,2025-06,Anti-social behaviour,927
Camden,2025-06,Bicycle theft,79
Camden,2025-06,Burglary,154
Camden,2025-06,Criminal damage and arson,155
Camden,2025-06,Drugs,116
Camden,2025-06,Other crime,16
Camden,2025-06,Other theft,539
Camden,2025-06,Possession of weapons,7
Camden,2025-06,Public order,229
Camden,2025-06,Robbery,127
Camden,2025-06,Shoplifting,385
Camden,2025-06,Theft from the person,573
Camden,2025-06,Vehicle crime,185
Camden,2025-06,Violence and sexual offences,672
Camden,2025-07,Anti-social behaviour,931
Camden,2025-07,Bicycle theft,98
Camden,2025-07,Burglary,156
Camden,2025-07,Criminal damage and arson,165
Camden,2025-07,Drugs,114
Camden,2025-07,Other crime,31
Camden,2025-07,Other theft,640
Camden,2025-07,Possession of weapons,14
Camden,2025-07,Public order,226
Camden,2025-07,Robbery,123
Camden,2025-07,Shoplifting,378
Camden,2025-07,Theft from the person,608
Camden,2025-07,Vehicle crime,217
Camden,2025-07,Violence and sexual offences,738
Camden,2025-08,Anti-social behaviour,788
Camden,2025-08,Bicycle theft,74
Camden,2025-08,Burglary,197
Camden,2025-08,Criminal damage and arson,143
Camden,2025-08,Drugs,125
Camden,2025-08,Other crime,12
Camden,2025-08,Other theft,574
Camden,2025-08,Possession of weapons,13
Camden,2025-08,Public order,182
Camden,2025-08,Robbery,125
Camden,2025-08,Shoplifting,387
Camden,2025-08,Theft from the person,481
Camden,2025-08,Vehicle crime,248
Camden,2025-08,Violence and sexual offences,653
Camden,2025-09,Anti-social behaviour,661
Camden,2025-09,Bicycle theft,80
Camden,2025-09,Burglary,197
Camden,2025-09,Criminal damage and arson,144
Camden,2025-09,Drugs,114
Camden,2025-09,Other crime,17
Camden,2025-09,Other theft,610
Camden,2025-09,Possession of weapons,14
Camden,2025-09,Public order,218
Camden,2025-09,Robbery,125
Camden,2025-09,Shoplifting,350
Camden,2025-09,Theft from the person,503
Camden,2025-09,Vehicle crime,243
Camden,2025-09,Violence and sexual offences,675
Camden,2025-10,Anti-social behaviour,791
Camden,2025-10,Bicycle theft,72
Camden,2025-10,Burglary,213
Camden,2025-10,Criminal damage and arson,152
Camden,2025-10,Drugs,106
Camden,2025-10,Other crime,17
Camden,2025-10,Other theft,665
Camden,2025-10,Possession of weapons,8
Camden,2025-10,Public order,244
Camden,2025-10,Robbery,101
Camden,2025-10,Shoplifting,253
Camden,2025-10,Theft from the person,531
Camden,2025-10,Vehicle crime,177
Camden,2025-10,Violence and sexual offences,742
Camden,2025-11,Anti-social behaviour,764
Camden,2025-11,Bicycle theft,65
Camden,2025-11,Burglary,215
Camden,2025-11,Criminal damage and arson,126
Camden,2025-11,Drugs,172
Camden,2025-11,Other crime,14
Camden,2025-11,Other theft,586
Camden,2025-11,Possession of weapons,12
Camden,2025-11,Public order,220
Camden,2025-11,Robbery,114
Camden,2025-11,Shoplifting,308
Camden,2025-11,Theft from the person,634
Camden,2025-11,Vehicle crime,199
Camden,2025-11,Violence and sexual offences,695
Camden,2025-12,Anti-social behaviour,713
Camden,2025-12,Bicycle theft,60
Camden,2025-12,Burglary,205
Camden,2025-12,Criminal damage and arson,120
Camden,2025-12,Drugs,144
Camden,2025-12,Other crime,23
Camden,2025-12,Other theft,639
Camden,2025-12,Possession of weapons,8
Camden,2025-12,Public order,189
Camden,2025-12,Robbery,97
Camden,2025-12,Shoplifting,334
Camden,2025-12,Theft from the person,556
Camden,2025-12,Vehicle crime,184
Camden,2025-12,Violence and sexual offences,628
City of London,2024-12,Anti-social behaviour,4
City of London,2024-12,Burglary,4
City of London,2024-12,Criminal damage and arson,4
City of London,2024-12,Drugs,3
City of London,2024-12,Other theft,48
City of London,2024-12,Public order,3
City of London,2024-12,Robbery,8
City of London,2024-12,Shoplifting,21
City of London,2024-12,Theft from the person,43
City of London,2024-12,Vehicle crime,1
City of London,2024-12,Violence and sexual offences,24
City of London,2025-01,Anti-social behaviour,9
City of London,2025-01,Burglary,9
City of London,2025-01,Criminal damage and arson,3
City of London,2025-01,Drugs,2
City of London,2025-01,Other theft,26
City of London,2025-01,Possession of weapons,1
City of London,2025-01,Public order,5
City of London,2025-01,Robbery,5
City of London,2025-01,Shoplifting,23
City of London,2025-01,Theft from the person,32
City of London,2025-01,Vehicle crime,1
City of London,2025-01,Violence and sexual offences,20
City of London,2025-02,Anti-social behaviour,9
City of London,2025-02,Bicycle theft,2
City of London,2025-02,Burglary,7
City of London,2025-02,Criminal damage and arson,4
City of London,2025-02,Drugs,2
City of London,2025-02,Other crime,1
City of London,2025-02,Other theft,33
City of London,2025-02,Public order,3
City of London,2025-02,Robbery,4
City of London,2025-02,Shoplifting,17
City of London,2025-02,Theft from the person,43
City of London,2025-02,Vehicle crime,3
City of London,2025-02,Violence and sexual offences,15
City of London,2025-03,Anti-social behaviour,4
City of London,2025-03,Bicycle theft,7
City of London,2025-03,Burglary,3
City of London,2025-03,Criminal damage and arson,3
City of London,2025-03,Drugs,1
City of London,2025-03,Other theft,34
City of London,2025-03,Public order,3
City of London,2025-03,Robbery,3
City of London,2025-03,Shoplifting,17
City of London,2025-03,Theft from the person,40
City of London,2025-03,Vehicle crime,4
City of London,2025-03,Violence and sexual offences,22
City of London,2025-04,Anti-social behaviour,7
City of London,2025-04,Bicycle theft,3
City of London,2025-04,Burglary,8
City of London,2025-04,Criminal damage and arson,4
City of London,2025-04,Drugs,3
City of London,2025-04,Other theft,52
City of London,2025-04,Possession of weapons,1
City of London,2025-04,Public order,6
City of London,2025-04,Robbery,3
City of London,2025-04,Shoplifting,30
City of London,2025-04,Theft from the person,53
City of London,2025-04,Vehicle crime,5
City of London,2025-04,Violence and sexual offences,15
City of London,2025-05,Anti-social behaviour,6
City of London,2025-05,Bicycle theft,4
City of London,2025-05,Burglary,6
City of London,2025-05,Criminal damage and arson,3
City of London,2025-05,Drugs,5
City of London,2025-05,Other crime,2
City of London,2025-05,Other theft,48
City of London,2025-05,Public order,2
City of London,2025-05,Robbery,4
City of London,2025-05,Shoplifting,23
City of London,2025-05,Theft from the person,38
City of London,2025-05,Vehicle crime,2
City of London,2025-05,Violence and sexual offences,31
City of London,2025-06,Anti-social behaviour,6
City of London,2025-06,Bicycle theft,2
City of London,2025-06,Burglary,9
City of London,2025-06,Criminal damage and arson,7
City of London,2025-06,Drugs,13
City of London,2025-06,Other theft,48
City of London,2025-06,Public order,7
City of London,2025-06,Robbery,9
City of London,2025-06,Shoplifting,35
City of London,2025-06,Theft from the person,34
City of London,2025-06,Vehicle crime,3
City of London,2025-06,Violence and sexual offences,23
City of London,2025-07,Anti-social behaviour,5
City of London,2025-07,Bicycle theft,5
City of London,2025-07,Burglary,6
City of London,2025-07,Criminal damage and arson,6
City of London,2025-07,Drugs,17
City of London,2025-07,Other theft,48
City of London,2025-07,Public order,10
City of London,2025-07,Robbery,13
City of London,2025-07,Shoplifting,39
City of London,2025-07,Theft from the person,46
City of London,2025-07,Vehicle crime,2
City of London,2025-07,Violence and sexual offences,15
City of London,2025-08,Anti-social behaviour,1
City of London,2025-08,Bicycle theft,7
City of London,2025-08,Burglary,4
City of London,2025-08,Criminal damage and arson,6
City of London,2025-08,Drugs,6
City of London,2025-08,Other theft,52
City of London,2025-08,Possession of weapons,2
City of London,2025-08,Public order,4
City of London,2025-08,Robbery,11
City of London,2025-08,Shoplifting,37
City of London,2025-08,Theft from the person,38
City of London,2025-08,Vehicle crime,6
City of London,2025-08,Violence and sexual offences,20
City of London,2025-09,Anti-social behaviour,7
City of London,2025-09,Burglary,10
City of London,2025-09,Criminal damage and arson,2
City of London,2025-09,Drugs,11
City of London,2025-09,Other theft,31
City of London,2025-09,Possession of weapons,1
City of London,2025-09,Public order,6
City of London,2025-09,Robbery,5
City of London,2025-09,Shoplifting,41
City of London,2025-09,Theft from the person,34
City of London,2025-09,Vehicle crime,1
City of London,2025-09,Violence and sexual offences,24
City of London,2025-10,Anti-social behaviour,5
City of London,2025-10,Bicycle theft,10
City of London,2025-10,Burglary,10
City of London,2025-10,Criminal damage and arson,4
City of London,2025-10,Drugs,6
City of London,2025-10,Other theft,87
City of London,2025-10,Public order,4
City of London,2025-10,Robbery,4
City of London,2025-10,Shoplifting,24
City of London,2025-10,Theft from the person,33
City of London,2025-10,Vehicle crime,4
City of London,2025-10,Violence and sexual offences,23
City of London,2025-11,Anti-social behaviour,3
City of London,2025-11,Bicycle theft,3
City of London,2025-11,Burglary,4
City of London,2025-11,Criminal damage and arson,2
City of London,2025-11,Drugs,11
City of London,2025-11,Other theft,60
City of London,2025-11,Public order,4
City of London,2025-11,Robbery,1
City of London,2025-11,Shoplifting,27
City of London,2025-11,Theft from the person,31
City of London,2025-11,Vehicle crime,4
City of London,2025-11,Violence and sexual offences,25
City of London,2025-12,Anti-social behaviour,4
City of London,2025-12,Bicycle theft,5
City of London,2025-12,Burglary,5
City of London,2025-12,Criminal damage and arson,6
City of London,2025-12,Drugs,8
City of London,2025-12,Other theft,57
City of London,2025-12,Possession of weapons,1
City of London,2025-12,Public order,7
City of London,2025-12,Robbery,10
City of London,2025-12,Shoplifting,23
City of London,2025-12,Theft from the person,39
City of London,2025-12,Vehicle crime,8
City of London,2025-12,Violence and sexual offences,23
Croydon,2024-12,Anti-social behaviour,526
Croydon,2024-12,Bicycle theft,13
Croydon,2024-12,Burglary,206
Croydon,2024-12,Criminal damage and arson,241
Croydon,2024-12,Drugs,282
Croydon,2024-12,Other crime,56
Croydon,2024-12,Other theft,260
Croydon,2024-12,Possession of weapons,19
Croydon,2024-12,Public order,165
Croydon,2024-12,Robbery,93
Croydon,2024-12,Shoplifting,216
Croydon,2024-12,Theft from the person,74
Croydon,2024-12,Vehicle crime,303
Croydon,2024-12,Violence and sexual offences,970
Croydon,2025-01,Anti-social behaviour,629
Croydon,2025-01,Bicycle theft,16
Croydon,2025-01,Burglary,183
Croydon,2025-01,Criminal damage and arson,205
Croydon,2025-01,Drugs,234
Croydon,2025-01,Other crime,55
Croydon,2025-01,Other theft,231
Croydon,2025-01,Possession of weapons,17
Croydon,2025-01,Public order,137
Croydon,2025-01,Robbery,63
Croydon,2025-01,Shoplifting,268
Croydon,2025-01,Theft from the person,70
Croydon,2025-01,Vehicle crime,312
Croydon,2025-01,Violence and sexual offences,991
Croydon,2025-02,Anti-social behaviour,577
Croydon,2025-02,Bicycle theft,17
Croydon,2025-02,Burglary,142
Croydon,2025-02,Criminal damage and arson,190
Croydon,2025-02,Drugs,203
Croydon,2025-02,Other crime,46
Croydon,2025-02,Other theft,197
Croydon,2025-02,Possession of weapons,23
Croydon,2025-02,Public order,182
Croydon,2025-02,Robbery,90
Croydon,2025-02,Shoplifting,240
Croydon,2025-02,Theft from the person,78
Croydon,2025-02,Vehicle crime,279
Croydon,2025-02,Violence and sexual offences,896
Croydon,2025-03,Anti-social behaviour,679
Croydon,2025-03,Bicycle theft,23
Croydon,2025-03,Burglary,137
Croydon,2025-03,Criminal damage and arson,207
Croydon,2025-03,Drugs,255
Croydon,2025-03,Other crime,44
Croydon,2025-03,Other theft,221
Croydon,2025-03,Possession of weapons,12
Croydon,2025-03,Public order,188
Croydon,2025-03,Robbery,86
Croydon,2025-03,Shoplifting,252
Croydon,2025-03,Theft from the person,55
Croydon,2025-03,Vehicle crime,278
Croydon,2025-03,Violence and sexual offences,1086
Croydon,2025-04,Anti-social behaviour,742
Croydon,2025-04,Bicycle theft,12
Croydon,2025-04,Burglary,133
Croydon,2025-04,Criminal damage and arson,215
Croydon,2025-04,Drugs,256
Croydon,2025-04,Other crime,51
Croydon,2025-04,Other theft,210
Croydon,2025-04,Possession of weapons,24
Croydon,2025-04,Public order,198
Croydon,2025-04,Robbery,79
Croydon,2025-04,Shoplifting,317
Croydon,2025-04,Theft from the person,59
Croydon,2025-04,Vehicle crime,284
Croydon,2025-04,Violence and sexual offences,945
Croydon,2025-05,Anti-social behaviour,833
Croydon,2025-05,Bicycle theft,17
Croydon,2025-05,Burglary,143
Croydon,2025-05,Criminal damage and arson,233
Croydon,2025-05,Drugs,245
Croydon,2025-05,Other crime,61
Croydon,2025-05,Other theft,213
Croydon,2025-05,Possession of weapons,17
Croydon,2025-05,Public order,209
Croydon,2025-05,Robbery,110
Croydon,2025-05,Shoplifting,285
Croydon,2025-05,Theft from the person,79
Croydon,2025-05,Vehicle crime,270
Croydon,2025-05,Violence and sexual offences,1101
Croydon,2025-06,Anti-social behaviour,864
Croydon,2025-06,Bicycle theft,14
Croydon,2025-06,Burglary,142
Croydon,2025-06,Criminal damage and arson,175
Croydon,2025-06,Drugs,181
Croydon,2025-06,Other crime,45
Croydon,2025-06,Other theft,244
Croydon,2025-06,Possession of weapons,27
Croydon,2025-06,Public order,237
Croydon,2025-06,Robbery,106
Croydon,2025-06,Shoplifting,231
Croydon,2025-06,Theft from the person,58
Croydon,2025-06,Vehicle crime,283
Croydon,2025-06,Violence and sexual offences,1156
Croydon,2025-07,Anti-social behaviour,969
Croydon,2025-07,Bicycle theft,14
Croydon,2025-07,Burglary,185
Croydon,2025-07,Criminal damage and arson,245
Croydon,2025-07,Drugs,156
Croydon,2025-07,Other crime,58
Croydon,2025-07,Other theft,257
Croydon,2025-07,Possession of weapons,24
Croydon,2025-07,Public order,241
Croydon,2025-07,Robbery,106
Croydon,2025-07,Shoplifting,252
Croydon,2025-07,Theft from the person,66
Croydon,2025-07,Vehicle crime,301
Croydon,2025-07,Violence and sexual offences,1206
Croydon,2025-08,Anti-social behaviour,958
Croydon,2025-08,Bicycle theft,19
Croydon,2025-08,Burglary,153
Croydon,2025-08,Criminal damage and arson,243
Croydon,2025-08,Drugs,170
Croydon,2025-08,Other crime,47
Croydon,2025-08,Other theft,207
Croydon,2025-08,Possession of weapons,20
Croydon,2025-08,Public order,222
Croydon,2025-08,Robbery,76
Croydon,2025-08,Shoplifting,280
Croydon,2025-08,Theft from the person,89
Croydon,2025-08,Vehicle crime,302
Croydon,2025-08,Violence and sexual offences,1067
Croydon,2025-09,Anti-social behaviour,752
Croydon,2025-09,Bicycle theft,14
Croydon,2025-09,Burglary,125
Croydon,2025-09,Criminal damage and arson,202
Croydon,2025-09,Drugs,170
Croydon,2025-09,Other crime,39
Croydon,2025-09,Other theft,216
Croydon,2025-09,Possession of weapons,26
Croydon,2025-09,Public order,215
Croydon,2025-09,Robbery,93
Croydon,2025-09,Shoplifting,292
Croydon,2025-09,Theft from the person,83
Croydon,2025-09,Vehicle crime,338
Croydon,2025-09,Violence and sexual offences,970
Croydon,2025-10,Anti-social behaviour,673
Croydon,2025-10,Bicycle theft,19
Croydon,2025-10,Burglary,145
Croydon,2025-10,Criminal damage and arson,228
Croydon,2025-10,Drugs,162
Croydon,2025-10,Other crime,38
Croydon,2025-10,Other theft,217
Croydon,2025-10,Possession of weapons,13
Croydon,2025-10,Public order,215
Croydon,2025-10,Robbery,90
Croydon,2025-10,Shoplifting,228
Croydon,2025-10,Theft from the person,46
Croydon,2025-10,Vehicle crime,332
Croydon,2025-10,Violence and sexual offences,998
Croydon,2025-11,Anti-social behaviour,628
Croydon,2025-11,Bicycle theft,18
Croydon,2025-11,Burglary,149
Croydon,2025-11,Criminal damage and arson,188
Croydon,2025-11,Drugs,175
Croydon,2025-11,Other crime,31
Croydon,2025-11,Other theft,226
Croydon,2025-11,Possession of weapons,31
Croydon,2025-11,Public order,199
Croydon,2025-11,Robbery,79
Croydon,2025-11,Shoplifting,221
Croydon,2025-11,Theft from the person,77
Croydon,2025-11,Vehicle crime,258
Croydon,2025-11,Violence and sexual offences,1006
Croydon,2025-12,Anti-social behaviour,609
Croydon,2025-12,Bicycle theft,18
Croydon,2025-12,Burglary,153
Croydon,2025-12,Criminal damage and arson,207
Croydon,2025-12,Drugs,170
Croydon,2025-12,Other crime,30
Croydon,2025-12,Other theft,220
Croydon,2025-12,Possession of weapons,18
Croydon,2025-12,Public order,191
Croydon,2025-12,Robbery,86
Croydon,2025-12,Shoplifting,226
Croydon,2025-12,Theft from the person,56
Croydon,2025-12,Vehicle crime,246
Croydon,2025-12,Violence and sexual offences,997
Ealing,2024-12,Anti-social behaviour,755
Ealing,2024-12,Bicycle theft,25
Ealing,2024-12,Burglary,167
Ealing,2024-12,Criminal damage and arson,126
Ealing,2024-12,Drugs,101
Ealing,2024-12,Other crime,33
Ealing,2024-12,Other theft,235
Ealing,2024-12,Possession of weapons,10
Ealing,2024-12,Public order,153
Ealing,2024-12,Robbery,61
Ealing,2024-12,Shoplifting,288
Ealing,2024-12,Theft from the person,80
Ealing,2024-12,Vehicle crime,356
Ealing,2024-12,Violence and sexual offences,878
Ealing,2025-01,Anti-social behaviour,759
Ealing,2025-01,Bicycle theft,25
Ealing,2025-01,Burglary,181
Ealing,2025-01,Criminal damage and arson,174
Ealing,2025-01,Drugs,104
Ealing,2025-01,Other crime,32
Ealing,2025-01,Other theft,208
Ealing,2025-01,Possession of weapons,9
Ealing,2025-01,Public order,171
Ealing,2025-01,Robbery,66
Ealing,2025-01,Shoplifting,269
Ealing,2025-01,Theft from the person,109
Ealing,2025-01,Vehicle crime,412
Ealing,2025-01,Violence and sexual offences,838
Ealing,2025-02,Anti-social behaviour,725
Ealing,2025-02,Bicycle theft,19
Ealing,2025-02,Burglary,166
Ealing,2025-02,Criminal damage and arson,161
Ealing,2025-02,Drugs,89
Ealing,2025-02,Other crime,30
Ealing,2025-02,Other theft,231
Ealing,2025-02,Possession of weapons,12
Ealing,2025-02,Public order,123
Ealing,2025-02,Robbery,75
Ealing,2025-02,Shoplifting,318
Ealing,2025-02,Theft from the person,87
Ealing,2025-02,Vehicle crime,354
Ealing,2025-02,Violence and sexual offences,787
Ealing,2025-03,Anti-social behaviour,916
Ealing,2025-03,Bicycle theft,19
Ealing,2025-03,Burglary,139
Ealing,2025-03,Criminal damage and arson,165
Ealing,2025-03,Drugs,113
Ealing,2025-03,Other crime,35
Ealing,2025-03,Other theft,186
Ealing,2025-03,Possession of weapons,10
Ealing,2025-03,Public order,185
Ealing,2025-03,Robbery,78
Ealing,2025-03,Shoplifting,365
Ealing,2025-03,Theft from the person,142
Ealing,2025-03,Vehicle crime,310
Ealing,2025-03,Violence and sexual offences,950
Ealing,2025-04,Anti-social behaviour,962
Ealing,2025-04,Bicycle theft,44
Ealing,2025-04,Burglary,114
Ealing,2025-04,Criminal damage and arson,181
Ealing,2025-04,Drugs,175
Ealing,2025-04,Other crime,42
Ealing,2025-04,Other theft,230
Ealing,2025-04,Possession of weapons,13
Ealing,2025-04,Public order,175
Ealing,2025-04,Robbery,61
Ealing,2025-04,Shoplifting,268
Ealing,2025-04,Theft from the person,146
Ealing,2025-04,Vehicle crime,314
Ealing,2025-04,Violence and sexual offences,903
Ealing,2025-05,Anti-social behaviour,952
Ealing,2025-05,Bicycle theft,31
Ealing,2025-05,Burglary,128
Ealing,2025-05,Criminal damage and arson,180
Ealing,2025-05,Drugs,176
Ealing,2025-05,Other crime,31
Ealing,2025-05,Other theft,224
Ealing,2025-05,Possession of weapons,14
Ealing,2025-05,Public order,205
Ealing,2025-05,Robbery,88
Ealing,2025-05,Shoplifting,181
Ealing,2025-05,Theft from the person,96
Ealing,2025-05,Vehicle crime,359
Ealing,2025-05,Violence and sexual offences,936
Ealing,2025-06,Anti-social behaviour,1008
Ealing,2025-06,Bicycle theft,34
Ealing,2025-06,Burglary,88
Ealing,2025-06,Criminal damage and arson,194
Ealing,2025-06,Drugs,226
Ealing,2025-06,Other crime,32
Ealing,2025-06,Other theft,221
Ealing,2025-06,Possession of weapons,25
Ealing,2025-06,Public order,219
Ealing,2025-06,Robbery,79
Ealing,2025-06,Shoplifting,237
Ealing,2025-06,Theft from the person,112
Ealing,2025-06,Vehicle crime,380
Ealing,2025-06,Violence and sexual offences,1007
Ealing,2025-07,Anti-social behaviour,1121
Ealing,2025-07,Bicycle theft,43
Ealing,2025-07,Burglary,121
Ealing,2025-07,Criminal damage and arson,202
Ealing,2025-07,Drugs,251
Ealing,2025-07,Other crime,37
Ealing,2025-07,Other theft,253
Ealing,2025-07,Possession of weapons,30
Ealing,2025-07,Public order,201
Ealing,2025-07,Robbery,98
Ealing,2025-07,Shoplifting,267
Ealing,2025-07,Theft from the person,117
Ealing,2025-07,Vehicle crime,332
Ealing,2025-07,Violence and sexual offences,1089
Ealing,2025-08,Anti-social behaviour,1042
Ealing,2025-08,Bicycle theft,29
Ealing,2025-08,Burglary,133
Ealing,2025-08,Criminal damage and arson,175
Ealing,2025-08,Drugs,159
Ealing,2025-08,Other crime,39
Ealing,2025-08,Other theft,231
Ealing,2025-08,Possession of weapons,10
Ealing,2025-08,Public order,224
Ealing,2025-08,Robbery,71
Ealing,2025-08,Shoplifting,248
Ealing,2025-08,Theft from the person,49
Ealing,2025-08,Vehicle crime,339
Ealing,2025-08,Violence and sexual offences,940
Ealing,2025-09,Anti-social behaviour,902
Ealing,2025-09,Bicycle theft,39
Ealing,2025-09,Burglary,132
Ealing,2025-09,Criminal damage and arson,185
Ealing,2025-09,Drugs,148
Ealing,2025-09,Other crime,27
Ealing,2025-09,Other theft,248
Ealing,2025-09,Possession of weapons,28
Ealing,2025-09,Public order,145
Ealing,2025-09,Robbery,58
Ealing,2025-09,Shoplifting,171
Ealing,2025-09,Theft from the person,77
Ealing,2025-09,Vehicle crime,347
Ealing,2025-09,Violence and sexual offences,900
Ealing,2025-10,Anti-social behaviour,1116
Ealing,2025-10,Bicycle theft,33
Ealing,2025-10,Burglary,173
Ealing,2025-10,Criminal damage and arson,204
Ealing,2025-10,Drugs,209
Ealing,2025-10,Other crime,36
Ealing,2025-10,Other theft,233
Ealing,2025-10,Possession of weapons,22
Ealing,2025-10,Public order,201
Ealing,2025-10,Robbery,59
Ealing,2025-10,Shoplifting,203
Ealing,2025-10,Theft from the person,116
Ealing,2025-10,Vehicle crime,357
Ealing,2025-10,Violence and sexual offences,973
Ealing,2025-11,Anti-social behaviour,917
Ealing,2025-11,Bicycle theft,26
Ealing,2025-11,Burglary,205
Ealing,2025-11,Criminal damage and arson,188
Ealing,2025-11,Drugs,242
Ealing,2025-11,Other crime,27
Ealing,2025-11,Other theft,232
Ealing,2025-11,Possession of weapons,19
Ealing,2025-11,Public order,164
Ealing,2025-11,Robbery,67
Ealing,2025-11,Shoplifting,199
Ealing,2025-11,Theft from the person,112
Ealing,2025-11,Vehicle crime,364
Ealing,2025-11,Violence and sexual offences,910
Ealing,2025-12,Anti-social behaviour,790
Ealing,2025-12,Bicycle theft,27
Ealing,2025-12,Burglary,196
Ealing,2025-12,Criminal damage and arson,178
Ealing,2025-12,Drugs,150
Ealing,2025-12,Other crime,26
Ealing,2025-12,Other theft,245
Ealing,2025-12,Possession of weapons,19
Ealing,2025-12,Public order,187
Ealing,2025-12,Robbery,62
Ealing,2025-12,Shoplifting,162
Ealing,2025-12,Theft from the person,95
Ealing,2025-12,Vehicle crime,338
Ealing,2025-12,Violence and sexual offences,896
Enfield,2024-12,Anti-social behaviour,545
Enfield,2024-12,Bicycle theft,12
Enfield,2024-12,Burglary,179
Enfield,2024-12,Criminal damage and arson,133
Enfield,2024-12,Drugs,157
Enfield,2024-12,Other crime,35
Enfield,2024-12,Other theft,228
Enfield,2024-12,Possession of weapons,16
Enfield,2024-12,Public order,122
Enfield,2024-12,Robbery,71
Enfield,2024-12,Shoplifting,263
Enfield,2024-12,Theft from the person,170
Enfield,2024-12,Vehicle crime,275
Enfield,2024-12,Violence and sexual offences,726
Enfield,2025-01,Anti-social behaviour,482
Enfield,2025-01,Bicycle theft,12
Enfield,2025-01,Burglary,196
Enfield,2025-01,Criminal damage and arson,145
Enfield,2025-01,Drugs,184
Enfield,2025-01,Other crime,42
Enfield,2025-01,Other theft,230
Enfield,2025-01,Possession of weapons,14
Enfield,2025-01,Public order,133
Enfield,2025-01,Robbery,84
Enfield,2025-01,Shoplifting,292
Enfield,2025-01,Theft from the person,112
Enfield,2025-01,Vehicle crime,349
Enfield,2025-01,Violence and sexual offences,732
Enfield,2025-02,Anti-social behaviour,487
Enfield,2025-02,Bicycle theft,9
Enfield,2025-02,Burglary,163
Enfield,2025-02,Criminal damage and arson,138
Enfield,2025-02,Drugs,127
Enfield,2025-02,Other crime,37
Enfield,2025-02,Other theft,192
Enfield,2025-02,Possession of weapons,12
Enfield,2025-02,Public order,108
Enfield,2025-02,Robbery,89
Enfield,2025-02,Shoplifting,280
Enfield,2025-02,Theft from the person,139
Enfield,2025-02,Vehicle crime,316
Enfield,2025-02,Violence and sexual offences,626
Enfield,2025-03,Anti-social behaviour,673
Enfield,2025-03,Bicycle theft,13
Enfield,2025-03,Burglary,151
Enfield,2025-03,Criminal damage and arson,153
Enfield,2025-03,Drugs,143
Enfield,2025-03,Other crime,49
Enfield,2025-03,Other theft,222
Enfield,2025-03,Possession of weapons,18
Enfield,2025-03,Public order,120
Enfield,2025-03,Robbery,83
Enfield,2025-03,Shoplifting,256
Enfield,2025-03,Theft from the person,136
Enfield,2025-03,Vehicle crime,345
Enfield,2025-03,Violence and sexual offences,767
Enfield,2025-04,Anti-social behaviour,651
Enfield,2025-04,Bicycle theft,17
Enfield,2025-04,Burglary,126
Enfield,2025-04,Criminal damage and arson,170
Enfield,2025-04,Drugs,170
Enfield,2025-04,Other crime,35
Enfield,2025-04,Other theft,181
Enfield,2025-04,Possession of weapons,22
Enfield,2025-04,Public order,112
Enfield,2025-04,Robbery,99
Enfield,2025-04,Shoplifting,210
Enfield,2025-04,Theft from the person,131
Enfield,2025-04,Vehicle crime,299
Enfield,2025-04,Violence and sexual offences,723
Enfield,2025-05,Anti-social behaviour,759
Enfield,2025-05,Bicycle theft,14
Enfield,2025-05,Burglary,135
Enfield,2025-05,Criminal damage and arson,174
Enfield,2025-05,Drugs,226
Enfield,2025-05,Other crime,48
Enfield,2025-05,Other theft,211
Enfield,2025-05,Possession of weapons,19
Enfield,2025-05,Public order,138
Enfield,2025-05,Robbery,96
Enfield,2025-05,Shoplifting,235
Enfield,2025-05,Theft from the person,129
Enfield,2025-05,Vehicle crime,285
Enfield,2025-05,Violence and sexual offences,755
Enfield,2025-06,Anti-social behaviour,721
Enfield,2025-06,Bicycle theft,17
Enfield,2025-06,Burglary,114
Enfield,2025-06,Criminal damage and arson,168
Enfield,2025-06,Drugs,183
Enfield,2025-06,Other crime,46
Enfield,2025-06,Other theft,209
Enfield,2025-06,Possession of weapons,20
Enfield,2025-06,Public order,173
Enfield,2025-06,Robbery,97
Enfield,2025-06,Shoplifting,242
Enfield,2025-06,Theft from the person,101
Enfield,2025-06,Vehicle crime,258
Enfield,2025-06,Violence and sexual offences,847
Enfield,2025-07,Anti-social behaviour,817
Enfield,2025-07,Bicycle theft,19
Enfield,2025-07,Burglary,102
Enfield,2025-07,Criminal damage and arson,184
Enfield,2025-07,Drugs,171
Enfield,2025-07,Other crime,37
Enfield,2025-07,Other theft,252
Enfield,2025-07,Possession of weapons,20
Enfield,2025-07,Public order,175
Enfield,2025-07,Robbery,81
Enfield,2025-07,Shoplifting,250
Enfield,2025-07,Theft from the person,111
Enfield,2025-07,Vehicle crime,312
Enfield,2025-07,Violence and sexual offences,879
Enfield,2025-08,Anti-social behaviour,693
Enfield,2025-08,Bicycle theft,17
Enfield,2025-08,Burglary,164
Enfield,2025-08,Criminal damage and arson,152
Enfield,2025-08,Drugs,174
Enfield,2025-08,Other crime,40
Enfield,2025-08,Other theft,189
Enfield,2025-08,Possession of weapons,20
Enfield,2025-08,Public order,141
Enfield,2025-08,Robbery,80
Enfield,2025-08,Shoplifting,261
Enfield,2025-08,Theft from the person,83
Enfield,2025-08,Vehicle crime,240
Enfield,2025-08,Violence and sexual offences,688
Enfield,2025-09,Anti-social behaviour,609
Enfield,2025-09,Bicycle theft,18
Enfield,2025-09,Burglary,172
Enfield,2025-09,Criminal damage and arson,149
Enfield,2025-09,Drugs,179
Enfield,2025-09,Other crime,39
Enfield,2025-09,Other theft,208
Enfield,2025-09,Possession of weapons,22
Enfield,2025-09,Public order,130
Enfield,2025-09,Robbery,80
Enfield,2025-09,Shoplifting,245
Enfield,2025-09,Theft from the person,87
Enfield,2025-09,Vehicle crime,361
Enfield,2025-09,Violence and sexual offences,751
Enfield,2025-10,Anti-social behaviour,660
Enfield,2025-10,Bicycle theft,22
Enfield,2025-10,Burglary,162
Enfield,2025-10,Criminal damage and arson,194
Enfield,2025-10,Drugs,156
Enfield,2025-10,Other crime,39
Enfield,2025-10,Other theft,250
Enfield,2025-10,Possession of weapons,16
Enfield,2025-10,Public order,134
Enfield,2025-10,Robbery,73
Enfield,2025-10,Shoplifting,194
Enfield,2025-10,Theft from the person,95
Enfield,2025-10,Vehicle crime,363
Enfield,2025-10,Violence and sexual offences,838
Enfield,2025-11,Anti-social behaviour,666
Enfield,2025-11,Bicycle theft,9
Enfield,2025-11,Burglary,191
Enfield,2025-11,Criminal damage and arson,166
Enfield,2025-11,Drugs,151
Enfield,2025-11,Other crime,41
Enfield,2025-11,Other theft,208
Enfield,2025-11,Possession of weapons,13
Enfield,2025-11,Public order,137
Enfield,2025-11,Robbery,76
Enfield,2025-11,Shoplifting,155
Enfield,2025-11,Theft from the person,140
Enfield,2025-11,Vehicle crime,332
Enfield,2025-11,Violence and sexual offences,771
Enfield,2025-12,Anti-social behaviour,590
Enfield,2025-12,Bicycle theft,10
Enfield,2025-12,Burglary,178
Enfield,2025-12,Criminal damage and arson,160
Enfield,2025-12,Drugs,143
Enfield,2025-12,Other crime,35
Enfield,2025-12,Other theft,229
Enfield,2025-12,Possession of weapons,14
Enfield,2025-12,Public order,136
Enfield,2025-12,Robbery,78
Enfield,2025-12,Shoplifting,199
Enfield,2025-12,Theft from the person,107
Enfield,2025-12,Vehicle crime,267
Enfield,2025-12,Violence and sexual offences,753
Greenwich,2024-12,Anti-social behaviour,465
Greenwich,2024-12,Bicycle theft,15
Greenwich,2024-12,Burglary,128
Greenwich,2024-12,Criminal damage and arson,157
Greenwich,2024-12,Drugs,147
Greenwich,2024-12,Other crime,44
Greenwich,2024-12,Other theft,211
Greenwich,2024-12,Possession of weapons,10
Greenwich,2024-12,Public order,196
Greenwich,2024-12,Robbery,63
Greenwich,2024-12,Shoplifting,176
Greenwich,2024-12,Theft from the person,104
Greenwich,2024-12,Vehicle crime,208
Greenwich,2024-12,Violence and sexual offences,782
Greenwich,2025-01,Anti-social behaviour,463
Greenwich,2025-01,Bicycle theft,15
Greenwich,2025-01,Burglary,143
Greenwich,2025-01,Criminal damage and arson,137
Greenwich,2025-01,Drugs,166
Greenwich,2025-01,Other crime,41
Greenwich,2025-01,Other theft,198
Greenwich,2025-01,Possession of weapons,13
Greenwich,2025-01,Public order,138
Greenwich,2025-01,Robbery,65
Greenwich,2025-01,Shoplifting,181
Greenwich,2025-01,Theft from the person,67
Greenwich,2025-01,Vehicle crime,192
Greenwich,2025-01,Violence and sexual offences,709
Greenwich,2025-02,Anti-social behaviour,444
Greenwich,2025-02,Bicycle theft,18
Greenwich,2025-02,Burglary,101
Greenwich,2025-02,Criminal damage and arson,148
Greenwich,2025-02,Drugs,132
Greenwich,2025-02,Other crime,42
Greenwich,2025-02,Other theft,195
Greenwich,2025-02,Possession of weapons,11
Greenwich,2025-02,Public order,164
Greenwich,2025-02,Robbery,61
Greenwich,2025-02,Shoplifting,176
Greenwich,2025-02,Theft from the person,77
Greenwich,2025-02,Vehicle crime,193
Greenwich,2025-02,Violence and sexual offences,747
Greenwich,2025-03,Anti-social behaviour,545
Greenwich,2025-03,Bicycle theft,16
Greenwich,2025-03,Burglary,126
Greenwich,2025-03,Criminal damage and arson,154
Greenwich,2025-03,Drugs,174
Greenwich,2025-03,Other crime,43
Greenwich,2025-03,Other theft,221
Greenwich,2025-03,Possession of weapons,24
Greenwich,2025-03,Public order,162
Greenwich,2025-03,Robbery,78
Greenwich,2025-03,Shoplifting,212
Greenwich,2025-03,Theft from the person,99
Greenwich,2025-03,Vehicle crime,209
Greenwich,2025-03,Violence and sexual offences,829
Greenwich,2025-04,Anti-social behaviour,572
Greenwich,2025-04,Bicycle theft,34
Greenwich,2025-04,Burglary,115
Greenwich,2025-04,Criminal damage and arson,165
Greenwich,2025-04,Drugs,167
Greenwich,2025-04,Other crime,54
Greenwich,2025-04,Other theft,231
Greenwich,2025-04,Possession of weapons,12
Greenwich,2025-04,Public order,157
Greenwich,2025-04,Robbery,67
Greenwich,2025-04,Shoplifting,245
Greenwich,2025-04,Theft from the person,76
Greenwich,2025-04,Vehicle crime,219
Greenwich,2025-04,Violence and sexual offences,823
Greenwich,2025-05,Anti-social behaviour,649
Greenwich,2025-05,Bicycle theft,28
Greenwich,2025-05,Burglary,129
Greenwich,2025-05,Criminal damage and arson,184
Greenwich,2025-05,Drugs,167
Greenwich,2025-05,Other crime,28
Greenwich,2025-05,Other theft,211
Greenwich,2025-05,Possession of weapons,20
Greenwich,2025-05,Public order,200
Greenwich,2025-05,Robbery,73
Greenwich,2025-05,Shoplifting,247
Greenwich,2025-05,Theft from the person,90
Greenwich,2025-05,Vehicle crime,193
Greenwich,2025-05,Violence and sexual offences,870
Greenwich,2025-06,Anti-social behaviour,665
Greenwich,2025-06,Bicycle theft,25
Greenwich,2025-06,Burglary,135
Greenwich,2025-06,Criminal damage and arson,170
Greenwich,2025-06,Drugs,142
Greenwich,2025-06,Other crime,39
Greenwich,2025-06,Other theft,196
Greenwich,2025-06,Possession of weapons,20
Greenwich,2025-06,Public order,186
Greenwich,2025-06,Robbery,61
Greenwich,2025-06,Shoplifting,222
Greenwich,2025-06,Theft from the person,92
Greenwich,2025-06,Vehicle crime,180
Greenwich,2025-06,Violence and sexual offences,920
Greenwich,2025-07,Anti-social behaviour,750
Greenwich,2025-07,Bicycle theft,34
Greenwich,2025-07,Burglary,117
Greenwich,2025-07,Criminal damage and arson,163
Greenwich,2025-07,Drugs,182
Greenwich,2025-07,Other crime,33
Greenwich,2025-07,Other theft,211
Greenwich,2025-07,Possession of weapons,22
Greenwich,2025-07,Public order,226
Greenwich,2025-07,Robbery,54
Greenwich,2025-07,Shoplifting,255
Greenwich,2025-07,Theft from the person,71
Greenwich,2025-07,Vehicle crime,217
Greenwich,2025-07,Violence and sexual offences,891
Greenwich,2025-08,Anti-social behaviour,685
Greenwich,2025-08,Bicycle theft,22
Greenwich,2025-08,Burglary,125
Greenwich,2025-08,Criminal damage and arson,196
Greenwich,2025-08,Drugs,155
Greenwich,2025-08,Other crime,23
Greenwich,2025-08,Other theft,223
Greenwich,2025-08,Possession of weapons,17
Greenwich,2025-08,Public order,190
Greenwich,2025-08,Robbery,83
Greenwich,2025-08,Shoplifting,240
Greenwich,2025-08,Theft from the person,60
Greenwich,2025-08,Vehicle crime,213
Greenwich,2025-08,Violence and sexual offences,878
Greenwich,2025-09,Anti-social behaviour,491
Greenwich,2025-09,Bicycle theft,22
Greenwich,2025-09,Burglary,110
Greenwich,2025-09,Criminal damage and arson,150
Greenwich,2025-09,Drugs,173
Greenwich,2025-09,Other crime,37
Greenwich,2025-09,Other theft,216
Greenwich,2025-09,Possession of weapons,20
Greenwich,2025-09,Public order,179
Greenwich,2025-09,Robbery,67
Greenwich,2025-09,Shoplifting,220
Greenwich,2025-09,Theft from the person,42
Greenwich,2025-09,Vehicle crime,214
Greenwich,2025-09,Violence and sexual offences,841
Greenwich,2025-10,Anti-social behaviour,543
Greenwich,2025-10,Bicycle theft,26
Greenwich,2025-10,Burglary,137
Greenwich,2025-10,Criminal damage and arson,201
Greenwich,2025-10,Drugs,171
Greenwich,2025-10,Other crime,39
Greenwich,2025-10,Other theft,232
Greenwich,2025-10,Possession of weapons,16
Greenwich,2025-10,Public order,165
Greenwich,2025-10,Robbery,50
Greenwich,2025-10,Shoplifting,195
Greenwich,2025-10,Theft from the person,67
Greenwich,2025-10,Vehicle crime,210
Greenwich,2025-10,Violence and sexual offences,809
Greenwich,2025-11,Anti-social behaviour,461
Greenwich,2025-11,Bicycle theft,24
Greenwich,2025-11,Burglary,122
Greenwich,2025-11,Criminal damage and arson,163
Greenwich,2025-11,Drugs,127
Greenwich,2025-11,Other crime,45
Greenwich,2025-11,Other theft,216
Greenwich,2025-11,Possession of weapons,16
Greenwich,2025-11,Public order,168
Greenwich,2025-11,Robbery,76
Greenwich,2025-11,Shoplifting,203
Greenwich,2025-11,Theft from the person,65
Greenwich,2025-11,Vehicle crime,199
Greenwich,2025-11,Violence and sexual offences,792
Greenwich,2025-12,Anti-social behaviour,442
Greenwich,2025-12,Bicycle theft,11
Greenwich,2025-12,Burglary,95
Greenwich,2025-12,Criminal damage and arson,130
Greenwich,2025-12,Drugs,141
Greenwich,2025-12,Other crime,32
Greenwich,2025-12,Other theft,239
Greenwich,2025-12,Possession of weapons,16
Greenwich,2025-12,Public order,145
Greenwich,2025-12,Robbery,77
Greenwich,2025-12,Shoplifting,161
Greenwich,2025-12,Theft from the person,77
Greenwich,2025-12,Vehicle crime,203
Greenwich,2025-12,Violence and sexual offences,861
Hackney,2024-12,Anti-social behaviour,520
Hackney,2024-12,Bicycle theft,95
Hackney,2024-12,Burglary,144
Hackney,2024-12,Criminal damage and arson,123
Hackney,2024-12,Drugs,141
Hackney,2024-12,Other crime,29
Hackney,2024-12,Other theft,270
Hackney,2024-12,Possession of weapons,15
Hackney,2024-12,Public order,135
Hackney,2024-12,Robbery,135
Hackney,2024-12,Shoplifting,223
Hackney,2024-12,Theft from the person,322
Hackney,2024-12,Vehicle crime,154
Hackney,2024-12,Violence and sexual offences,724
Hackney,2025-01,Anti-social behaviour,490
Hackney,2025-01,Bicycle theft,78
Hackney,2025-01,Burglary,145
Hackney,2025-01,Criminal damage and arson,119
Hackney,2025-01,Drugs,185
Hackney,2025-01,Other crime,21
Hackney,2025-01,Other theft,269
Hackney,2025-01,Possession of weapons,13
Hackney,2025-01,Public order,140
Hackney,2025-01,Robbery,132
Hackney,2025-01,Shoplifting,179
Hackney,2025-01,Theft from the person,281
Hackney,2025-01,Vehicle crime,180
Hackney,2025-01,Violence and sexual offences,638
Hackney,2025-02,Anti-social behaviour,431
Hackney,2025-02,Bicycle theft,77
Hackney,2025-02,Burglary,124
Hackney,2025-02,Criminal damage and arson,104
Hackney,2025-02,Drugs,151
Hackney,2025-02,Other crime,21
Hackney,2025-02,Other theft,242
Hackney,2025-02,Possession of weapons,19
Hackney,2025-02,Public order,137
Hackney,2025-02,Robbery,108
Hackney,2025-02,Shoplifting,138
Hackney,2025-02,Theft from the person,288
Hackney,2025-02,Vehicle crime,163
Hackney,2025-02,Violence and sexual offences,634
Hackney,2025-03,Anti-social behaviour,603
Hackney,2025-03,Bicycle theft,91
Hackney,2025-03,Burglary,166
Hackney,2025-03,Criminal damage and arson,118
Hackney,2025-03,Drugs,208
Hackney,2025-03,Other crime,39
Hackney,2025-03,Other theft,267
Hackney,2025-03,Possession of weapons,19
Hackney,2025-03,Public order,174
Hackney,2025-03,Robbery,145
Hackney,2025-03,Shoplifting,125
Hackney,2025-03,Theft from the person,419
Hackney,2025-03,Vehicle crime,177
Hackney,2025-03,Violence and sexual offences,667
Hackney,2025-04,Anti-social behaviour,678
Hackney,2025-04,Bicycle theft,78
Hackney,2025-04,Burglary,149
Hackney,2025-04,Criminal damage and arson,142
Hackney,2025-04,Drugs,177
Hackney,2025-04,Other crime,36
Hackney,2025-04,Other theft,286
Hackney,2025-04,Possession of weapons,19
Hackney,2025-04,Public order,155
Hackney,2025-04,Robbery,118
Hackney,2025-04,Shoplifting,135
Hackney,2025-04,Theft from the person,372
Hackney,2025-04,Vehicle crime,148
Hackney,2025-04,Violence and sexual offences,686
Hackney,2025-05,Anti-social behaviour,802
Hackney,2025-05,Bicycle theft,117
Hackney,2025-05,Burglary,156
Hackney,2025-05,Criminal damage and arson,172
Hackney,2025-05,Drugs,160
Hackney,2025-05,Other crime,28
Hackney,2025-05,Other theft,290
Hackney,2025-05,Possession of weapons,11
Hackney,2025-05,Public order,202
Hackney,2025-05,Robbery,118
Hackney,2025-05,Shoplifting,157
Hackney,2025-05,Theft from the person,389
Hackney,2025-05,Vehicle crime,160
Hackney,2025-05,Violence and sexual offences,748
Hackney,2025-06,Anti-social behaviour,771
Hackney,2025-06,Bicycle theft,118
Hackney,2025-06,Burglary,207
Hackney,2025-06,Criminal damage and arson,137
Hackney,2025-06,Drugs,192
Hackney,2025-06,Other crime,23
Hackney,2025-06,Other theft,265
Hackney,2025-06,Possession of weapons,23
Hackney,2025-06,Public order,181
Hackney,2025-06,Robbery,126
Hackney,2025-06,Shoplifting,197
Hackney,2025-06,Theft from the person,431
Hackney,2025-06,Vehicle crime,196
Hackney,2025-06,Violence and sexual offences,794
Hackney,2025-07,Anti-social behaviour,832
Hackney,2025-07,Bicycle theft,117
Hackney,2025-07,Burglary,214
Hackney,2025-07,Criminal damage and arson,137
Hackney,2025-07,Drugs,237
Hackney,2025-07,Other crime,35
Hackney,2025-07,Other theft,245
Hackney,2025-07,Possession of weapons,21
Hackney,2025-07,Public order,223
Hackney,2025-07,Robbery,169
Hackney,2025-07,Shoplifting,214
Hackney,2025-07,Theft from the person,411
Hackney,2025-07,Vehicle crime,205
Hackney,2025-07,Violence and sexual offences,849
Hackney,2025-08,Anti-social behaviour,774
Hackney,2025-08,Bicycle theft,100
Hackney,2025-08,Burglary,163
Hackney,2025-08,Criminal damage and arson,153
Hackney,2025-08,Drugs,206
Hackney,2025-08,Other crime,26
Hackney,2025-08,Other theft,232
Hackney,2025-08,Possession of weapons,35
Hackney,2025-08,Public order,197
Hackney,2025-08,Robbery,136
Hackney,2025-08,Shoplifting,237
Hackney,2025-08,Theft from the person,345
Hackney,2025-08,Vehicle crime,145
Hackney,2025-08,Violence and sexual offences,798
Hackney,2025-09,Anti-social behaviour,651
Hackney,2025-09,Bicycle theft,117
Hackney,2025-09,Burglary,164
Hackney,2025-09,Criminal damage and arson,140
Hackney,2025-09,Drugs,181
Hackney,2025-09,Other crime,34
Hackney,2025-09,Other theft,285
Hackney,2025-09,Possession of weapons,24
Hackney,2025-09,Public order,227
Hackney,2025-09,Robbery,128
Hackney,2025-09,Shoplifting,178
Hackney,2025-09,Theft from the person,316
Hackney,2025-09,Vehicle crime,198
Hackney,2025-09,Violence and sexual offences,750
Hackney,2025-10,Anti-social behaviour,751
Hackney,2025-10,Bicycle theft,136
Hackney,2025-10,Burglary,155
Hackney,2025-10,Criminal damage and arson,139
Hackney,2025-10,Drugs,178
Hackney,2025-10,Other crime,25
Hackney,2025-10,Other theft,285
Hackney,2025-10,Possession of weapons,21
Hackney,2025-10,Public order,212
Hackney,2025-10,Robbery,134
Hackney,2025-10,Shoplifting,192
Hackney,2025-10,Theft from the person,298
Hackney,2025-10,Vehicle crime,162
Hackney,2025-10,Violence and sexual offences,755
Hackney,2025-11,Anti-social behaviour,651
Hackney,2025-11,Bicycle theft,106
Hackney,2025-11,Burglary,154
Hackney,2025-11,Criminal damage and arson,134
Hackney,2025-11,Drugs,169
Hackney,2025-11,Other crime,30
Hackney,2025-11,Other theft,257
Hackney,2025-11,Possession of weapons,25
Hackney,2025-11,Public order,147
Hackney,2025-11,Robbery,156
Hackney,2025-11,Shoplifting,180
Hackney,2025-11,Theft from the person,344
Hackney,2025-11,Vehicle crime,141
Hackney,2025-11,Violence and sexual offences,698
Hackney,2025-12,Anti-social behaviour,538
Hackney,2025-12,Bicycle theft,85
Hackney,2025-12,Burglary,134
Hackney,2025-12,Criminal damage and arson,118
Hackney,2025-12,Drugs,184
Hackney,2025-12,Other crime,24
Hackney,2025-12,Other theft,281
Hackney,2025-12,Possession of weapons,22
Hackney,2025-12,Public order,164
Hackney,2025-12,Robbery,109
Hackney,2025-12,Shoplifting,209
Hackney,2025-12,Theft from the person,369
Hackney,2025-12,Vehicle crime,155
Hackney,2025-12,Violence and sexual offences,740
Hammersmith and Fulham,2024-12,Anti-social behaviour,407
Hammersmith and Fulham,2024-12,Bicycle theft,36
Hammersmith and Fulham,2024-12,Burglary,121
Hammersmith and Fulham,2024-12,Criminal damage and arson,87
Hammersmith and Fulham,2024-12,Drugs,97
Hammersmith and Fulham,2024-12,Other crime,15
Hammersmith and Fulham,2024-12,Other theft,190
Hammersmith and Fulham,2024-12,Possession of weapons,5
Hammersmith and Fulham,2024-12,Public order,120
Hammersmith and Fulham,2024-12,Robbery,43
Hammersmith and Fulham,2024-12,Shoplifting,172
Hammersmith and Fulham,2024-12,Theft from the person,128
Hammersmith and Fulham,2024-12,Vehicle crime,199
Hammersmith and Fulham,2024-12,Violence and sexual offences,476
Hammersmith and Fulham,2025-01,Anti-social behaviour,417
Hammersmith and Fulham,2025-01,Bicycle theft,23
Hammersmith and Fulham,2025-01,Burglary,84
Hammersmith and Fulham,2025-01,Criminal damage and arson,99
Hammersmith and Fulham,2025-01,Drugs,108
Hammersmith and Fulham,2025-01,Other crime,26
Hammersmith and Fulham,2025-01,Other theft,201
Hammersmith and Fulham,2025-01,Possession of weapons,4
Hammersmith and Fulham,2025-01,Public order,102
Hammersmith and Fulham,2025-01,Robbery,45
Hammersmith and Fulham,2025-01,Shoplifting,166
Hammersmith and Fulham,2025-01,Theft from the person,141
Hammersmith and Fulham,2025-01,Vehicle crime,181
Hammersmith and Fulham,2025-01,Violence and sexual offences,450
Hammersmith and Fulham,2025-02,Anti-social behaviour,375
Hammersmith and Fulham,2025-02,Bicycle theft,37
Hammersmith and Fulham,2025-02,Burglary,94
Hammersmith and Fulham,2025-02,Criminal damage and arson,91
Hammersmith and Fulham,2025-02,Drugs,90
Hammersmith and Fulham,2025-02,Other crime,26
Hammersmith and Fulham,2025-02,Other theft,163
Hammersmith and Fulham,2025-02,Possession of weapons,19
Hammersmith and Fulham,2025-02,Public order,112
Hammersmith and Fulham,2025-02,Robbery,47
Hammersmith and Fulham,2025-02,Shoplifting,163
Hammersmith and Fulham,2025-02,Theft from the person,98
Hammersmith and Fulham,2025-02,Vehicle crime,183
Hammersmith and Fulham,2025-02,Violence and sexual offences,480
Hammersmith and Fulham,2025-03,Anti-social behaviour,497
Hammersmith and Fulham,2025-03,Bicycle theft,33
Hammersmith and Fulham,2025-03,Burglary,75
Hammersmith and Fulham,2025-03,Criminal damage and arson,85
Hammersmith and Fulham,2025-03,Drugs,109
Hammersmith and Fulham,2025-03,Other crime,20
Hammersmith and Fulham,2025-03,Other theft,181
Hammersmith and Fulham,2025-03,Possession of weapons,9
Hammersmith and Fulham,2025-03,Public order,123
Hammersmith and Fulham,2025-03,Robbery,35
Hammersmith and Fulham,2025-03,Shoplifting,177
Hammersmith and Fulham,2025-03,Theft from the person,97
Hammersmith and Fulham,2025-03,Vehicle crime,155
Hammersmith and Fulham,2025-03,Violence and sexual offences,594
Hammersmith and Fulham,2025-04,Anti-social behaviour,464
Hammersmith and Fulham,2025-04,Bicycle theft,39
Hammersmith and Fulham,2025-04,Burglary,109
Hammersmith and Fulham,2025-04,Criminal damage and arson,90
Hammersmith and Fulham,2025-04,Drugs,123
Hammersmith and Fulham,2025-04,Other crime,28
Hammersmith and Fulham,2025-04,Other theft,197
Hammersmith and Fulham,2025-04,Possession of weapons,13
Hammersmith and Fulham,2025-04,Public order,139
Hammersmith and Fulham,2025-04,Robbery,48
Hammersmith and Fulham,2025-04,Shoplifting,189
Hammersmith and Fulham,2025-04,Theft from the person,98
Hammersmith and Fulham,2025-04,Vehicle crime,131
Hammersmith and Fulham,2025-04,Violence and sexual offences,525
Hammersmith and Fulham,2025-05,Anti-social behaviour,526
Hammersmith and Fulham,2025-05,Bicycle theft,56
Hammersmith and Fulham,2025-05,Burglary,119
Hammersmith and Fulham,2025-05,Criminal damage and arson,109
Hammersmith and Fulham,2025-05,Drugs,125
Hammersmith and Fulham,2025-05,Other crime,21
Hammersmith and Fulham,2025-05,Other theft,214
Hammersmith and Fulham,2025-05,Possession of weapons,10
Hammersmith and Fulham,2025-05,Public order,140
Hammersmith and Fulham,2025-05,Robbery,59
Hammersmith and Fulham,2025-05,Shoplifting,193
Hammersmith and Fulham,2025-05,Theft from the person,84
Hammersmith and Fulham,2025-05,Vehicle crime,149
Hammersmith and Fulham,2025-05,Violence and sexual offences,631
Hammersmith and Fulham,2025-06,Anti-social behaviour,521
Hammersmith and Fulham,2025-06,Bicycle theft,57
Hammersmith and Fulham,2025-06,Burglary,96
Hammersmith and Fulham,2025-06,Criminal damage and arson,124
Hammersmith and Fulham,2025-06,Drugs,123
Hammersmith and Fulham,2025-06,Other crime,19
Hammersmith and Fulham,2025-06,Other theft,204
Hammersmith and Fulham,2025-06,Possession of weapons,11
Hammersmith and Fulham,2025-06,Public order,146
Hammersmith and Fulham,2025-06,Robbery,63
Hammersmith and Fulham,2025-06,Shoplifting,174
Hammersmith and Fulham,2025-06,Theft from the person,81
Hammersmith and Fulham,2025-06,Vehicle crime,152
Hammersmith and Fulham,2025-06,Violence and sexual offences,546
Hammersmith and Fulham,2025-07,Anti-social behaviour,586
Hammersmith and Fulham,2025-07,Bicycle theft,52
Hammersmith and Fulham,2025-07,Burglary,119
Hammersmith and Fulham,2025-07,Criminal damage and arson,126
Hammersmith and Fulham,2025-07,Drugs,116
Hammersmith and Fulham,2025-07,Other crime,23
Hammersmith and Fulham,2025-07,Other theft,175
Hammersmith and Fulham,2025-07,Possession of weapons,14
Hammersmith and Fulham,2025-07,Public order,153
Hammersmith and Fulham,2025-07,Robbery,66
Hammersmith and Fulham,2025-07,Shoplifting,196
Hammersmith and Fulham,2025-07,Theft from the person,74
Hammersmith and Fulham,2025-07,Vehicle crime,127
Hammersmith and Fulham,2025-07,Violence and sexual offences,612
Hammersmith and Fulham,2025-08,Anti-social behaviour,579
Hammersmith and Fulham,2025-08,Bicycle theft,54
Hammersmith and Fulham,2025-08,Burglary,107
Hammersmith and Fulham,2025-08,Criminal damage and arson,111
Hammersmith and Fulham,2025-08,Drugs,102
Hammersmith and Fulham,2025-08,Other crime,24
Hammersmith and Fulham,2025-08,Other theft,169
Hammersmith and Fulham,2025-08,Possession of weapons,16
Hammersmith and Fulham,2025-08,Public order,158
Hammersmith and Fulham,2025-08,Robbery,52
Hammersmith and Fulham,2025-08,Shoplifting,229
Hammersmith and Fulham,2025-08,Theft from the person,77
Hammersmith and Fulham,2025-08,Vehicle crime,138
Hammersmith and Fulham,2025-08,Violence and sexual offences,556
Hammersmith and Fulham,2025-09,Anti-social behaviour,528
Hammersmith and Fulham,2025-09,Bicycle theft,64
Hammersmith and Fulham,2025-09,Burglary,94
Hammersmith and Fulham,2025-09,Criminal damage and arson,90
Hammersmith and Fulham,2025-09,Drugs,120
Hammersmith and Fulham,2025-09,Other crime,18
Hammersmith and Fulham,2025-09,Other theft,206
Hammersmith and Fulham,2025-09,Possession of weapons,17
Hammersmith and Fulham,2025-09,Public order,107
Hammersmith and Fulham,2025-09,Robbery,47
Hammersmith and Fulham,2025-09,Shoplifting,198
Hammersmith and Fulham,2025-09,Theft from the person,66
Hammersmith and Fulham,2025-09,Vehicle crime,166
Hammersmith and Fulham,2025-09,Violence and sexual offences,514
Hammersmith and Fulham,2025-10,Anti-social behaviour,520
Hammersmith and Fulham,2025-10,Bicycle theft,78
Hammersmith and Fulham,2025-10,Burglary,90
Hammersmith and Fulham,2025-10,Criminal damage and arson,91
Hammersmith and Fulham,2025-10,Drugs,129
Hammersmith and Fulham,2025-10,Other crime,30
Hammersmith and Fulham,2025-10,Other theft,218
Hammersmith and Fulham,2025-10,Possession of weapons,13
Hammersmith and Fulham,2025-10,Public order,133
Hammersmith and Fulham,2025-10,Robbery,50
Hammersmith and Fulham,2025-10,Shoplifting,211
Hammersmith and Fulham,2025-10,Theft from the person,79
Hammersmith and Fulham,2025-10,Vehicle crime,123
Hammersmith and Fulham,2025-10,Violence and sexual offences,544
Hammersmith and Fulham,2025-11,Anti-social behaviour,496
Hammersmith and Fulham,2025-11,Bicycle theft,41
Hammersmith and Fulham,2025-11,Burglary,100
Hammersmith and Fulham,2025-11,Criminal damage and arson,99
Hammersmith and Fulham,2025-11,Drugs,114
Hammersmith and Fulham,2025-11,Other crime,17
Hammersmith and Fulham,2025-11,Other theft,206
Hammersmith and Fulham,2025-11,Possession of weapons,8
Hammersmith and Fulham,2025-11,Public order,137
Hammersmith and Fulham,2025-11,Robbery,41
Hammersmith and Fulham,2025-11,Shoplifting,181
Hammersmith and Fulham,2025-11,Theft from the person,80
Hammersmith and Fulham,2025-11,Vehicle crime,134
Hammersmith and Fulham,2025-11,Violence and sexual offences,522
Hammersmith and Fulham,2025-12,Anti-social behaviour,410
Hammersmith and Fulham,2025-12,Bicycle theft,27
Hammersmith and Fulham,2025-12,Burglary,71
Hammersmith and Fulham,2025-12,Criminal damage and arson,89
Hammersmith and Fulham,2025-12,Drugs,109
Hammersmith and Fulham,2025-12,Other crime,23
Hammersmith and Fulham,2025-12,Other theft,216
Hammersmith and Fulham,2025-12,Possession of weapons,7
Hammersmith and Fulham,2025-12,Public order,128
Hammersmith and Fulham,2025-12,Robbery,45
Hammersmith and Fulham,2025-12,Shoplifting,207
Hammersmith and Fulham,2025-12,Theft from the person,88
Hammersmith and Fulham,2025-12,Vehicle crime,133
Hammersmith and Fulham,2025-12,Violence and sexual offences,518
Haringey,2024-12,Anti-social behaviour,520
Haringey,2024-12,Bicycle theft,15
Haringey,2024-12,Burglary,161
Haringey,2024-12,Criminal damage and arson,135
Haringey,2024-12,Drugs,132
Haringey,2024-12,Other crime,25
Haringey,2024-12,Other theft,186
Haringey,2024-12,Possession of weapons,25
Haringey,2024-12,Public order,130
Haringey,2024-12,Robbery,109
Haringey,2024-12,Shoplifting,154
Haringey,2024-12,Theft from the person,246
Haringey,2024-12,Vehicle crime,203
Haringey,2024-12,Violence and sexual offences,640
Haringey,2025-01,Anti-social behaviour,558
Haringey,2025-01,Bicycle theft,12
Haringey,2025-01,Burglary,129
Haringey,2025-01,Criminal damage and arson,105
Haringey,2025-01,Drugs,197
Haringey,2025-01,Other crime,31
Haringey,2025-01,Other theft,164
Haringey,2025-01,Possession of weapons,10
Haringey,2025-01,Public order,120
Haringey,2025-01,Robbery,96
Haringey,2025-01,Shoplifting,171
Haringey,2025-01,Theft from the person,171
Haringey,2025-01,Vehicle crime,249
Haringey,2025-01,Violence and sexual offences,637
Haringey,2025-02,Anti-social behaviour,549
Haringey,2025-02,Bicycle theft,20
Haringey,2025-02,Burglary,128
Haringey,2025-02,Criminal damage and arson,140
Haringey,2025-02,Drugs,130
Haringey,2025-02,Other crime,32
Haringey,2025-02,Other theft,173
Haringey,2025-02,Possession of weapons,6
Haringey,2025-02,Public order,109
Haringey,2025-02,Robbery,98
Haringey,2025-02,Shoplifting,185
Haringey,2025-02,Theft from the person,189
Haringey,2025-02,Vehicle crime,279
Haringey,2025-02,Violence and sexual offences,592
Haringey,2025-03,Anti-social behaviour,694
Haringey,2025-03,Bicycle theft,21
Haringey,2025-03,Burglary,136
Haringey,2025-03,Criminal damage and arson,138
Haringey,2025-03,Drugs,170
Haringey,2025-03,Other crime,46
Haringey,2025-03,Other theft,184
Haringey,2025-03,Possession of weapons,16
Haringey,2025-03,Public order,154
Haringey,2025-03,Robbery,96
Haringey,2025-03,Shoplifting,155
Haringey,2025-03,Theft from the person,223
Haringey,2025-03,Vehicle crime,261
Haringey,2025-03,Violence and sexual offences,690
Haringey,2025-04,Anti-social behaviour,723
Haringey,2025-04,Bicycle theft,26
Haringey,2025-04,Burglary,112
Haringey,2025-04,Criminal damage and arson,137
Haringey,2025-04,Drugs,185
Haringey,2025-04,Other crime,24
Haringey,2025-04,Other theft,200
Haringey,2025-04,Possession of weapons,18
Haringey,2025-04,Public order,130
Haringey,2025-04,Robbery,122
Haringey,2025-04,Shoplifting,157
Haringey,2025-04,Theft from the person,215
Haringey,2025-04,Vehicle crime,241
Haringey,2025-04,Violence and sexual offences,666
Haringey,2025-05,Anti-social behaviour,745
Haringey,2025-05,Bicycle theft,25
Haringey,2025-05,Burglary,125
Haringey,2025-05,Criminal damage and arson,152
Haringey,2025-05,Drugs,170
Haringey,2025-05,Other crime,30
Haringey,2025-05,Other theft,251
Haringey,2025-05,Possession of weapons,16
Haringey,2025-05,Public order,140
Haringey,2025-05,Robbery,151
Haringey,2025-05,Shoplifting,250
Haringey,2025-05,Theft from the person,247
Haringey,2025-05,Vehicle crime,282
Haringey,2025-05,Violence and sexual offences,751
Haringey,2025-06,Anti-social behaviour,809
Haringey,2025-06,Bicycle theft,20
Haringey,2025-06,Burglary,119
Haringey,2025-06,Criminal damage and arson,175
Haringey,2025-06,Drugs,178
Haringey,2025-06,Other crime,32
Haringey,2025-06,Other theft,201
Haringey,2025-06,Possession of weapons,23
Haringey,2025-06,Public order,169
Haringey,2025-06,Robbery,127
Haringey,2025-06,Shoplifting,217
Haringey,2025-06,Theft from the person,237
Haringey,2025-06,Vehicle crime,273
Haringey,2025-06,Violence and sexual offences,745
Haringey,2025-07,Anti-social behaviour,858
Haringey,2025-07,Bicycle theft,27
Haringey,2025-07,Burglary,142
Haringey,2025-07,Criminal damage and arson,160
Haringey,2025-07,Drugs,198
Haringey,2025-07,Other crime,32
Haringey,2025-07,Other theft,200
Haringey,2025-07,Possession of weapons,23
Haringey,2025-07,Public order,202
Haringey,2025-07,Robbery,109
Haringey,2025-07,Shoplifting,273
Haringey,2025-07,Theft from the person,228
Haringey,2025-07,Vehicle crime,334
Haringey,2025-07,Violence and sexual offences,807
Haringey,2025-08,Anti-social behaviour,761
Haringey,2025-08,Bicycle theft,25
Haringey,2025-08,Burglary,147
Haringey,2025-08,Criminal damage and arson,161
Haringey,2025-08,Drugs,159
Haringey,2025-08,Other crime,32
Haringey,2025-08,Other theft,190
Haringey,2025-08,Possession of weapons,22
Haringey,2025-08,Public order,141
Haringey,2025-08,Robbery,106
Haringey,2025-08,Shoplifting,235
Haringey,2025-08,Theft from the person,212
Haringey,2025-08,Vehicle crime,307
Haringey,2025-08,Violence and sexual offences,720
Haringey,2025-09,Anti-social behaviour,589
Haringey,2025-09,Bicycle theft,28
Haringey,2025-09,Burglary,112
Haringey,2025-09,Criminal damage and arson,118
Haringey,2025-09,Drugs,200
Haringey,2025-09,Other crime,31
Haringey,2025-09,Other theft,164
Haringey,2025-09,Possession of weapons,25
Haringey,2025-09,Public order,141
Haringey,2025-09,Robbery,90
Haringey,2025-09,Shoplifting,176
Haringey,2025-09,Theft from the person,176
Haringey,2025-09,Vehicle crime,300
Haringey,2025-09,Violence and sexual offences,670
Haringey,2025-10,Anti-social behaviour,690
Haringey,2025-10,Bicycle theft,30
Haringey,2025-10,Burglary,110
Haringey,2025-10,Criminal damage and arson,128
Haringey,2025-10,Drugs,141
Haringey,2025-10,Other crime,27
Haringey,2025-10,Other theft,195
Haringey,2025-10,Possession of weapons,18
Haringey,2025-10,Public order,142
Haringey,2025-10,Robbery,126
Haringey,2025-10,Shoplifting,245
Haringey,2025-10,Theft from the person,175
Haringey,2025-10,Vehicle crime,316
Haringey,2025-10,Violence and sexual offences,712
Haringey,2025-11,Anti-social behaviour,662
Haringey,2025-11,Bicycle theft,27
Haringey,2025-11,Burglary,108
Haringey,2025-11,Criminal damage and arson,143
Haringey,2025-11,Drugs,115
Haringey,2025-11,Other crime,22
Haringey,2025-11,Other theft,238
Haringey,2025-11,Possession of weapons,12
Haringey,2025-11,Public order,154
Haringey,2025-11,Robbery,114
Haringey,2025-11,Shoplifting,229
Haringey,2025-11,Theft from the person,171
Haringey,2025-11,Vehicle crime,321
Haringey,2025-11,Violence and sexual offences,730
Haringey,2025-12,Anti-social behaviour,568
Haringey,2025-12,Bicycle theft,32
Haringey,2025-12,Burglary,131
Haringey,2025-12,Criminal damage and arson,132
Haringey,2025-12,Drugs,161
Haringey,2025-12,Other crime,18
Haringey,2025-12,Other theft,213
Haringey,2025-12,Possession of weapons,15
Haringey,2025-12,Public order,130
Haringey,2025-12,Robbery,101
Haringey,2025-12,Shoplifting,168
Haringey,2025-12,Theft from the person,164
Haringey,2025-12,Vehicle crime,214
Haringey,2025-12,Violence and sexual offences,709
Harrow,2024-12,Anti-social behaviour,308
Harrow,2024-12,Bicycle theft,2
Harrow,2024-12,Burglary,120
Harrow,2024-12,Criminal damage and arson,65
Harrow,2024-12,Drugs,53
Harrow,2024-12,Other crime,23
Harrow,2024-12,Other theft,135
Harrow,2024-12,Possession of weapons,8
Harrow,2024-12,Public order,74
Harrow,2024-12,Robbery,47
Harrow,2024-12,Shoplifting,112
Harrow,2024-12,Theft from the person,114
Harrow,2024-12,Vehicle crime,143
Harrow,2024-12,Violence and sexual offences,499
Harrow,2025-01,Anti-social behaviour,352
Harrow,2025-01,Bicycle theft,2
Harrow,2025-01,Burglary,99
Harrow,2025-01,Criminal damage and arson,57
Harrow,2025-01,Drugs,54
Harrow,2025-01,Other crime,18
Harrow,2025-01,Other theft,128
Harrow,2025-01,Possession of weapons,5
Harrow,2025-01,Public order,64
Harrow,2025-01,Robbery,40
Harrow,2025-01,Shoplifting,125
Harrow,2025-01,Theft from the person,155
Harrow,2025-01,Vehicle crime,124
Harrow,2025-01,Violence and sexual offences,384
Harrow,2025-02,Anti-social behaviour,364
Harrow,2025-02,Bicycle theft,8
Harrow,2025-02,Burglary,121
Harrow,2025-02,Criminal damage and arson,65
Harrow,2025-02,Drugs,84
Harrow,2025-02,Other crime,22
Harrow,2025-02,Other theft,96
Harrow,2025-02,Possession of weapons,3
Harrow,2025-02,Public order,63
Harrow,2025-02,Robbery,53
Harrow,2025-02,Shoplifting,120
Harrow,2025-02,Theft from the person,68
Harrow,2025-02,Vehicle crime,133
Harrow,2025-02,Violence and sexual offences,406
Harrow,2025-03,Anti-social behaviour,397
Harrow,2025-03,Bicycle theft,6
Harrow,2025-03,Burglary,114
Harrow,2025-03,Criminal damage and arson,89
Harrow,2025-03,Drugs,60
Harrow,2025-03,Other crime,13
Harrow,2025-03,Other theft,117
Harrow,2025-03,Possession of weapons,2
Harrow,2025-03,Public order,62
Harrow,2025-03,Robbery,37
Harrow,2025-03,Shoplifting,133
Harrow,2025-03,Theft from the person,88
Harrow,2025-03,Vehicle crime,132
Harrow,2025-03,Violence and sexual offences,433
Harrow,2025-04,Anti-social behaviour,449
Harrow,2025-04,Bicycle theft,3
Harrow,2025-04,Burglary,67
Harrow,2025-04,Criminal damage and arson,96
Harrow,2025-04,Drugs,93
Harrow,2025-04,Other crime,27
Harrow,2025-04,Other theft,101
Harrow,2025-04,Possession of weapons,18
Harrow,2025-04,Public order,71
Harrow,2025-04,Robbery,39
Harrow,2025-04,Shoplifting,81
Harrow,2025-04,Theft from the person,101
Harrow,2025-04,Vehicle crime,158
Harrow,2025-04,Violence and sexual offences,434
Harrow,2025-05,Anti-social behaviour,462
Harrow,2025-05,Bicycle theft,14
Harrow,2025-05,Burglary,83
Harrow,2025-05,Criminal damage and arson,92
Harrow,2025-05,Drugs,81
Harrow,2025-05,Other crime,23
Harrow,2025-05,Other theft,126
Harrow,2025-05,Possession of weapons,8
Harrow,2025-05,Public order,84
Harrow,2025-05,Robbery,49
Harrow,2025-05,Shoplifting,134
Harrow,2025-05,Theft from the person,124
Harrow,2025-05,Vehicle crime,138
Harrow,2025-05,Violence and sexual offences,457
Harrow,2025-06,Anti-social behaviour,517
Harrow,2025-06,Bicycle theft,11
Harrow,2025-06,Burglary,71
Harrow,2025-06,Criminal damage and arson,95
Harrow,2025-06,Drugs,48
Harrow,2025-06,Other crime,18
Harrow,2025-06,Other theft,118
Harrow,2025-06,Possession of weapons,9
Harrow,2025-06,Public order,81
Harrow,2025-06,Robbery,46
Harrow,2025-06,Shoplifting,140
Harrow,2025-06,Theft from the person,103
Harrow,2025-06,Vehicle crime,167
Harrow,2025-06,Violence and sexual offences,508
Harrow,2025-07,Anti-social behaviour,551
Harrow,2025-07,Bicycle theft,17
Harrow,2025-07,Burglary,68
Harrow,2025-07,Criminal damage and arson,89
Harrow,2025-07,Drugs,61
Harrow,2025-07,Other crime,21
Harrow,2025-07,Other theft,128
Harrow,2025-07,Possession of weapons,4
Harrow,2025-07,Public order,93
Harrow,2025-07,Robbery,62
Harrow,2025-07,Shoplifting,150
Harrow,2025-07,Theft from the person,106
Harrow,2025-07,Vehicle crime,169
Harrow,2025-07,Violence and sexual offences,489
Harrow,2025-08,Anti-social behaviour,467
Harrow,2025-08,Bicycle theft,6
Harrow,2025-08,Burglary,78
Harrow,2025-08,Criminal damage and arson,86
Harrow,2025-08,Drugs,67
Harrow,2025-08,Other crime,17
Harrow,2025-08,Other theft,125
Harrow,2025-08,Possession of weapons,11
Harrow,2025-08,Public order,79
Harrow,2025-08,Robbery,43
Harrow,2025-08,Shoplifting,153
Harrow,2025-08,Theft from the person,98
Harrow,2025-08,Vehicle crime,156
Harrow,2025-08,Violence and sexual offences,454
Harrow,2025-09,Anti-social behaviour,391
Harrow,2025-09,Bicycle theft,10
Harrow,2025-09,Burglary,96
Harrow,2025-09,Criminal damage and arson,89
Harrow,2025-09,Drugs,86
Harrow,2025-09,Other crime,13
Harrow,2025-09,Other theft,123
Harrow,2025-09,Possession of weapons,6
Harrow,2025-09,Public order,89
Harrow,2025-09,Robbery,62
Harrow,2025-09,Shoplifting,129
Harrow,2025-09,Theft from the person,89
Harrow,2025-09,Vehicle crime,152
Harrow,2025-09,Violence and sexual offences,468
Harrow,2025-10,Anti-social behaviour,537
Harrow,2025-10,Bicycle theft,12
Harrow,2025-10,Burglary,116
Harrow,2025-10,Criminal damage and arson,83
Harrow,2025-10,Drugs,105
Harrow,2025-10,Other crime,29
Harrow,2025-10,Other theft,124
Harrow,2025-10,Possession of weapons,8
Harrow,2025-10,Public order,112
Harrow,2025-10,Robbery,57
Harrow,2025-10,Shoplifting,133
Harrow,2025-10,Theft from the person,71
Harrow,2025-10,Vehicle crime,165
Harrow,2025-10,Violence and sexual offences,470
Harrow,2025-11,Anti-social behaviour,428
Harrow,2025-11,Bicycle theft,8
Harrow,2025-11,Burglary,123
Harrow,2025-11,Criminal damage and arson,94
Harrow,2025-11,Drugs,141
Harrow,2025-11,Other crime,23
Harrow,2025-11,Other theft,116
Harrow,2025-11,Possession of weapons,6
Harrow,2025-11,Public order,82
Harrow,2025-11,Robbery,35
Harrow,2025-11,Shoplifting,121
Harrow,2025-11,Theft from the person,72
Harrow,2025-11,Vehicle crime,152
Harrow,2025-11,Violence and sexual offences,475
Harrow,2025-12,Anti-social behaviour,413
Harrow,2025-12,Bicycle theft,9
Harrow,2025-12,Burglary,105
Harrow,2025-12,Criminal damage and arson,74
Harrow,2025-12,Drugs,86
Harrow,2025-12,Other crime,11
Harrow,2025-12,Other theft,114
Harrow,2025-12,Possession of weapons,10
Harrow,2025-12,Public order,82
Harrow,2025-12,Robbery,35
Harrow,2025-12,Shoplifting,141
Harrow,2025-12,Theft from the person,62
Harrow,2025-12,Vehicle crime,133
Harrow,2025-12,Violence and sexual offences,417
Havering,2024-12,Anti-social behaviour,320
Havering,2024-12,Bicycle theft,4
Havering,2024-12,Burglary,88
Havering,2024-12,Criminal damage and arson,83
Havering,2024-12,Drugs,102
Havering,2024-12,Other crime,29
Havering,2024-12,Other theft,122
Havering,2024-12,Possession of weapons,13
Havering,2024-12,Public order,92
Havering,2024-12,Robbery,52
Havering,2024-12,Shoplifting,160
Havering,2024-12,Theft from the person,48
Havering,2024-12,Vehicle crime,142
Havering,2024-12,Violence and sexual offences,503
Havering,2025-01,Anti-social behaviour,353
Havering,2025-01,Bicycle theft,4
Havering,2025-01,Burglary,85
Havering,2025-01,Criminal damage and arson,88
Havering,2025-01,Drugs,80
Havering,2025-01,Other crime,18
Havering,2025-01,Other theft,113
Havering,2025-01,Possession of weapons,6
Havering,2025-01,Public order,101
Havering,2025-01,Robbery,47
Havering,2025-01,Shoplifting,182
Havering,2025-01,Theft from the person,45
Havering,2025-01,Vehicle crime,173
Havering,2025-01,Violence and sexual offences,516
Havering,2025-02,Anti-social behaviour,313
Havering,2025-02,Bicycle theft,2
Havering,2025-02,Burglary,55
Havering,2025-02,Criminal damage and arson,106
Havering,2025-02,Drugs,77
Havering,2025-02,Other crime,32
Havering,2025-02,Other theft,109
Havering,2025-02,Possession of weapons,7
Havering,2025-02,Public order,74
Havering,2025-02,Robbery,54
Havering,2025-02,Shoplifting,191
Havering,2025-02,Theft from the person,42
Havering,2025-02,Vehicle crime,188
Havering,2025-02,Violence and sexual offences,415
Havering,2025-03,Anti-social behaviour,421
Havering,2025-03,Bicycle theft,10
Havering,2025-03,Burglary,58
Havering,2025-03,Criminal damage and arson,112
Havering,2025-03,Drugs,106
Havering,2025-03,Other crime,25
Havering,2025-03,Other theft,100
Havering,2025-03,Possession of weapons,7
Havering,2025-03,Public order,105
Havering,2025-03,Robbery,52
Havering,2025-03,Shoplifting,174
Havering,2025-03,Theft from the person,50
Havering,2025-03,Vehicle crime,197
Havering,2025-03,Violence and sexual offences,615
Havering,2025-04,Anti-social behaviour,417
Havering,2025-04,Bicycle theft,7
Havering,2025-04,Burglary,73
Havering,2025-04,Criminal damage and arson,114
Havering,2025-04,Drugs,96
Havering,2025-04,Other crime,31
Havering,2025-04,Other theft,130
Havering,2025-04,Possession of weapons,8
Havering,2025-04,Public order,92
Havering,2025-04,Robbery,52
Havering,2025-04,Shoplifting,196
Havering,2025-04,Theft from the person,30
Havering,2025-04,Vehicle crime,199
Havering,2025-04,Violence and sexual offences,541
Havering,2025-05,Anti-social behaviour,476
Havering,2025-05,Bicycle theft,14
Havering,2025-05,Burglary,89
Havering,2025-05,Criminal damage and arson,114
Havering,2025-05,Drugs,122
Havering,2025-05,Other crime,26
Havering,2025-05,Other theft,135
Havering,2025-05,Possession of weapons,8
Havering,2025-05,Public order,104
Havering,2025-05,Robbery,44
Havering,2025-05,Shoplifting,230
Havering,2025-05,Theft from the person,34
Havering,2025-05,Vehicle crime,191
Havering,2025-05,Violence and sexual offences,551
Havering,2025-06,Anti-social behaviour,499
Havering,2025-06,Bicycle theft,13
Havering,2025-06,Burglary,69
Havering,2025-06,Criminal damage and arson,118
Havering,2025-06,Drugs,150
Havering,2025-06,Other crime,30
Havering,2025-06,Other theft,147
Havering,2025-06,Possession of weapons,11
Havering,2025-06,Public order,147
Havering,2025-06,Robbery,45
Havering,2025-06,Shoplifting,192
Havering,2025-06,Theft from the person,22
Havering,2025-06,Vehicle crime,189
Havering,2025-06,Violence and sexual offences,627
Havering,2025-07,Anti-social behaviour,563
Havering,2025-07,Bicycle theft,17
Havering,2025-07,Burglary,65
Havering,2025-07,Criminal damage and arson,117
Havering,2025-07,Drugs,159
Havering,2025-07,Other crime,24
Havering,2025-07,Other theft,132
Havering,2025-07,Possession of weapons,14
Havering,2025-07,Public order,149
Havering,2025-07,Robbery,68
Havering,2025-07,Shoplifting,203
Havering,2025-07,Theft from the person,29
Havering,2025-07,Vehicle crime,194
Havering,2025-07,Violence and sexual offences,658
Havering,2025-08,Anti-social behaviour,514
Havering,2025-08,Bicycle theft,8
Havering,2025-08,Burglary,82
Havering,2025-08,Criminal damage and arson,115
Havering,2025-08,Drugs,132
Havering,2025-08,Other crime,32
Havering,2025-08,Other theft,108
Havering,2025-08,Possession of weapons,13
Havering,2025-08,Public order,137
Havering,2025-08,Robbery,54
Havering,2025-08,Shoplifting,211
Havering,2025-08,Theft from the person,30
Havering,2025-08,Vehicle crime,148
Havering,2025-08,Violence and sexual offences,578
Havering,2025-09,Anti-social behaviour,388
Havering,2025-09,Bicycle theft,2
Havering,2025-09,Burglary,69
Havering,2025-09,Criminal damage and arson,130
Havering,2025-09,Drugs,106
Havering,2025-09,Other crime,27
Havering,2025-09,Other theft,137
Havering,2025-09,Possession of weapons,10
Havering,2025-09,Public order,106
Havering,2025-09,Robbery,56
Havering,2025-09,Shoplifting,184
Havering,2025-09,Theft from the person,43
Havering,2025-09,Vehicle crime,165
Havering,2025-09,Violence and sexual offences,544
Havering,2025-10,Anti-social behaviour,490
Havering,2025-10,Bicycle theft,11
Havering,2025-10,Burglary,80
Havering,2025-10,Criminal damage and arson,110
Havering,2025-10,Drugs,100
Havering,2025-10,Other crime,23
Havering,2025-10,Other theft,130
Havering,2025-10,Possession of weapons,16
Havering,2025-10,Public order,114
Havering,2025-10,Robbery,39
Havering,2025-10,Shoplifting,169
Havering,2025-10,Theft from the person,40
Havering,2025-10,Vehicle crime,160
Havering,2025-10,Violence and sexual offences,571
Havering,2025-11,Anti-social behaviour,425
Havering,2025-11,Bicycle theft,11
Havering,2025-11,Burglary,93
Havering,2025-11,Criminal damage and arson,129
Havering,2025-11,Drugs,84
Havering,2025-11,Other crime,14
Havering,2025-11,Other theft,106
Havering,2025-11,Possession of weapons,17
Havering,2025-11,Public order,91
Havering,2025-11,Robbery,65
Havering,2025-11,Shoplifting,150
Havering,2025-11,Theft from the person,43
Havering,2025-11,Vehicle crime,185
Havering,2025-11,Violence and sexual offences,565
Havering,2025-12,Anti-social behaviour,380
Havering,2025-12,Bicycle theft,6
Havering,2025-12,Burglary,91
Havering,2025-12,Criminal damage and arson,126
Havering,2025-12,Drugs,115
Havering,2025-12,Other crime,33
Havering,2025-12,Other theft,141
Havering,2025-12,Possession of weapons,15
Havering,2025-12,Public order,110
Havering,2025-12,Robbery,57
Havering,2025-12,Shoplifting,169
Havering,2025-12,Theft from the person,40
Havering,2025-12,Vehicle crime,172
Havering,2025-12,Violence and sexual offences,554
Hillingdon,2024-12,Anti-social behaviour,659
Hillingdon,2024-12,Bicycle theft,10
Hillingdon,2024-12,Burglary,123
Hillingdon,2024-12,Criminal damage and arson,184
Hillingdon,2024-12,Drugs,81
Hillingdon,2024-12,Other crime,134
Hillingdon,2024-12,Other theft,273
Hillingdon,2024-12,Possession of weapons,4
Hillingdon,2024-12,Public order,147
Hillingdon,2024-12,Robbery,61
Hillingdon,2024-12,Shoplifting,215
Hillingdon,2024-12,Theft from the person,101
Hillingdon,2024-12,Vehicle crime,303
Hillingdon,2024-12,Violence and sexual offences,747
Hillingdon,2025-01,Anti-social behaviour,624
Hillingdon,2025-01,Bicycle theft,12
Hillingdon,2025-01,Burglary,148
Hillingdon,2025-01,Criminal damage and arson,226
Hillingdon,2025-01,Drugs,101
Hillingdon,2025-01,Other crime,150
Hillingdon,2025-01,Other theft,302
Hillingdon,2025-01,Possession of weapons,13
Hillingdon,2025-01,Public order,150
Hillingdon,2025-01,Robbery,60
Hillingdon,2025-01,Shoplifting,232
Hillingdon,2025-01,Theft from the person,108
Hillingdon,2025-01,Vehicle crime,287
Hillingdon,2025-01,Violence and sexual offences,623
Hillingdon,2025-02,Anti-social behaviour,599
Hillingdon,2025-02,Bicycle theft,13
Hillingdon,2025-02,Burglary,158
Hillingdon,2025-02,Criminal damage and arson,164
Hillingdon,2025-02,Drugs,95
Hillingdon,2025-02,Other crime,96
Hillingdon,2025-02,Other theft,239
Hillingdon,2025-02,Possession of weapons,8
Hillingdon,2025-02,Public order,158
Hillingdon,2025-02,Robbery,58
Hillingdon,2025-02,Shoplifting,231
Hillingdon,2025-02,Theft from the person,92
Hillingdon,2025-02,Vehicle crime,292
Hillingdon,2025-02,Violence and sexual offences,769
Hillingdon,2025-03,Anti-social behaviour,727
Hillingdon,2025-03,Bicycle theft,19
Hillingdon,2025-03,Burglary,149
Hillingdon,2025-03,Criminal damage and arson,195
Hillingdon,2025-03,Drugs,66
Hillingdon,2025-03,Other crime,169
Hillingdon,2025-03,Other theft,257
Hillingdon,2025-03,Possession of weapons,14
Hillingdon,2025-03,Public order,145
Hillingdon,2025-03,Robbery,46
Hillingdon,2025-03,Shoplifting,191
Hillingdon,2025-03,Theft from the person,86
Hillingdon,2025-03,Vehicle crime,287
Hillingdon,2025-03,Violence and sexual offences,791
Hillingdon,2025-04,Anti-social behaviour,809
Hillingdon,2025-04,Bicycle theft,22
Hillingdon,2025-04,Burglary,83
Hillingdon,2025-04,Criminal damage and arson,181
Hillingdon,2025-04,Drugs,116
Hillingdon,2025-04,Other crime,137
Hillingdon,2025-04,Other theft,242
Hillingdon,2025-04,Possession of weapons,28
Hillingdon,2025-04,Public order,184
Hillingdon,2025-04,Robbery,51
Hillingdon,2025-04,Shoplifting,211
Hillingdon,2025-04,Theft from the person,95
Hillingdon,2025-04,Vehicle crime,263
Hillingdon,2025-04,Violence and sexual offences,825
Hillingdon,2025-05,Anti-social behaviour,851
Hillingdon,2025-05,Bicycle theft,19
Hillingdon,2025-05,Burglary,90
Hillingdon,2025-05,Criminal damage and arson,167
Hillingdon,2025-05,Drugs,135
Hillingdon,2025-05,Other crime,133
Hillingdon,2025-05,Other theft,272
Hillingdon,2025-05,Possession of weapons,6
Hillingdon,2025-05,Public order,164
Hillingdon,2025-05,Robbery,69
Hillingdon,2025-05,Shoplifting,219
Hillingdon,2025-05,Theft from the person,80
Hillingdon,2025-05,Vehicle crime,322
Hillingdon,2025-05,Violence and sexual offences,866
Hillingdon,2025-06,Anti-social behaviour,808
Hillingdon,2025-06,Bicycle theft,19
Hillingdon,2025-06,Burglary,87
Hillingdon,2025-06,Criminal damage and arson,183
Hillingdon,2025-06,Drugs,110
Hillingdon,2025-06,Other crime,175
Hillingdon,2025-06,Other theft,256
Hillingdon,2025-06,Possession of weapons,10
Hillingdon,2025-06,Public order,194
Hillingdon,2025-06,Robbery,64
Hillingdon,2025-06,Shoplifting,244
Hillingdon,2025-06,Theft from the person,124
Hillingdon,2025-06,Vehicle crime,273
Hillingdon,2025-06,Violence and sexual offences,881
Hillingdon,2025-07,Anti-social behaviour,866
Hillingdon,2025-07,Bicycle theft,21
Hillingdon,2025-07,Burglary,94
Hillingdon,2025-07,Criminal damage and arson,197
Hillingdon,2025-07,Drugs,174
Hillingdon,2025-07,Other crime,179
Hillingdon,2025-07,Other theft,280
Hillingdon,2025-07,Possession of weapons,24
Hillingdon,2025-07,Public order,241
Hillingdon,2025-07,Robbery,60
Hillingdon,2025-07,Shoplifting,284
Hillingdon,2025-07,Theft from the person,113
Hillingdon,2025-07,Vehicle crime,259
Hillingdon,2025-07,Violence and sexual offences,942
Hillingdon,2025-08,Anti-social behaviour,846
Hillingdon,2025-08,Bicycle theft,25
Hillingdon,2025-08,Burglary,107
Hillingdon,2025-08,Criminal damage and arson,167
Hillingdon,2025-08,Drugs,118
Hillingdon,2025-08,Other crime,213
Hillingdon,2025-08,Other theft,271
Hillingdon,2025-08,Possession of weapons,9
Hillingdon,2025-08,Public order,210
Hillingdon,2025-08,Robbery,62
Hillingdon,2025-08,Shoplifting,308
Hillingdon,2025-08,Theft from the person,76
Hillingdon,2025-08,Vehicle crime,294
Hillingdon,2025-08,Violence and sexual offences,772
Hillingdon,2025-09,Anti-social behaviour,678
Hillingdon,2025-09,Bicycle theft,26
Hillingdon,2025-09,Burglary,117
Hillingdon,2025-09,Criminal damage and arson,170
Hillingdon,2025-09,Drugs,137
Hillingdon,2025-09,Other crime,167
Hillingdon,2025-09,Other theft,249
Hillingdon,2025-09,Possession of weapons,7
Hillingdon,2025-09,Public order,199
Hillingdon,2025-09,Robbery,78
Hillingdon,2025-09,Shoplifting,300
Hillingdon,2025-09,Theft from the person,89
Hillingdon,2025-09,Vehicle crime,323
Hillingdon,2025-09,Violence and sexual offences,821
Hillingdon,2025-10,Anti-social behaviour,870
Hillingdon,2025-10,Bicycle theft,43
Hillingdon,2025-10,Burglary,144
Hillingdon,2025-10,Criminal damage and arson,167
Hillingdon,2025-10,Drugs,144
Hillingdon,2025-10,Other crime,177
Hillingdon,2025-10,Other theft,277
Hillingdon,2025-10,Possession of weapons,17
Hillingdon,2025-10,Public order,192
Hillingdon,2025-10,Robbery,46
Hillingdon,2025-10,Shoplifting,278
Hillingdon,2025-10,Theft from the person,97
Hillingdon,2025-10,Vehicle crime,276
Hillingdon,2025-10,Violence and sexual offences,782
Hillingdon,2025-11,Anti-social behaviour,674
Hillingdon,2025-11,Bicycle theft,18
Hillingdon,2025-11,Burglary,129
Hillingdon,2025-11,Criminal damage and arson,166
Hillingdon,2025-11,Drugs,223
Hillingdon,2025-11,Other crime,154
Hillingdon,2025-11,Other theft,293
Hillingdon,2025-11,Possession of weapons,11
Hillingdon,2025-11,Public order,168
Hillingdon,2025-11,Robbery,60
Hillingdon,2025-11,Shoplifting,287
Hillingdon,2025-11,Theft from the person,92
Hillingdon,2025-11,Vehicle crime,332
Hillingdon,2025-11,Violence and sexual offences,750
Hillingdon,2025-12,Anti-social behaviour,670
Hillingdon,2025-12,Bicycle theft,16
Hillingdon,2025-12,Burglary,116
Hillingdon,2025-12,Criminal damage and arson,173
Hillingdon,2025-12,Drugs,128
Hillingdon,2025-12,Other crime,133
Hillingdon,2025-12,Other theft,298
Hillingdon,2025-12,Possession of weapons,17
Hillingdon,2025-12,Public order,157
Hillingdon,2025-12,Robbery,58
Hillingdon,2025-12,Shoplifting,253
Hillingdon,2025-12,Theft from the person,88
Hillingdon,2025-12,Vehicle crime,277
Hillingdon,2025-12,Violence and sexual offences,825
Hounslow,2024-12,Anti-social behaviour,478
Hounslow,2024-12,Bicycle theft,36
Hounslow,2024-12,Burglary,150
Hounslow,2024-12,Criminal damage and arson,125
Hounslow,2024-12,Drugs,72
Hounslow,2024-12,Other crime,41
Hounslow,2024-12,Other theft,212
Hounslow,2024-12,Possession of weapons,8
Hounslow,2024-12,Public order,130
Hounslow,2024-12,Robbery,58
Hounslow,2024-12,Shoplifting,204
Hounslow,2024-12,Theft from the person,82
Hounslow,2024-12,Vehicle crime,283
Hounslow,2024-12,Violence and sexual offences,745
Hounslow,2025-01,Anti-social behaviour,467
Hounslow,2025-01,Bicycle theft,20
Hounslow,2025-01,Burglary,91
Hounslow,2025-01,Criminal damage and arson,150
Hounslow,2025-01,Drugs,76
Hounslow,2025-01,Other crime,32
Hounslow,2025-01,Other theft,160
Hounslow,2025-01,Possession of weapons,4
Hounslow,2025-01,Public order,151
Hounslow,2025-01,Robbery,51
Hounslow,2025-01,Shoplifting,196
Hounslow,2025-01,Theft from the person,81
Hounslow,2025-01,Vehicle crime,245
Hounslow,2025-01,Violence and sexual offences,685
Hounslow,2025-02,Anti-social behaviour,473
Hounslow,2025-02,Bicycle theft,20
Hounslow,2025-02,Burglary,100
Hounslow,2025-02,Criminal damage and arson,156
Hounslow,2025-02,Drugs,92
Hounslow,2025-02,Other crime,25
Hounslow,2025-02,Other theft,165
Hounslow,2025-02,Possession of weapons,8
Hounslow,2025-02,Public order,128
Hounslow,2025-02,Robbery,46
Hounslow,2025-02,Shoplifting,169
Hounslow,2025-02,Theft from the person,88
Hounslow,2025-02,Vehicle crime,288
Hounslow,2025-02,Violence and sexual offences,645
Hounslow,2025-03,Anti-social behaviour,561
Hounslow,2025-03,Bicycle theft,36
Hounslow,2025-03,Burglary,84
Hounslow,2025-03,Criminal damage and arson,167
Hounslow,2025-03,Drugs,77
Hounslow,2025-03,Other crime,33
Hounslow,2025-03,Other theft,141
Hounslow,2025-03,Possession of weapons,17
Hounslow,2025-03,Public order,159
Hounslow,2025-03,Robbery,36
Hounslow,2025-03,Shoplifting,164
Hounslow,2025-03,Theft from the person,92
Hounslow,2025-03,Vehicle crime,270
Hounslow,2025-03,Violence and sexual offences,742
Hounslow,2025-04,Anti-social behaviour,571
Hounslow,2025-04,Bicycle theft,67
Hounslow,2025-04,Burglary,77
Hounslow,2025-04,Criminal damage and arson,168
Hounslow,2025-04,Drugs,122
Hounslow,2025-04,Other crime,43
Hounslow,2025-04,Other theft,177
Hounslow,2025-04,Possession of weapons,13
Hounslow,2025-04,Public order,139
Hounslow,2025-04,Robbery,52
Hounslow,2025-04,Shoplifting,175
Hounslow,2025-04,Theft from the person,68
Hounslow,2025-04,Vehicle crime,189
Hounslow,2025-04,Violence and sexual offences,769
Hounslow,2025-05,Anti-social behaviour,686
Hounslow,2025-05,Bicycle theft,35
Hounslow,2025-05,Burglary,106
Hounslow,2025-05,Criminal damage and arson,147
Hounslow,2025-05,Drugs,161
Hounslow,2025-05,Other crime,34
Hounslow,2025-05,Other theft,177
Hounslow,2025-05,Possession of weapons,12
Hounslow,2025-05,Public order,177
Hounslow,2025-05,Robbery,65
Hounslow,2025-05,Shoplifting,286
Hounslow,2025-05,Theft from the person,60
Hounslow,2025-05,Vehicle crime,260
Hounslow,2025-05,Violence and sexual offences,792
Hounslow,2025-06,Anti-social behaviour,712
Hounslow,2025-06,Bicycle theft,37
Hounslow,2025-06,Burglary,89
Hounslow,2025-06,Criminal damage and arson,195
Hounslow,2025-06,Drugs,143
Hounslow,2025-06,Other crime,28
Hounslow,2025-06,Other theft,202
Hounslow,2025-06,Possession of weapons,21
Hounslow,2025-06,Public order,195
Hounslow,2025-06,Robbery,50
Hounslow,2025-06,Shoplifting,325
Hounslow,2025-06,Theft from the person,64
Hounslow,2025-06,Vehicle crime,262
Hounslow,2025-06,Violence and sexual offences,870
Hounslow,2025-07,Anti-social behaviour,659
Hounslow,2025-07,Bicycle theft,48
Hounslow,2025-07,Burglary,114
Hounslow,2025-07,Criminal damage and arson,180
Hounslow,2025-07,Drugs,128
Hounslow,2025-07,Other crime,60
Hounslow,2025-07,Other theft,162
Hounslow,2025-07,Possession of weapons,21
Hounslow,2025-07,Public order,195
Hounslow,2025-07,Robbery,57
Hounslow,2025-07,Shoplifting,319
Hounslow,2025-07,Theft from the person,89
Hounslow,2025-07,Vehicle crime,268
Hounslow,2025-07,Violence and sexual offences,876
Hounslow,2025-08,Anti-social behaviour,729
Hounslow,2025-08,Bicycle theft,34
Hounslow,2025-08,Burglary,120
Hounslow,2025-08,Criminal damage and arson,170
Hounslow,2025-08,Drugs,121
Hounslow,2025-08,Other crime,23
Hounslow,2025-08,Other theft,181
Hounslow,2025-08,Possession of weapons,18
Hounslow,2025-08,Public order,196
Hounslow,2025-08,Robbery,60
Hounslow,2025-08,Shoplifting,275
Hounslow,2025-08,Theft from the person,84
Hounslow,2025-08,Vehicle crime,202
Hounslow,2025-08,Violence and sexual offences,776
Hounslow,2025-09,Anti-social behaviour,613
Hounslow,2025-09,Bicycle theft,52
Hounslow,2025-09,Burglary,121
Hounslow,2025-09,Criminal damage and arson,194
Hounslow,2025-09,Drugs,107
Hounslow,2025-09,Other crime,22
Hounslow,2025-09,Other theft,188
Hounslow,2025-09,Possession of weapons,5
Hounslow,2025-09,Public order,186
Hounslow,2025-09,Robbery,52
Hounslow,2025-09,Shoplifting,184
Hounslow,2025-09,Theft from the person,102
Hounslow,2025-09,Vehicle crime,253
Hounslow,2025-09,Violence and sexual offences,756
Hounslow,2025-10,Anti-social behaviour,764
Hounslow,2025-10,Bicycle theft,36
Hounslow,2025-10,Burglary,117
Hounslow,2025-10,Criminal damage and arson,175
Hounslow,2025-10,Drugs,130
Hounslow,2025-10,Other crime,38
Hounslow,2025-10,Other theft,212
Hounslow,2025-10,Possession of weapons,11
Hounslow,2025-10,Public order,202
Hounslow,2025-10,Robbery,53
Hounslow,2025-10,Shoplifting,203
Hounslow,2025-10,Theft from the person,57
Hounslow,2025-10,Vehicle crime,224
Hounslow,2025-10,Violence and sexual offences,818
Hounslow,2025-11,Anti-social behaviour,513
Hounslow,2025-11,Bicycle theft,40
Hounslow,2025-11,Burglary,133
Hounslow,2025-11,Criminal damage and arson,167
Hounslow,2025-11,Drugs,124
Hounslow,2025-11,Other crime,34
Hounslow,2025-11,Other theft,187
Hounslow,2025-11,Possession of weapons,17
Hounslow,2025-11,Public order,166
Hounslow,2025-11,Robbery,33
Hounslow,2025-11,Shoplifting,198
Hounslow,2025-11,Theft from the person,74
Hounslow,2025-11,Vehicle crime,231
Hounslow,2025-11,Violence and sexual offences,848
Hounslow,2025-12,Anti-social behaviour,488
Hounslow,2025-12,Bicycle theft,29
Hounslow,2025-12,Burglary,107
Hounslow,2025-12,Criminal damage and arson,132
Hounslow,2025-12,Drugs,110
Hounslow,2025-12,Other crime,33
Hounslow,2025-12,Other theft,206
Hounslow,2025-12,Possession of weapons,19
Hounslow,2025-12,Public order,149
Hounslow,2025-12,Robbery,45
Hounslow,2025-12,Shoplifting,173
Hounslow,2025-12,Theft from the person,75
Hounslow,2025-12,Vehicle crime,205
Hounslow,2025-12,Violence and sexual offences,764
Islington,2024-12,Anti-social behaviour,636
Islington,2024-12,Bicycle theft,56
Islington,2024-12,Burglary,150
Islington,2024-12,Criminal damage and arson,135
Islington,2024-12,Drugs,140
Islington,2024-12,Other crime,15
Islington,2024-12,Other theft,323
Islington,2024-12,Possession of weapons,8
Islington,2024-12,Public order,155
Islington,2024-12,Robbery,134
Islington,2024-12,Shoplifting,223
Islington,2024-12,Theft from the person,378
Islington,2024-12,Vehicle crime,192
Islington,2024-12,Violence and sexual offences,678
Islington,2025-01,Anti-social behaviour,684
Islington,2025-01,Bicycle theft,61
Islington,2025-01,Burglary,137
Islington,2025-01,Criminal damage and arson,148
Islington,2025-01,Drugs,158
Islington,2025-01,Other crime,47
Islington,2025-01,Other theft,306
Islington,2025-01,Possession of weapons,7
Islington,2025-01,Public order,169
Islington,2025-01,Robbery,95
Islington,2025-01,Shoplifting,291
Islington,2025-01,Theft from the person,307
Islington,2025-01,Vehicle crime,227
Islington,2025-01,Violence and sexual offences,669
Islington,2025-02,Anti-social behaviour,610
Islington,2025-02,Bicycle theft,55
Islington,2025-02,Burglary,113
Islington,2025-02,Criminal damage and arson,150
Islington,2025-02,Drugs,130
Islington,2025-02,Other crime,28
Islington,2025-02,Other theft,302
Islington,2025-02,Possession of weapons,15
Islington,2025-02,Public order,166
Islington,2025-02,Robbery,84
Islington,2025-02,Shoplifting,255
Islington,2025-02,Theft from the person,313
Islington,2025-02,Vehicle crime,189
Islington,2025-02,Violence and sexual offences,588
Islington,2025-03,Anti-social behaviour,738
Islington,2025-03,Bicycle theft,73
Islington,2025-03,Burglary,142
Islington,2025-03,Criminal damage and arson,179
Islington,2025-03,Drugs,134
Islington,2025-03,Other crime,28
Islington,2025-03,Other theft,244
Islington,2025-03,Possession of weapons,15
Islington,2025-03,Public order,167
Islington,2025-03,Robbery,133
Islington,2025-03,Shoplifting,281
Islington,2025-03,Theft from the person,361
Islington,2025-03,Vehicle crime,274
Islington,2025-03,Violence and sexual offences,710
Islington,2025-04,Anti-social behaviour,761
Islington,2025-04,Bicycle theft,65
Islington,2025-04,Burglary,153
Islington,2025-04,Criminal damage and arson,144
Islington,2025-04,Drugs,213
Islington,2025-04,Other crime,33
Islington,2025-04,Other theft,336
Islington,2025-04,Possession of weapons,17
Islington,2025-04,Public order,164
Islington,2025-04,Robbery,96
Islington,2025-04,Shoplifting,222
Islington,2025-04,Theft from the person,418
Islington,2025-04,Vehicle crime,198
Islington,2025-04,Violence and sexual offences,626
Islington,2025-05,Anti-social behaviour,799
Islington,2025-05,Bicycle theft,78
Islington,2025-05,Burglary,156
Islington,2025-05,Criminal damage and arson,142
Islington,2025-05,Drugs,254
Islington,2025-05,Other crime,22
Islington,2025-05,Other theft,362
Islington,2025-05,Possession of weapons,16
Islington,2025-05,Public order,205
Islington,2025-05,Robbery,132
Islington,2025-05,Shoplifting,292
Islington,2025-05,Theft from the person,362
Islington,2025-05,Vehicle crime,188
Islington,2025-05,Violence and sexual offences,675
Islington,2025-06,Anti-social behaviour,837
Islington,2025-06,Bicycle theft,79
Islington,2025-06,Burglary,146
Islington,2025-06,Criminal damage and arson,140
Islington,2025-06,Drugs,176
Islington,2025-06,Other crime,37
Islington,2025-06,Other theft,332
Islington,2025-06,Possession of weapons,13
Islington,2025-06,Public order,206
Islington,2025-06,Robbery,118
Islington,2025-06,Shoplifting,265
Islington,2025-06,Theft from the person,349
Islington,2025-06,Vehicle crime,148
Islington,2025-06,Violence and sexual offences,696
Islington,2025-07,Anti-social behaviour,926
Islington,2025-07,Bicycle theft,73
Islington,2025-07,Burglary,161
Islington,2025-07,Criminal damage and arson,152
Islington,2025-07,Drugs,229
Islington,2025-07,Other crime,26
Islington,2025-07,Other theft,331
Islington,2025-07,Possession of weapons,17
Islington,2025-07,Public order,201
Islington,2025-07,Robbery,103
Islington,2025-07,Shoplifting,274
Islington,2025-07,Theft from the person,301
Islington,2025-07,Vehicle crime,146
Islington,2025-07,Violence and sexual offences,739
Islington,2025-08,Anti-social behaviour,789
Islington,2025-08,Bicycle theft,51
Islington,2025-08,Burglary,115
Islington,2025-08,Criminal damage and arson,122
Islington,2025-08,Drugs,177
Islington,2025-08,Other crime,29
Islington,2025-08,Other theft,268
Islington,2025-08,Possession of weapons,22
Islington,2025-08,Public order,209
Islington,2025-08,Robbery,106
Islington,2025-08,Shoplifting,255
Islington,2025-08,Theft from the person,392
Islington,2025-08,Vehicle crime,156
Islington,2025-08,Violence and sexual offences,692
Islington,2025-09,Anti-social behaviour,739
Islington,2025-09,Bicycle theft,81
Islington,2025-09,Burglary,146
Islington,2025-09,Criminal damage and arson,124
Islington,2025-09,Drugs,144
Islington,2025-09,Other crime,21
Islington,2025-09,Other theft,369
Islington,2025-09,Possession of weapons,22
Islington,2025-09,Public order,212
Islington,2025-09,Robbery,130
Islington,2025-09,Shoplifting,280
Islington,2025-09,Theft from the person,256
Islington,2025-09,Vehicle crime,180
Islington,2025-09,Violence and sexual offences,660
Islington,2025-10,Anti-social behaviour,764
Islington,2025-10,Bicycle theft,71
Islington,2025-10,Burglary,151
Islington,2025-10,Criminal damage and arson,162
Islington,2025-10,Drugs,184
Islington,2025-10,Other crime,32
Islington,2025-10,Other theft,337
Islington,2025-10,Possession of weapons,21
Islington,2025-10,Public order,203
Islington,2025-10,Robbery,87
Islington,2025-10,Shoplifting,271
Islington,2025-10,Theft from the person,202
Islington,2025-10,Vehicle crime,154
Islington,2025-10,Violence and sexual offences,751
Islington,2025-11,Anti-social behaviour,720
Islington,2025-11,Bicycle theft,73
Islington,2025-11,Burglary,134
Islington,2025-11,Criminal damage and arson,135
Islington,2025-11,Drugs,171
Islington,2025-11,Other crime,23
Islington,2025-11,Other theft,367
Islington,2025-11,Possession of weapons,26
Islington,2025-11,Public order,164
Islington,2025-11,Robbery,90
Islington,2025-11,Shoplifting,273
Islington,2025-11,Theft from the person,248
Islington,2025-11,Vehicle crime,132
Islington,2025-11,Violence and sexual offences,738
Islington,2025-12,Anti-social behaviour,633
Islington,2025-12,Bicycle theft,54
Islington,2025-12,Burglary,120
Islington,2025-12,Criminal damage and arson,98
Islington,2025-12,Drugs,187
Islington,2025-12,Other crime,28
Islington,2025-12,Other theft,376
Islington,2025-12,Possession of weapons,10
Islington,2025-12,Public order,161
Islington,2025-12,Robbery,100
Islington,2025-12,Shoplifting,285
Islington,2025-12,Theft from the person,252
Islington,2025-12,Vehicle crime,147
Islington,2025-12,Violence and sexual offences,630
Kensington and Chelsea,2024-12,Anti-social behaviour,384
Kensington and Chelsea,2024-12,Bicycle theft,14
Kensington and Chelsea,2024-12,Burglary,142
Kensington and Chelsea,2024-12,Criminal damage and arson,104
Kensington and Chelsea,2024-12,Drugs,46
Kensington and Chelsea,2024-12,Other crime,13
Kensington and Chelsea,2024-12,Other theft,248
Kensington and Chelsea,2024-12,Possession of weapons,5
Kensington and Chelsea,2024-12,Public order,89
Kensington and Chelsea,2024-12,Robbery,65
Kensington and Chelsea,2024-12,Shoplifting,229
Kensington and Chelsea,2024-12,Theft from the person,200
Kensington and Chelsea,2024-12,Vehicle crime,227
Kensington and Chelsea,2024-12,Violence and sexual offences,366
Kensington and Chelsea,2025-01,Anti-social behaviour,382
Kensington and Chelsea,2025-01,Bicycle theft,21
Kensington and Chelsea,2025-01,Burglary,121
Kensington and Chelsea,2025-01,Criminal damage and arson,78
Kensington and Chelsea,2025-01,Drugs,56
Kensington and Chelsea,2025-01,Other crime,14
Kensington and Chelsea,2025-01,Other theft,215
Kensington and Chelsea,2025-01,Possession of weapons,5
Kensington and Chelsea,2025-01,Public order,80
Kensington and Chelsea,2025-01,Robbery,59
Kensington and Chelsea,2025-01,Shoplifting,196
Kensington and Chelsea,2025-01,Theft from the person,207
Kensington and Chelsea,2025-01,Vehicle crime,234
Kensington and Chelsea,2025-01,Violence and sexual offences,339
Kensington and Chelsea,2025-02,Anti-social behaviour,367
Kensington and Chelsea,2025-02,Bicycle theft,17
Kensington and Chelsea,2025-02,Burglary,93
Kensington and Chelsea,2025-02,Criminal damage and arson,96
Kensington and Chelsea,2025-02,Drugs,45
Kensington and Chelsea,2025-02,Other crime,23
Kensington and Chelsea,2025-02,Other theft,225
Kensington and Chelsea,2025-02,Possession of weapons,8
Kensington and Chelsea,2025-02,Public order,77
Kensington and Chelsea,2025-02,Robbery,60
Kensington and Chelsea,2025-02,Shoplifting,197
Kensington and Chelsea,2025-02,Theft from the person,161
Kensington and Chelsea,2025-02,Vehicle crime,274
Kensington and Chelsea,2025-02,Violence and sexual offences,413
Kensington and Chelsea,2025-03,Anti-social behaviour,424
Kensington and Chelsea,2025-03,Bicycle theft,16
Kensington and Chelsea,2025-03,Burglary,103
Kensington and Chelsea,2025-03,Criminal damage and arson,91
Kensington and Chelsea,2025-03,Drugs,51
Kensington and Chelsea,2025-03,Other crime,20
Kensington and Chelsea,2025-03,Other theft,214
Kensington and Chelsea,2025-03,Possession of weapons,8
Kensington and Chelsea,2025-03,Public order,92
Kensington and Chelsea,2025-03,Robbery,49
Kensington and Chelsea,2025-03,Shoplifting,229
Kensington and Chelsea,2025-03,Theft from the person,203
Kensington and Chelsea,2025-03,Vehicle crime,246
Kensington and Chelsea,2025-03,Violence and sexual offences,410
Kensington and Chelsea,2025-04,Anti-social behaviour,433
Kensington and Chelsea,2025-04,Bicycle theft,31
Kensington and Chelsea,2025-04,Burglary,96
Kensington and Chelsea,2025-04,Criminal damage and arson,78
Kensington and Chelsea,2025-04,Drugs,66
Kensington and Chelsea,2025-04,Other crime,12
Kensington and Chelsea,2025-04,Other theft,217
Kensington and Chelsea,2025-04,Possession of weapons,12
Kensington and Chelsea,2025-04,Public order,117
Kensington and Chelsea,2025-04,Robbery,59
Kensington and Chelsea,2025-04,Shoplifting,209
Kensington and Chelsea,2025-04,Theft from the person,193
Kensington and Chelsea,2025-04,Vehicle crime,179
Kensington and Chelsea,2025-04,Violence and sexual offences,443
Kensington and Chelsea,2025-05,Anti-social behaviour,486
Kensington and Chelsea,2025-05,Bicycle theft,37
Kensington and Chelsea,2025-05,Burglary,105
Kensington and Chelsea,2025-05,Criminal damage and arson,100
Kensington and Chelsea,2025-05,Drugs,66
Kensington and Chelsea,2025-05,Other crime,10
Kensington and Chelsea,2025-05,Other theft,257
Kensington and Chelsea,2025-05,Possession of weapons,9
Kensington and Chelsea,2025-05,Public order,102
Kensington and Chelsea,2025-05,Robbery,72
Kensington and Chelsea,2025-05,Shoplifting,275
Kensington and Chelsea,2025-05,Theft from the person,159
Kensington and Chelsea,2025-05,Vehicle crime,198
Kensington and Chelsea,2025-05,Violence and sexual offences,438
Kensington and Chelsea,2025-06,Anti-social behaviour,466
Kensington and Chelsea,2025-06,Bicycle theft,36
Kensington and Chelsea,2025-06,Burglary,101
Kensington and Chelsea,2025-06,Criminal damage and arson,98
Kensington and Chelsea,2025-06,Drugs,68
Kensington and Chelsea,2025-06,Other crime,19
Kensington and Chelsea,2025-06,Other theft,281
Kensington and Chelsea,2025-06,Possession of weapons,13
Kensington and Chelsea,2025-06,Public order,124
Kensington and Chelsea,2025-06,Robbery,64
Kensington and Chelsea,2025-06,Shoplifting,325
Kensington and Chelsea,2025-06,Theft from the person,176
Kensington and Chelsea,2025-06,Vehicle crime,189
Kensington and Chelsea,2025-06,Violence and sexual offences,444
Kensington and Chelsea,2025-07,Anti-social behaviour,475
Kensington and Chelsea,2025-07,Bicycle theft,40
Kensington and Chelsea,2025-07,Burglary,107
Kensington and Chelsea,2025-07,Criminal damage and arson,107
Kensington and Chelsea,2025-07,Drugs,81
Kensington and Chelsea,2025-07,Other crime,10
Kensington and Chelsea,2025-07,Other theft,238
Kensington and Chelsea,2025-07,Possession of weapons,14
Kensington and Chelsea,2025-07,Public order,132
Kensington and Chelsea,2025-07,Robbery,40
Kensington and Chelsea,2025-07,Shoplifting,339
Kensington and Chelsea,2025-07,Theft from the person,147
Kensington and Chelsea,2025-07,Vehicle crime,192
Kensington and Chelsea,2025-07,Violence and sexual offences,471
Kensington and Chelsea,2025-08,Anti-social behaviour,512
Kensington and Chelsea,2025-08,Bicycle theft,21
Kensington and Chelsea,2025-08,Burglary,83
Kensington and Chelsea,2025-08,Criminal damage and arson,111
Kensington and Chelsea,2025-08,Drugs,469
Kensington and Chelsea,2025-08,Other crime,16
Kensington and Chelsea,2025-08,Other theft,266
Kensington and Chelsea,2025-08,Possession of weapons,37
Kensington and Chelsea,2025-08,Public order,177
Kensington and Chelsea,2025-08,Robbery,63
Kensington and Chelsea,2025-08,Shoplifting,335
Kensington and Chelsea,2025-08,Theft from the person,319
Kensington and Chelsea,2025-08,Vehicle crime,200
Kensington and Chelsea,2025-08,Violence and sexual offences,587
Kensington and Chelsea,2025-09,Anti-social behaviour,394
Kensington and Chelsea,2025-09,Bicycle theft,35
Kensington and Chelsea,2025-09,Burglary,99
Kensington and Chelsea,2025-09,Criminal damage and arson,81
Kensington and Chelsea,2025-09,Drugs,64
Kensington and Chelsea,2025-09,Other crime,13
Kensington and Chelsea,2025-09,Other theft,238
Kensington and Chelsea,2025-09,Possession of weapons,4
Kensington and Chelsea,2025-09,Public order,108
Kensington and Chelsea,2025-09,Robbery,46
Kensington and Chelsea,2025-09,Shoplifting,302
Kensington and Chelsea,2025-09,Theft from the person,114
Kensington and Chelsea,2025-09,Vehicle crime,182
Kensington and Chelsea,2025-09,Violence and sexual offences,428
Kensington and Chelsea,2025-10,Anti-social behaviour,405
Kensington and Chelsea,2025-10,Bicycle theft,38
Kensington and Chelsea,2025-10,Burglary,149
Kensington and Chelsea,2025-10,Criminal damage and arson,89
Kensington and Chelsea,2025-10,Drugs,124
Kensington and Chelsea,2025-10,Other crime,14
Kensington and Chelsea,2025-10,Other theft,237
Kensington and Chelsea,2025-10,Possession of weapons,7
Kensington and Chelsea,2025-10,Public order,100
Kensington and Chelsea,2025-10,Robbery,62
Kensington and Chelsea,2025-10,Shoplifting,243
Kensington and Chelsea,2025-10,Theft from the person,145
Kensington and Chelsea,2025-10,Vehicle crime,230
Kensington and Chelsea,2025-10,Violence and sexual offences,445
Kensington and Chelsea,2025-11,Anti-social behaviour,403
Kensington and Chelsea,2025-11,Bicycle theft,19
Kensington and Chelsea,2025-11,Burglary,102
Kensington and Chelsea,2025-11,Criminal damage and arson,83
Kensington and Chelsea,2025-11,Drugs,69
Kensington and Chelsea,2025-11,Other crime,9
Kensington and Chelsea,2025-11,Other theft,230
Kensington and Chelsea,2025-11,Possession of weapons,8
Kensington and Chelsea,2025-11,Public order,100
Kensington and Chelsea,2025-11,Robbery,49
Kensington and Chelsea,2025-11,Shoplifting,260
Kensington and Chelsea,2025-11,Theft from the person,171
Kensington and Chelsea,2025-11,Vehicle crime,200
Kensington and Chelsea,2025-11,Violence and sexual offences,388
Kensington and Chelsea,2025-12,Anti-social behaviour,376
Kensington and Chelsea,2025-12,Bicycle theft,19
Kensington and Chelsea,2025-12,Burglary,104
Kensington and Chelsea,2025-12,Criminal damage and arson,99
Kensington and Chelsea,2025-12,Drugs,68
Kensington and Chelsea,2025-12,Other crime,12
Kensington and Chelsea,2025-12,Other theft,265
Kensington and Chelsea,2025-12,Possession of weapons,4
Kensington and Chelsea,2025-12,Public order,104
Kensington and Chelsea,2025-12,Robbery,40
Kensington and Chelsea,2025-12,Shoplifting,238
Kensington and Chelsea,2025-12,Theft from the person,143
Kensington and Chelsea,2025-12,Vehicle crime,181
Kensington and Chelsea,2025-12,Violence and sexual offences,392
Kingston upon Thames,2024-12,Anti-social behaviour,246
Kingston upon Thames,2024-12,Bicycle theft,24
Kingston upon Thames,2024-12,Burglary,66
Kingston upon Thames,2024-12,Criminal damage and arson,60
Kingston upon Thames,2024-12,Drugs,32
Kingston upon Thames,2024-12,Other crime,12
Kingston upon Thames,2024-12,Other theft,82
Kingston upon Thames,2024-12,Possession of weapons,3
Kingston upon Thames,2024-12,Public order,58
Kingston upon Thames,2024-12,Robbery,13
Kingston upon Thames,2024-12,Shoplifting,118
Kingston upon Thames,2024-12,Theft from the person,44
Kingston upon Thames,2024-12,Vehicle crime,71
Kingston upon Thames,2024-12,Violence and sexual offences,259
Kingston upon Thames,2025-01,Anti-social behaviour,244
Kingston upon Thames,2025-01,Bicycle theft,17
Kingston upon Thames,2025-01,Burglary,55
Kingston upon Thames,2025-01,Criminal damage and arson,68
Kingston upon Thames,2025-01,Drugs,58
Kingston upon Thames,2025-01,Other crime,11
Kingston upon Thames,2025-01,Other theft,80
Kingston upon Thames,2025-01,Possession of weapons,5
Kingston upon Thames,2025-01,Public order,55
Kingston upon Thames,2025-01,Robbery,14
Kingston upon Thames,2025-01,Shoplifting,141
Kingston upon Thames,2025-01,Theft from the person,54
Kingston upon Thames,2025-01,Vehicle crime,40
Kingston upon Thames,2025-01,Violence and sexual offences,318
Kingston upon Thames,2025-02,Anti-social behaviour,219
Kingston upon Thames,2025-02,Bicycle theft,10
Kingston upon Thames,2025-02,Burglary,47
Kingston upon Thames,2025-02,Criminal damage and arson,74
Kingston upon Thames,2025-02,Drugs,56
Kingston upon Thames,2025-02,Other crime,19
Kingston upon Thames,2025-02,Other theft,89
Kingston upon Thames,2025-02,Possession of weapons,6
Kingston upon Thames,2025-02,Public order,69
Kingston upon Thames,2025-02,Robbery,17
Kingston upon Thames,2025-02,Shoplifting,140
Kingston upon Thames,2025-02,Theft from the person,35
Kingston upon Thames,2025-02,Vehicle crime,58
Kingston upon Thames,2025-02,Violence and sexual offences,302
Kingston upon Thames,2025-03,Anti-social behaviour,274
Kingston upon Thames,2025-03,Bicycle theft,16
Kingston upon Thames,2025-03,Burglary,50
Kingston upon Thames,2025-03,Criminal damage and arson,69
Kingston upon Thames,2025-03,Drugs,74
Kingston upon Thames,2025-03,Other crime,20
Kingston upon Thames,2025-03,Other theft,86
Kingston upon Thames,2025-03,Possession of weapons,5
Kingston upon Thames,2025-03,Public order,71
Kingston upon Thames,2025-03,Robbery,17
Kingston upon Thames,2025-03,Shoplifting,141
Kingston upon Thames,2025-03,Theft from the person,32
Kingston upon Thames,2025-03,Vehicle crime,86
Kingston upon Thames,2025-03,Violence and sexual offences,327
Kingston upon Thames,2025-04,Anti-social behaviour,268
Kingston upon Thames,2025-04,Bicycle theft,18
Kingston upon Thames,2025-04,Burglary,55
Kingston upon Thames,2025-04,Criminal damage and arson,68
Kingston upon Thames,2025-04,Drugs,41
Kingston upon Thames,2025-04,Other crime,13
Kingston upon Thames,2025-04,Other theft,83
Kingston upon Thames,2025-04,Possession of weapons,9
Kingston upon Thames,2025-04,Public order,60
Kingston upon Thames,2025-04,Robbery,17
Kingston upon Thames,2025-04,Shoplifting,116
Kingston upon Thames,2025-04,Theft from the person,38
Kingston upon Thames,2025-04,Vehicle crime,93
Kingston upon Thames,2025-04,Violence and sexual offences,285
Kingston upon Thames,2025-05,Anti-social behaviour,344
Kingston upon Thames,2025-05,Bicycle theft,26
Kingston upon Thames,2025-05,Burglary,40
Kingston upon Thames,2025-05,Criminal damage and arson,84
Kingston upon Thames,2025-05,Drugs,62
Kingston upon Thames,2025-05,Other crime,19
Kingston upon Thames,2025-05,Other theft,79
Kingston upon Thames,2025-05,Possession of weapons,6
Kingston upon Thames,2025-05,Public order,81
Kingston upon Thames,2025-05,Robbery,20
Kingston upon Thames,2025-05,Shoplifting,147
Kingston upon Thames,2025-05,Theft from the person,27
Kingston upon Thames,2025-05,Vehicle crime,99
Kingston upon Thames,2025-05,Violence and sexual offences,295
Kingston upon Thames,2025-06,Anti-social behaviour,327
Kingston upon Thames,2025-06,Bicycle theft,15
Kingston upon Thames,2025-06,Burglary,54
Kingston upon Thames,2025-06,Criminal damage and arson,60
Kingston upon Thames,2025-06,Drugs,52
Kingston upon Thames,2025-06,Other crime,12
Kingston upon Thames,2025-06,Other theft,88
Kingston upon Thames,2025-06,Possession of weapons,6
Kingston upon Thames,2025-06,Public order,83
Kingston upon Thames,2025-06,Robbery,17
Kingston upon Thames,2025-06,Shoplifting,137
Kingston upon Thames,2025-06,Theft from the person,35
Kingston upon Thames,2025-06,Vehicle crime,91
Kingston upon Thames,2025-06,Violence and sexual offences,321
Kingston upon Thames,2025-07,Anti-social behaviour,326
Kingston upon Thames,2025-07,Bicycle theft,25
Kingston upon Thames,2025-07,Burglary,75
Kingston upon Thames,2025-07,Criminal damage and arson,92
Kingston upon Thames,2025-07,Drugs,44
Kingston upon Thames,2025-07,Other crime,16
Kingston upon Thames,2025-07,Other theft,83
Kingston upon Thames,2025-07,Possession of weapons,7
Kingston upon Thames,2025-07,Public order,103
Kingston upon Thames,2025-07,Robbery,16
Kingston upon Thames,2025-07,Shoplifting,169
Kingston upon Thames,2025-07,Theft from the person,32
Kingston upon Thames,2025-07,Vehicle crime,82
Kingston upon Thames,2025-07,Violence and sexual offences,377
Kingston upon Thames,2025-08,Anti-social behaviour,292
Kingston upon Thames,2025-08,Bicycle theft,30
Kingston upon Thames,2025-08,Burglary,32
Kingston upon Thames,2025-08,Criminal damage and arson,62
Kingston upon Thames,2025-08,Drugs,45
Kingston upon Thames,2025-08,Other crime,18
Kingston upon Thames,2025-08,Other theft,69
Kingston upon Thames,2025-08,Possession of weapons,6
Kingston upon Thames,2025-08,Public order,94
Kingston upon Thames,2025-08,Robbery,21
Kingston upon Thames,2025-08,Shoplifting,119
Kingston upon Thames,2025-08,Theft from the person,29
Kingston upon Thames,2025-08,Vehicle crime,91
Kingston upon Thames,2025-08,Violence and sexual offences,290
Kingston upon Thames,2025-09,Anti-social behaviour,261
Kingston upon Thames,2025-09,Bicycle theft,22
Kingston upon Thames,2025-09,Burglary,50
Kingston upon Thames,2025-09,Criminal damage and arson,67
Kingston upon Thames,2025-09,Drugs,66
Kingston upon Thames,2025-09,Other crime,17
Kingston upon Thames,2025-09,Other theft,74
Kingston upon Thames,2025-09,Possession of weapons,14
Kingston upon Thames,2025-09,Public order,77
Kingston upon Thames,2025-09,Robbery,19
Kingston upon Thames,2025-09,Shoplifting,119
Kingston upon Thames,2025-09,Theft from the person,34
Kingston upon Thames,2025-09,Vehicle crime,72
Kingston upon Thames,2025-09,Violence and sexual offences,296
Kingston upon Thames,2025-10,Anti-social behaviour,297
Kingston upon Thames,2025-10,Bicycle theft,17
Kingston upon Thames,2025-10,Burglary,55
Kingston upon Thames,2025-10,Criminal damage and arson,87
Kingston upon Thames,2025-10,Drugs,92
Kingston upon Thames,2025-10,Other crime,9
Kingston upon Thames,2025-10,Other theft,77
Kingston upon Thames,2025-10,Possession of weapons,8
Kingston upon Thames,2025-10,Public order,92
Kingston upon Thames,2025-10,Robbery,30
Kingston upon Thames,2025-10,Shoplifting,132
Kingston upon Thames,2025-10,Theft from the person,43
Kingston upon Thames,2025-10,Vehicle crime,81
Kingston upon Thames,2025-10,Violence and sexual offences,383
Kingston upon Thames,2025-11,Anti-social behaviour,252
Kingston upon Thames,2025-11,Bicycle theft,31
Kingston upon Thames,2025-11,Burglary,70
Kingston upon Thames,2025-11,Criminal damage and arson,81
Kingston upon Thames,2025-11,Drugs,57
Kingston upon Thames,2025-11,Other crime,11
Kingston upon Thames,2025-11,Other theft,71
Kingston upon Thames,2025-11,Possession of weapons,7
Kingston upon Thames,2025-11,Public order,58
Kingston upon Thames,2025-11,Robbery,18
Kingston upon Thames,2025-11,Shoplifting,129
Kingston upon Thames,2025-11,Theft from the person,45
Kingston upon Thames,2025-11,Vehicle crime,119
Kingston upon Thames,2025-11,Violence and sexual offences,361
Kingston upon Thames,2025-12,Anti-social behaviour,230
Kingston upon Thames,2025-12,Bicycle theft,20
Kingston upon Thames,2025-12,Burglary,41
Kingston upon Thames,2025-12,Criminal damage and arson,57
Kingston upon Thames,2025-12,Drugs,59
Kingston upon Thames,2025-12,Other crime,8
Kingston upon Thames,2025-12,Other theft,99
Kingston upon Thames,2025-12,Possession of weapons,7
Kingston upon Thames,2025-12,Public order,60
Kingston upon Thames,2025-12,Robbery,16
Kingston upon Thames,2025-12,Shoplifting,138
Kingston upon Thames,2025-12,Theft from the person,32
Kingston upon Thames,2025-12,Vehicle crime,92
Kingston upon Thames,2025-12,Violence and sexual offences,350
Lambeth,2024-12,Anti-social behaviour,622
Lambeth,2024-12,Bicycle theft,57
Lambeth,2024-12,Burglary,164
Lambeth,2024-12,Criminal damage and arson,192
Lambeth,2024-12,Drugs,165
Lambeth,2024-12,Other crime,30
Lambeth,2024-12,Other theft,357
Lambeth,2024-12,Possession of weapons,13
Lambeth,2024-12,Public order,139
Lambeth,2024-12,Robbery,146
Lambeth,2024-12,Shoplifting,203
Lambeth,2024-12,Theft from the person,426
Lambeth,2024-12,Vehicle crime,263
Lambeth,2024-12,Violence and sexual offences,801
Lambeth,2025-01,Anti-social behaviour,680
Lambeth,2025-01,Bicycle theft,52
Lambeth,2025-01,Burglary,135
Lambeth,2025-01,Criminal damage and arson,180
Lambeth,2025-01,Drugs,151
Lambeth,2025-01,Other crime,51
Lambeth,2025-01,Other theft,323
Lambeth,2025-01,Possession of weapons,14
Lambeth,2025-01,Public order,161
Lambeth,2025-01,Robbery,143
Lambeth,2025-01,Shoplifting,244
Lambeth,2025-01,Theft from the person,330
Lambeth,2025-01,Vehicle crime,282
Lambeth,2025-01,Violence and sexual offences,810
Lambeth,2025-02,Anti-social behaviour,588
Lambeth,2025-02,Bicycle theft,57
Lambeth,2025-02,Burglary,133
Lambeth,2025-02,Criminal damage and arson,158
Lambeth,2025-02,Drugs,144
Lambeth,2025-02,Other crime,38
Lambeth,2025-02,Other theft,296
Lambeth,2025-02,Possession of weapons,14
Lambeth,2025-02,Public order,135
Lambeth,2025-02,Robbery,124
Lambeth,2025-02,Shoplifting,193
Lambeth,2025-02,Theft from the person,398
Lambeth,2025-02,Vehicle crime,289
Lambeth,2025-02,Violence and sexual offences,744
Lambeth,2025-03,Anti-social behaviour,714
Lambeth,2025-03,Bicycle theft,58
Lambeth,2025-03,Burglary,146
Lambeth,2025-03,Criminal damage and arson,166
Lambeth,2025-03,Drugs,161
Lambeth,2025-03,Other crime,47
Lambeth,2025-03,Other theft,328
Lambeth,2025-03,Possession of weapons,18
Lambeth,2025-03,Public order,173
Lambeth,2025-03,Robbery,119
Lambeth,2025-03,Shoplifting,214
Lambeth,2025-03,Theft from the person,483
Lambeth,2025-03,Vehicle crime,191
Lambeth,2025-03,Violence and sexual offences,801
Lambeth,2025-04,Anti-social behaviour,796
Lambeth,2025-04,Bicycle theft,58
Lambeth,2025-04,Burglary,129
Lambeth,2025-04,Criminal damage and arson,178
Lambeth,2025-04,Drugs,182
Lambeth,2025-04,Other crime,48
Lambeth,2025-04,Other theft,332
Lambeth,2025-04,Possession of weapons,21
Lambeth,2025-04,Public order,195
Lambeth,2025-04,Robbery,148
Lambeth,2025-04,Shoplifting,276
Lambeth,2025-04,Theft from the person,521
Lambeth,2025-04,Vehicle crime,182
Lambeth,2025-04,Violence and sexual offences,902
Lambeth,2025-05,Anti-social behaviour,861
Lambeth,2025-05,Bicycle theft,83
Lambeth,2025-05,Burglary,162
Lambeth,2025-05,Criminal damage and arson,199
Lambeth,2025-05,Drugs,200
Lambeth,2025-05,Other crime,34
Lambeth,2025-05,Other theft,399
Lambeth,2025-05,Possession of weapons,22
Lambeth,2025-05,Public order,148
Lambeth,2025-05,Robbery,131
Lambeth,2025-05,Shoplifting,314
Lambeth,2025-05,Theft from the person,507
Lambeth,2025-05,Vehicle crime,188
Lambeth,2025-05,Violence and sexual offences,908
Lambeth,2025-06,Anti-social behaviour,938
Lambeth,2025-06,Bicycle theft,59
Lambeth,2025-06,Burglary,165
Lambeth,2025-06,Criminal damage and arson,216
Lambeth,2025-06,Drugs,149
Lambeth,2025-06,Other crime,38
Lambeth,2025-06,Other theft,421
Lambeth,2025-06,Possession of weapons,22
Lambeth,2025-06,Public order,218
Lambeth,2025-06,Robbery,145
Lambeth,2025-06,Shoplifting,305
Lambeth,2025-06,Theft from the person,466
Lambeth,2025-06,Vehicle crime,216
Lambeth,2025-06,Violence and sexual offences,999
Lambeth,2025-07,Anti-social behaviour,1026
Lambeth,2025-07,Bicycle theft,86
Lambeth,2025-07,Burglary,156
Lambeth,2025-07,Criminal damage and arson,216
Lambeth,2025-07,Drugs,145
Lambeth,2025-07,Other crime,37
Lambeth,2025-07,Other theft,415
Lambeth,2025-07,Possession of weapons,22
Lambeth,2025-07,Public order,251
Lambeth,2025-07,Robbery,154
Lambeth,2025-07,Shoplifting,320
Lambeth,2025-07,Theft from the person,408
Lambeth,2025-07,Vehicle crime,196
Lambeth,2025-07,Violence and sexual offences,1044
Lambeth,2025-08,Anti-social behaviour,968
Lambeth,2025-08,Bicycle theft,79
Lambeth,2025-08,Burglary,144
Lambeth,2025-08,Criminal damage and arson,176
Lambeth,2025-08,Drugs,140
Lambeth,2025-08,Other crime,31
Lambeth,2025-08,Other theft,402
Lambeth,2025-08,Possession of weapons,20
Lambeth,2025-08,Public order,227
Lambeth,2025-08,Robbery,128
Lambeth,2025-08,Shoplifting,310
Lambeth,2025-08,Theft from the person,401
Lambeth,2025-08,Vehicle crime,216
Lambeth,2025-08,Violence and sexual offences,907
Lambeth,2025-09,Anti-social behaviour,902
Lambeth,2025-09,Bicycle theft,85
Lambeth,2025-09,Burglary,152
Lambeth,2025-09,Criminal damage and arson,208
Lambeth,2025-09,Drugs,171
Lambeth,2025-09,Other crime,32
Lambeth,2025-09,Other theft,342
Lambeth,2025-09,Possession of weapons,16
Lambeth,2025-09,Public order,198
Lambeth,2025-09,Robbery,147
Lambeth,2025-09,Shoplifting,248
Lambeth,2025-09,Theft from the person,478
Lambeth,2025-09,Vehicle crime,215
Lambeth,2025-09,Violence and sexual offences,858
Lambeth,2025-10,Anti-social behaviour,853
Lambeth,2025-10,Bicycle theft,98
Lambeth,2025-10,Burglary,135
Lambeth,2025-10,Criminal damage and arson,174
Lambeth,2025-10,Drugs,153
Lambeth,2025-10,Other crime,46
Lambeth,2025-10,Other theft,374
Lambeth,2025-10,Possession of weapons,29
Lambeth,2025-10,Public order,183
Lambeth,2025-10,Robbery,150
Lambeth,2025-10,Shoplifting,255
Lambeth,2025-10,Theft from the person,382
Lambeth,2025-10,Vehicle crime,190
Lambeth,2025-10,Violence and sexual offences,938
Lambeth,2025-11,Anti-social behaviour,749
Lambeth,2025-11,Bicycle theft,75
Lambeth,2025-11,Burglary,147
Lambeth,2025-11,Criminal damage and arson,163
Lambeth,2025-11,Drugs,138
Lambeth,2025-11,Other crime,44
Lambeth,2025-11,Other theft,368
Lambeth,2025-11,Possession of weapons,28
Lambeth,2025-11,Public order,189
Lambeth,2025-11,Robbery,175
Lambeth,2025-11,Shoplifting,266
Lambeth,2025-11,Theft from the person,465
Lambeth,2025-11,Vehicle crime,185
Lambeth,2025-11,Violence and sexual offences,857
Lambeth,2025-12,Anti-social behaviour,735
Lambeth,2025-12,Bicycle theft,62
Lambeth,2025-12,Burglary,185
Lambeth,2025-12,Criminal damage and arson,175
Lambeth,2025-12,Drugs,144
Lambeth,2025-12,Other crime,35
Lambeth,2025-12,Other theft,392
Lambeth,2025-12,Possession of weapons,27
Lambeth,2025-12,Public order,185
Lambeth,2025-12,Robbery,136
Lambeth,2025-12,Shoplifting,225
Lambeth,2025-12,Theft from the person,435
Lambeth,2025-12,Vehicle crime,201
Lambeth,2025-12,Violence and sexual offences,868
Lewisham,2024-12,Anti-social behaviour,474
Lewisham,2024-12,Bicycle theft,18
Lewisham,2024-12,Burglary,138
Lewisham,2024-12,Criminal damage and arson,159
Lewisham,2024-12,Drugs,167
Lewisham,2024-12,Other crime,36
Lewisham,2024-12,Other theft,241
Lewisham,2024-12,Possession of weapons,8
Lewisham,2024-12,Public order,169
Lewisham,2024-12,Robbery,63
Lewisham,2024-12,Shoplifting,128
Lewisham,2024-12,Theft from the person,129
Lewisham,2024-12,Vehicle crime,244
Lewisham,2024-12,Violence and sexual offences,821
Lewisham,2025-01,Anti-social behaviour,516
Lewisham,2025-01,Bicycle theft,32
Lewisham,2025-01,Burglary,125
Lewisham,2025-01,Criminal damage and arson,138
Lewisham,2025-01,Drugs,188
Lewisham,2025-01,Other crime,44
Lewisham,2025-01,Other theft,222
Lewisham,2025-01,Possession of weapons,18
Lewisham,2025-01,Public order,163
Lewisham,2025-01,Robbery,88
Lewisham,2025-01,Shoplifting,142
Lewisham,2025-01,Theft from the person,105
Lewisham,2025-01,Vehicle crime,257
Lewisham,2025-01,Violence and sexual offences,733
Lewisham,2025-02,Anti-social behaviour,480
Lewisham,2025-02,Bicycle theft,17
Lewisham,2025-02,Burglary,89
Lewisham,2025-02,Criminal damage and arson,152
Lewisham,2025-02,Drugs,190
Lewisham,2025-02,Other crime,31
Lewisham,2025-02,Other theft,212
Lewisham,2025-02,Possession of weapons,19
Lewisham,2025-02,Public order,159
Lewisham,2025-02,Robbery,83
Lewisham,2025-02,Shoplifting,214
Lewisham,2025-02,Theft from the person,77
Lewisham,2025-02,Vehicle crime,197
Lewisham,2025-02,Violence and sexual offences,733
Lewisham,2025-03,Anti-social behaviour,578
Lewisham,2025-03,Bicycle theft,21
Lewisham,2025-03,Burglary,142
Lewisham,2025-03,Criminal damage and arson,172
Lewisham,2025-03,Drugs,169
Lewisham,2025-03,Other crime,46
Lewisham,2025-03,Other theft,195
Lewisham,2025-03,Possession of weapons,18
Lewisham,2025-03,Public order,178
Lewisham,2025-03,Robbery,77
Lewisham,2025-03,Shoplifting,144
Lewisham,2025-03,Theft from the person,96
Lewisham,2025-03,Vehicle crime,219
Lewisham,2025-03,Violence and sexual offences,806
Lewisham,2025-04,Anti-social behaviour,550
Lewisham,2025-04,Bicycle theft,29
Lewisham,2025-04,Burglary,137
Lewisham,2025-04,Criminal damage and arson,182
Lewisham,2025-04,Drugs,161
Lewisham,2025-04,Other crime,36
Lewisham,2025-04,Other theft,197
Lewisham,2025-04,Possession of weapons,23
Lewisham,2025-04,Public order,180
Lewisham,2025-04,Robbery,75
Lewisham,2025-04,Shoplifting,141
Lewisham,2025-04,Theft from the person,111
Lewisham,2025-04,Vehicle crime,283
Lewisham,2025-04,Violence and sexual offences,835
Lewisham,2025-05,Anti-social behaviour,693
Lewisham,2025-05,Bicycle theft,39
Lewisham,2025-05,Burglary,141
Lewisham,2025-05,Criminal damage and arson,183
Lewisham,2025-05,Drugs,168
Lewisham,2025-05,Other crime,44
Lewisham,2025-05,Other theft,232
Lewisham,2025-05,Possession of weapons,25
Lewisham,2025-05,Public order,188
Lewisham,2025-05,Robbery,68
Lewisham,2025-05,Shoplifting,159
Lewisham,2025-05,Theft from the person,147
Lewisham,2025-05,Vehicle crime,243
Lewisham,2025-05,Violence and sexual offences,893
Lewisham,2025-06,Anti-social behaviour,708
Lewisham,2025-06,Bicycle theft,32
Lewisham,2025-06,Burglary,97
Lewisham,2025-06,Criminal damage and arson,188
Lewisham,2025-06,Drugs,146
Lewisham,2025-06,Other crime,35
Lewisham,2025-06,Other theft,211
Lewisham,2025-06,Possession of weapons,27
Lewisham,2025-06,Public order,217
Lewisham,2025-06,Robbery,71
Lewisham,2025-06,Shoplifting,160
Lewisham,2025-06,Theft from the person,115
Lewisham,2025-06,Vehicle crime,207
Lewisham,2025-06,Violence and sexual offences,928
Lewisham,2025-07,Anti-social behaviour,726
Lewisham,2025-07,Bicycle theft,27
Lewisham,2025-07,Burglary,99
Lewisham,2025-07,Criminal damage and arson,187
Lewisham,2025-07,Drugs,160
Lewisham,2025-07,Other crime,38
Lewisham,2025-07,Other theft,219
Lewisham,2025-07,Possession of weapons,27
Lewisham,2025-07,Public order,204
Lewisham,2025-07,Robbery,96
Lewisham,2025-07,Shoplifting,168
Lewisham,2025-07,Theft from the person,107
Lewisham,2025-07,Vehicle crime,208
Lewisham,2025-07,Violence and sexual offences,988
Lewisham,2025-08,Anti-social behaviour,785
Lewisham,2025-08,Bicycle theft,20
Lewisham,2025-08,Burglary,132
Lewisham,2025-08,Criminal damage and arson,167
Lewisham,2025-08,Drugs,157
Lewisham,2025-08,Other crime,34
Lewisham,2025-08,Other theft,183
Lewisham,2025-08,Possession of weapons,29
Lewisham,2025-08,Public order,203
Lewisham,2025-08,Robbery,71
Lewisham,2025-08,Shoplifting,214
Lewisham,2025-08,Theft from the person,93
Lewisham,2025-08,Vehicle crime,228
Lewisham,2025-08,Violence and sexual offences,862
Lewisham,2025-09,Anti-social behaviour,565
Lewisham,2025-09,Bicycle theft,29
Lewisham,2025-09,Burglary,135
Lewisham,2025-09,Criminal damage and arson,146
Lewisham,2025-09,Drugs,125
Lewisham,2025-09,Other crime,34
Lewisham,2025-09,Other theft,222
Lewisham,2025-09,Possession of weapons,23
Lewisham,2025-09,Public order,212
Lewisham,2025-09,Robbery,75
Lewisham,2025-09,Shoplifting,187
Lewisham,2025-09,Theft from the person,88
Lewisham,2025-09,Vehicle crime,211
Lewisham,2025-09,Violence and sexual offences,864
Lewisham,2025-10,Anti-social behaviour,614
Lewisham,2025-10,Bicycle theft,30
Lewisham,2025-10,Burglary,134
Lewisham,2025-10,Criminal damage and arson,169
Lewisham,2025-10,Drugs,180
Lewisham,2025-10,Other crime,41
Lewisham,2025-10,Other theft,193
Lewisham,2025-10,Possession of weapons,24
Lewisham,2025-10,Public order,195
Lewisham,2025-10,Robbery,75
Lewisham,2025-10,Shoplifting,207
Lewisham,2025-10,Theft from the person,107
Lewisham,2025-10,Vehicle crime,253
Lewisham,2025-10,Violence and sexual offences,943
Lewisham,2025-11,Anti-social behaviour,531
Lewisham,2025-11,Bicycle theft,37
Lewisham,2025-11,Burglary,131
Lewisham,2025-11,Criminal damage and arson,169
Lewisham,2025-11,Drugs,158
Lewisham,2025-11,Other crime,34
Lewisham,2025-11,Other theft,220
Lewisham,2025-11,Possession of weapons,30
Lewisham,2025-11,Public order,152
Lewisham,2025-11,Robbery,110
Lewisham,2025-11,Shoplifting,205
Lewisham,2025-11,Theft from the person,98
Lewisham,2025-11,Vehicle crime,209
Lewisham,2025-11,Violence and sexual offences,918
Lewisham,2025-12,Anti-social behaviour,482
Lewisham,2025-12,Bicycle theft,20
Lewisham,2025-12,Burglary,140
Lewisham,2025-12,Criminal damage and arson,171
Lewisham,2025-12,Drugs,140
Lewisham,2025-12,Other crime,34
Lewisham,2025-12,Other theft,205
Lewisham,2025-12,Possession of weapons,32
Lewisham,2025-12,Public order,142
Lewisham,2025-12,Robbery,99
Lewisham,2025-12,Shoplifting,206
Lewisham,2025-12,Theft from the person,95
Lewisham,2025-12,Vehicle crime,195
Lewisham,2025-12,Violence and sexual offences,851
Merton,2024-12,Anti-social behaviour,263
Merton,2024-12,Bicycle theft,15
Merton,2024-12,Burglary,85
Merton,2024-12,Criminal damage and arson,70
Merton,2024-12,Drugs,61
Merton,2024-12,Other crime,19
Merton,2024-12,Other theft,98
Merton,2024-12,Possession of weapons,1
Merton,2024-12,Public order,78
Merton,2024-12,Robbery,38
Merton,2024-12,Shoplifting,93
Merton,2024-12,Theft from the person,35
Merton,2024-12,Vehicle crime,79
Merton,2024-12,Violence and sexual offences,356
Merton,2025-01,Anti-social behaviour,240
Merton,2025-01,Bicycle theft,11
Merton,2025-01,Burglary,77
Merton,2025-01,Criminal damage and arson,73
Merton,2025-01,Drugs,61
Merton,2025-01,Other crime,22
Merton,2025-01,Other theft,108
Merton,2025-01,Possession of weapons,8
Merton,2025-01,Public order,68
Merton,2025-01,Robbery,28
Merton,2025-01,Shoplifting,133
Merton,2025-01,Theft from the person,30
Merton,2025-01,Vehicle crime,112
Merton,2025-01,Violence and sexual offences,334
Merton,2025-02,Anti-social behaviour,254
Merton,2025-02,Bicycle theft,16
Merton,2025-02,Burglary,62
Merton,2025-02,Criminal damage and arson,55
Merton,2025-02,Drugs,55
Merton,2025-02,Other crime,19
Merton,2025-02,Other theft,89
Merton,2025-02,Possession of weapons,4
Merton,2025-02,Public order,67
Merton,2025-02,Robbery,27
Merton,2025-02,Shoplifting,166
Merton,2025-02,Theft from the person,30
Merton,2025-02,Vehicle crime,94
Merton,2025-02,Violence and sexual offences,303
Merton,2025-03,Anti-social behaviour,319
Merton,2025-03,Bicycle theft,7
Merton,2025-03,Burglary,52
Merton,2025-03,Criminal damage and arson,90
Merton,2025-03,Drugs,68
Merton,2025-03,Other crime,13
Merton,2025-03,Other theft,80
Merton,2025-03,Possession of weapons,8
Merton,2025-03,Public order,71
Merton,2025-03,Robbery,40
Merton,2025-03,Shoplifting,201
Merton,2025-03,Theft from the person,35
Merton,2025-03,Vehicle crime,121
Merton,2025-03,Violence and sexual offences,415
Merton,2025-04,Anti-social behaviour,305
Merton,2025-04,Bicycle theft,22
Merton,2025-04,Burglary,65
Merton,2025-04,Criminal damage and arson,93
Merton,2025-04,Drugs,80
Merton,2025-04,Other crime,22
Merton,2025-04,Other theft,93
Merton,2025-04,Possession of weapons,8
Merton,2025-04,Public order,67
Merton,2025-04,Robbery,36
Merton,2025-04,Shoplifting,172
Merton,2025-04,Theft from the person,30
Merton,2025-04,Vehicle crime,119
Merton,2025-04,Violence and sexual offences,371
Merton,2025-05,Anti-social behaviour,334
Merton,2025-05,Bicycle theft,16
Merton,2025-05,Burglary,64
Merton,2025-05,Criminal damage and arson,108
Merton,2025-05,Drugs,55
Merton,2025-05,Other crime,13
Merton,2025-05,Other theft,103
Merton,2025-05,Possession of weapons,7
Merton,2025-05,Public order,85
Merton,2025-05,Robbery,35
Merton,2025-05,Shoplifting,143
Merton,2025-05,Theft from the person,37
Merton,2025-05,Vehicle crime,108
Merton,2025-05,Violence and sexual offences,389
Merton,2025-06,Anti-social behaviour,330
Merton,2025-06,Bicycle theft,19
Merton,2025-06,Burglary,69
Merton,2025-06,Criminal damage and arson,95
Merton,2025-06,Drugs,46
Merton,2025-06,Other crime,22
Merton,2025-06,Other theft,88
Merton,2025-06,Possession of weapons,13
Merton,2025-06,Public order,79
Merton,2025-06,Robbery,26
Merton,2025-06,Shoplifting,115
Merton,2025-06,Theft from the person,29
Merton,2025-06,Vehicle crime,108
Merton,2025-06,Violence and sexual offences,439
Merton,2025-07,Anti-social behaviour,447
Merton,2025-07,Bicycle theft,24
Merton,2025-07,Burglary,83
Merton,2025-07,Criminal damage and arson,82
Merton,2025-07,Drugs,47
Merton,2025-07,Other crime,18
Merton,2025-07,Other theft,112
Merton,2025-07,Possession of weapons,13
Merton,2025-07,Public order,102
Merton,2025-07,Robbery,28
Merton,2025-07,Shoplifting,125
Merton,2025-07,Theft from the person,22
Merton,2025-07,Vehicle crime,108
Merton,2025-07,Violence and sexual offences,464
Merton,2025-08,Anti-social behaviour,348
Merton,2025-08,Bicycle theft,18
Merton,2025-08,Burglary,53
Merton,2025-08,Criminal damage and arson,106
Merton,2025-08,Drugs,45
Merton,2025-08,Other crime,17
Merton,2025-08,Other theft,85
Merton,2025-08,Possession of weapons,7
Merton,2025-08,Public order,78
Merton,2025-08,Robbery,23
Merton,2025-08,Shoplifting,122
Merton,2025-08,Theft from the person,26
Merton,2025-08,Vehicle crime,94
Merton,2025-08,Violence and sexual offences,405
Merton,2025-09,Anti-social behaviour,286
Merton,2025-09,Bicycle theft,21
Merton,2025-09,Burglary,47
Merton,2025-09,Criminal damage and arson,74
Merton,2025-09,Drugs,40
Merton,2025-09,Other crime,18
Merton,2025-09,Other theft,91
Merton,2025-09,Possession of weapons,8
Merton,2025-09,Public order,74
Merton,2025-09,Robbery,26
Merton,2025-09,Shoplifting,81
Merton,2025-09,Theft from the person,22
Merton,2025-09,Vehicle crime,98
Merton,2025-09,Violence and sexual offences,419
Merton,2025-10,Anti-social behaviour,331
Merton,2025-10,Bicycle theft,26
Merton,2025-10,Burglary,55
Merton,2025-10,Criminal damage and arson,107
Merton,2025-10,Drugs,59
Merton,2025-10,Other crime,8
Merton,2025-10,Other theft,103
Merton,2025-10,Possession of weapons,7
Merton,2025-10,Public order,82
Merton,2025-10,Robbery,22
Merton,2025-10,Shoplifting,103
Merton,2025-10,Theft from the person,24
Merton,2025-10,Vehicle crime,116
Merton,2025-10,Violence and sexual offences,378
Merton,2025-11,Anti-social behaviour,230
Merton,2025-11,Bicycle theft,13
Merton,2025-11,Burglary,64
Merton,2025-11,Criminal damage and arson,80
Merton,2025-11,Drugs,71
Merton,2025-11,Other crime,20
Merton,2025-11,Other theft,98
Merton,2025-11,Possession of weapons,5
Merton,2025-11,Public order,63
Merton,2025-11,Robbery,30
Merton,2025-11,Shoplifting,91
Merton,2025-11,Theft from the person,30
Merton,2025-11,Vehicle crime,117
Merton,2025-11,Violence and sexual offences,426
Merton,2025-12,Anti-social behaviour,251
Merton,2025-12,Bicycle theft,18
Merton,2025-12,Burglary,70
Merton,2025-12,Criminal damage and arson,81
Merton,2025-12,Drugs,93
Merton,2025-12,Other crime,15
Merton,2025-12,Other theft,117
Merton,2025-12,Possession of weapons,6
Merton,2025-12,Public order,82
Merton,2025-12,Robbery,34
Merton,2025-12,Shoplifting,84
Merton,2025-12,Theft from the person,22
Merton,2025-12,Vehicle crime,103
Merton,2025-12,Violence and sexual offences,438
Newham,2024-12,Anti-social behaviour,677
Newham,2024-12,Bicycle theft,43
Newham,2024-12,Burglary,151
Newham,2024-12,Criminal damage and arson,137
Newham,2024-12,Drugs,263
Newham,2024-12,Other crime,51
Newham,2024-12,Other theft,411
Newham,2024-12,Possession of weapons,14
Newham,2024-12,Public order,160
Newham,2024-12,Robbery,160
Newham,2024-12,Shoplifting,399
Newham,2024-12,Theft from the person,395
Newham,2024-12,Vehicle crime,313
Newham,2024-12,Violence and sexual offences,865
Newham,2025-01,Anti-social behaviour,630
Newham,2025-01,Bicycle theft,24
Newham,2025-01,Burglary,126
Newham,2025-01,Criminal damage and arson,156
Newham,2025-01,Drugs,247
Newham,2025-01,Other crime,56
Newham,2025-01,Other theft,369
Newham,2025-01,Possession of weapons,23
Newham,2025-01,Public order,146
Newham,2025-01,Robbery,145
Newham,2025-01,Shoplifting,395
Newham,2025-01,Theft from the person,373
Newham,2025-01,Vehicle crime,317
Newham,2025-01,Violence and sexual offences,822
Newham,2025-02,Anti-social behaviour,592
Newham,2025-02,Bicycle theft,28
Newham,2025-02,Burglary,129
Newham,2025-02,Criminal damage and arson,131
Newham,2025-02,Drugs,312
Newham,2025-02,Other crime,41
Newham,2025-02,Other theft,319
Newham,2025-02,Possession of weapons,17
Newham,2025-02,Public order,135
Newham,2025-02,Robbery,139
Newham,2025-02,Shoplifting,406
Newham,2025-02,Theft from the person,391
Newham,2025-02,Vehicle crime,303
Newham,2025-02,Violence and sexual offences,743
Newham,2025-03,Anti-social behaviour,735
Newham,2025-03,Bicycle theft,27
Newham,2025-03,Burglary,118
Newham,2025-03,Criminal damage and arson,180
Newham,2025-03,Drugs,255
Newham,2025-03,Other crime,49
Newham,2025-03,Other theft,387
Newham,2025-03,Possession of weapons,35
Newham,2025-03,Public order,163
Newham,2025-03,Robbery,140
Newham,2025-03,Shoplifting,354
Newham,2025-03,Theft from the person,431
Newham,2025-03,Vehicle crime,278
Newham,2025-03,Violence and sexual offences,924
Newham,2025-04,Anti-social behaviour,805
Newham,2025-04,Bicycle theft,39
Newham,2025-04,Burglary,126
Newham,2025-04,Criminal damage and arson,179
Newham,2025-04,Drugs,230
Newham,2025-04,Other crime,41
Newham,2025-04,Other theft,307
Newham,2025-04,Possession of weapons,16
Newham,2025-04,Public order,143
Newham,2025-04,Robbery,145
Newham,2025-04,Shoplifting,355
Newham,2025-04,Theft from the person,351
Newham,2025-04,Vehicle crime,325
Newham,2025-04,Violence and sexual offences,930
Newham,2025-05,Anti-social behaviour,835
Newham,2025-05,Bicycle theft,53
Newham,2025-05,Burglary,126
Newham,2025-05,Criminal damage and arson,188
Newham,2025-05,Drugs,192
Newham,2025-05,Other crime,60
Newham,2025-05,Other theft,374
Newham,2025-05,Possession of weapons,16
Newham,2025-05,Public order,200
Newham,2025-05,Robbery,136
Newham,2025-05,Shoplifting,477
Newham,2025-05,Theft from the person,279
Newham,2025-05,Vehicle crime,348
Newham,2025-05,Violence and sexual offences,944
Newham,2025-06,Anti-social behaviour,985
Newham,2025-06,Bicycle theft,57
Newham,2025-06,Burglary,91
Newham,2025-06,Criminal damage and arson,171
Newham,2025-06,Drugs,182
Newham,2025-06,Other crime,49
Newham,2025-06,Other theft,373
Newham,2025-06,Possession of weapons,10
Newham,2025-06,Public order,216
Newham,2025-06,Robbery,142
Newham,2025-06,Shoplifting,432
Newham,2025-06,Theft from the person,280
Newham,2025-06,Vehicle crime,258
Newham,2025-06,Violence and sexual offences,1045
Newham,2025-07,Anti-social behaviour,1103
Newham,2025-07,Bicycle theft,47
Newham,2025-07,Burglary,101
Newham,2025-07,Criminal damage and arson,180
Newham,2025-07,Drugs,260
Newham,2025-07,Other crime,48
Newham,2025-07,Other theft,400
Newham,2025-07,Possession of weapons,26
Newham,2025-07,Public order,230
Newham,2025-07,Robbery,127
Newham,2025-07,Shoplifting,383
Newham,2025-07,Theft from the person,339
Newham,2025-07,Vehicle crime,354
Newham,2025-07,Violence and sexual offences,1165
Newham,2025-08,Anti-social behaviour,958
Newham,2025-08,Bicycle theft,65
Newham,2025-08,Burglary,128
Newham,2025-08,Criminal damage and arson,179
Newham,2025-08,Drugs,193
Newham,2025-08,Other crime,51
Newham,2025-08,Other theft,264
Newham,2025-08,Possession of weapons,33
Newham,2025-08,Public order,229
Newham,2025-08,Robbery,135
Newham,2025-08,Shoplifting,428
Newham,2025-08,Theft from the person,256
Newham,2025-08,Vehicle crime,313
Newham,2025-08,Violence and sexual offences,958
Newham,2025-09,Anti-social behaviour,822
Newham,2025-09,Bicycle theft,40
Newham,2025-09,Burglary,147
Newham,2025-09,Criminal damage and arson,181
Newham,2025-09,Drugs,193
Newham,2025-09,Other crime,32
Newham,2025-09,Other theft,347
Newham,2025-09,Possession of weapons,26
Newham,2025-09,Public order,201
Newham,2025-09,Robbery,105
Newham,2025-09,Shoplifting,380
Newham,2025-09,Theft from the person,281
Newham,2025-09,Vehicle crime,365
Newham,2025-09,Violence and sexual offences,980
Newham,2025-10,Anti-social behaviour,911
Newham,2025-10,Bicycle theft,41
Newham,2025-10,Burglary,158
Newham,2025-10,Criminal damage and arson,176
Newham,2025-10,Drugs,188
Newham,2025-10,Other crime,59
Newham,2025-10,Other theft,396
Newham,2025-10,Possession of weapons,21
Newham,2025-10,Public order,210
Newham,2025-10,Robbery,172
Newham,2025-10,Shoplifting,411
Newham,2025-10,Theft from the person,422
Newham,2025-10,Vehicle crime,413
Newham,2025-10,Violence and sexual offences,1028
Newham,2025-11,Anti-social behaviour,804
Newham,2025-11,Bicycle theft,51
Newham,2025-11,Burglary,142
Newham,2025-11,Criminal damage and arson,148
Newham,2025-11,Drugs,182
Newham,2025-11,Other crime,42
Newham,2025-11,Other theft,378
Newham,2025-11,Possession of weapons,20
Newham,2025-11,Public order,200
Newham,2025-11,Robbery,152
Newham,2025-11,Shoplifting,341
Newham,2025-11,Theft from the person,388
Newham,2025-11,Vehicle crime,423
Newham,2025-11,Violence and sexual offences,992
Newham,2025-12,Anti-social behaviour,653
Newham,2025-12,Bicycle theft,34
Newham,2025-12,Burglary,145
Newham,2025-12,Criminal damage and arson,165
Newham,2025-12,Drugs,267
Newham,2025-12,Other crime,48
Newham,2025-12,Other theft,381
Newham,2025-12,Possession of weapons,23
Newham,2025-12,Public order,158
Newham,2025-12,Robbery,152
Newham,2025-12,Shoplifting,301
Newham,2025-12,Theft from the person,373
Newham,2025-12,Vehicle crime,422
Newham,2025-12,Violence and sexual offences,966
Redbridge,2024-12,Anti-social behaviour,403
Redbridge,2024-12,Bicycle theft,14
Redbridge,2024-12,Burglary,108
Redbridge,2024-12,Criminal damage and arson,113
Redbridge,2024-12,Drugs,108
Redbridge,2024-12,Other crime,31
Redbridge,2024-12,Other theft,181
Redbridge,2024-12,Possession of weapons,10
Redbridge,2024-12,Public order,69
Redbridge,2024-12,Robbery,46
Redbridge,2024-12,Shoplifting,96
Redbridge,2024-12,Theft from the person,142
Redbridge,2024-12,Vehicle crime,265
Redbridge,2024-12,Violence and sexual offences,663
Redbridge,2025-01,Anti-social behaviour,435
Redbridge,2025-01,Bicycle theft,15
Redbridge,2025-01,Burglary,89
Redbridge,2025-01,Criminal damage and arson,120
Redbridge,2025-01,Drugs,114
Redbridge,2025-01,Other crime,34
Redbridge,2025-01,Other theft,199
Redbridge,2025-01,Possession of weapons,3
Redbridge,2025-01,Public order,103
Redbridge,2025-01,Robbery,48
Redbridge,2025-01,Shoplifting,92
Redbridge,2025-01,Theft from the person,129
Redbridge,2025-01,Vehicle crime,261
Redbridge,2025-01,Violence and sexual offences,673
Redbridge,2025-02,Anti-social behaviour,432
Redbridge,2025-02,Bicycle theft,11
Redbridge,2025-02,Burglary,101
Redbridge,2025-02,Criminal damage and arson,110
Redbridge,2025-02,Drugs,102
Redbridge,2025-02,Other crime,30
Redbridge,2025-02,Other theft,172
Redbridge,2025-02,Possession of weapons,4
Redbridge,2025-02,Public order,93
Redbridge,2025-02,Robbery,50
Redbridge,2025-02,Shoplifting,136
Redbridge,2025-02,Theft from the person,142
Redbridge,2025-02,Vehicle crime,223
Redbridge,2025-02,Violence and sexual offences,587
Redbridge,2025-03,Anti-social behaviour,538
Redbridge,2025-03,Bicycle theft,14
Redbridge,2025-03,Burglary,86
Redbridge,2025-03,Criminal damage and arson,113
Redbridge,2025-03,Drugs,82
Redbridge,2025-03,Other crime,32
Redbridge,2025-03,Other theft,168
Redbridge,2025-03,Possession of weapons,12
Redbridge,2025-03,Public order,122
Redbridge,2025-03,Robbery,83
Redbridge,2025-03,Shoplifting,192
Redbridge,2025-03,Theft from the person,127
Redbridge,2025-03,Vehicle crime,203
Redbridge,2025-03,Violence and sexual offences,648
Redbridge,2025-04,Anti-social behaviour,528
Redbridge,2025-04,Bicycle theft,21
Redbridge,2025-04,Burglary,71
Redbridge,2025-04,Criminal damage and arson,120
Redbridge,2025-04,Drugs,90
Redbridge,2025-04,Other crime,25
Redbridge,2025-04,Other theft,180
Redbridge,2025-04,Possession of weapons,8
Redbridge,2025-04,Public order,110
Redbridge,2025-04,Robbery,107
Redbridge,2025-04,Shoplifting,170
Redbridge,2025-04,Theft from the person,146
Redbridge,2025-04,Vehicle crime,225
Redbridge,2025-04,Violence and sexual offences,704
Redbridge,2025-05,Anti-social behaviour,542
Redbridge,2025-05,Bicycle theft,11
Redbridge,2025-05,Burglary,64
Redbridge,2025-05,Criminal damage and arson,132
Redbridge,2025-05,Drugs,110
Redbridge,2025-05,Other crime,33
Redbridge,2025-05,Other theft,177
Redbridge,2025-05,Possession of weapons,10
Redbridge,2025-05,Public order,112
Redbridge,2025-05,Robbery,75
Redbridge,2025-05,Shoplifting,227
Redbridge,2025-05,Theft from the person,85
Redbridge,2025-05,Vehicle crime,264
Redbridge,2025-05,Violence and sexual offences,773
Redbridge,2025-06,Anti-social behaviour,556
Redbridge,2025-06,Bicycle theft,15
Redbridge,2025-06,Burglary,61
Redbridge,2025-06,Criminal damage and arson,116
Redbridge,2025-06,Drugs,133
Redbridge,2025-06,Other crime,24
Redbridge,2025-06,Other theft,166
Redbridge,2025-06,Possession of weapons,12
Redbridge,2025-06,Public order,123
Redbridge,2025-06,Robbery,76
Redbridge,2025-06,Shoplifting,212
Redbridge,2025-06,Theft from the person,71
Redbridge,2025-06,Vehicle crime,236
Redbridge,2025-06,Violence and sexual offences,799
Redbridge,2025-07,Anti-social behaviour,626
Redbridge,2025-07,Bicycle theft,24
Redbridge,2025-07,Burglary,66
Redbridge,2025-07,Criminal damage and arson,143
Redbridge,2025-07,Drugs,119
Redbridge,2025-07,Other crime,33
Redbridge,2025-07,Other theft,178
Redbridge,2025-07,Possession of weapons,15
Redbridge,2025-07,Public order,186
Redbridge,2025-07,Robbery,72
Redbridge,2025-07,Shoplifting,192
Redbridge,2025-07,Theft from the person,74
Redbridge,2025-07,Vehicle crime,226
Redbridge,2025-07,Violence and sexual offences,799
Redbridge,2025-08,Anti-social behaviour,628
Redbridge,2025-08,Bicycle theft,15
Redbridge,2025-08,Burglary,89
Redbridge,2025-08,Criminal damage and arson,122
Redbridge,2025-08,Drugs,96
Redbridge,2025-08,Other crime,18
Redbridge,2025-08,Other theft,150
Redbridge,2025-08,Possession of weapons,12
Redbridge,2025-08,Public order,154
Redbridge,2025-08,Robbery,70
Redbridge,2025-08,Shoplifting,199
Redbridge,2025-08,Theft from the person,75
Redbridge,2025-08,Vehicle crime,203
Redbridge,2025-08,Violence and sexual offences,772
Redbridge,2025-09,Anti-social behaviour,480
Redbridge,2025-09,Bicycle theft,18
Redbridge,2025-09,Burglary,102
Redbridge,2025-09,Criminal damage and arson,110
Redbridge,2025-09,Drugs,103
Redbridge,2025-09,Other crime,32
Redbridge,2025-09,Other theft,195
Redbridge,2025-09,Possession of weapons,8
Redbridge,2025-09,Public order,141
Redbridge,2025-09,Robbery,72
Redbridge,2025-09,Shoplifting,216
Redbridge,2025-09,Theft from the person,92
Redbridge,2025-09,Vehicle crime,235
Redbridge,2025-09,Violence and sexual offences,779
Redbridge,2025-10,Anti-social behaviour,612
Redbridge,2025-10,Bicycle theft,18
Redbridge,2025-10,Burglary,129
Redbridge,2025-10,Criminal damage and arson,138
Redbridge,2025-10,Drugs,129
Redbridge,2025-10,Other crime,31
Redbridge,2025-10,Other theft,181
Redbridge,2025-10,Possession of weapons,10
Redbridge,2025-10,Public order,128
Redbridge,2025-10,Robbery,66
Redbridge,2025-10,Shoplifting,169
Redbridge,2025-10,Theft from the person,105
Redbridge,2025-10,Vehicle crime,227
Redbridge,2025-10,Violence and sexual offences,799
Redbridge,2025-11,Anti-social behaviour,458
Redbridge,2025-11,Bicycle theft,8
Redbridge,2025-11,Burglary,105
Redbridge,2025-11,Criminal damage and arson,119
Redbridge,2025-11,Drugs,74
Redbridge,2025-11,Other crime,36
Redbridge,2025-11,Other theft,156
Redbridge,2025-11,Possession of weapons,15
Redbridge,2025-11,Public order,124
Redbridge,2025-11,Robbery,76
Redbridge,2025-11,Shoplifting,179
Redbridge,2025-11,Theft from the person,136
Redbridge,2025-11,Vehicle crime,241
Redbridge,2025-11,Violence and sexual offences,753
Redbridge,2025-12,Anti-social behaviour,454
Redbridge,2025-12,Bicycle theft,14
Redbridge,2025-12,Burglary,114
Redbridge,2025-12,Criminal damage and arson,121
Redbridge,2025-12,Drugs,106
Redbridge,2025-12,Other crime,37
Redbridge,2025-12,Other theft,179
Redbridge,2025-12,Possession of weapons,22
Redbridge,2025-12,Public order,119
Redbridge,2025-12,Robbery,69
Redbridge,2025-12,Shoplifting,211
Redbridge,2025-12,Theft from the person,119
Redbridge,2025-12,Vehicle crime,220
Redbridge,2025-12,Violence and sexual offences,749
Richmond upon Thames,2024-12,Anti-social behaviour,183
Richmond upon Thames,2024-12,Bicycle theft,25
Richmond upon Thames,2024-12,Burglary,89
Richmond upon Thames,2024-12,Criminal damage and arson,68
Richmond upon Thames,2024-12,Drugs,62
Richmond upon Thames,2024-12,Other crime,14
Richmond upon Thames,2024-12,Other theft,106
Richmond upon Thames,2024-12,Possession of weapons,3
Richmond upon Thames,2024-12,Public order,56
Richmond upon Thames,2024-12,Robbery,12
Richmond upon Thames,2024-12,Shoplifting,97
Richmond upon Thames,2024-12,Theft from the person,22
Richmond upon Thames,2024-12,Vehicle crime,134
Richmond upon Thames,2024-12,Violence and sexual offences,271
Richmond upon Thames,2025-01,Anti-social behaviour,197
Richmond upon Thames,2025-01,Bicycle theft,24
Richmond upon Thames,2025-01,Burglary,105
Richmond upon Thames,2025-01,Criminal damage and arson,62
Richmond upon Thames,2025-01,Drugs,48
Richmond upon Thames,2025-01,Other crime,12
Richmond upon Thames,2025-01,Other theft,69
Richmond upon Thames,2025-01,Public order,65
Richmond upon Thames,2025-01,Robbery,22
Richmond upon Thames,2025-01,Shoplifting,99
Richmond upon Thames,2025-01,Theft from the person,23
Richmond upon Thames,2025-01,Vehicle crime,123
Richmond upon Thames,2025-01,Violence and sexual offences,227
Richmond upon Thames,2025-02,Anti-social behaviour,186
Richmond upon Thames,2025-02,Bicycle theft,24
Richmond upon Thames,2025-02,Burglary,67
Richmond upon Thames,2025-02,Criminal damage and arson,59
Richmond upon Thames,2025-02,Drugs,45
Richmond upon Thames,2025-02,Other crime,10
Richmond upon Thames,2025-02,Other theft,87
Richmond upon Thames,2025-02,Possession of weapons,1
Richmond upon Thames,2025-02,Public order,34
Richmond upon Thames,2025-02,Robbery,18
Richmond upon Thames,2025-02,Shoplifting,108
Richmond upon Thames,2025-02,Theft from the person,23
Richmond upon Thames,2025-02,Vehicle crime,141
Richmond upon Thames,2025-02,Violence and sexual offences,201
Richmond upon Thames,2025-03,Anti-social behaviour,265
Richmond upon Thames,2025-03,Bicycle theft,26
Richmond upon Thames,2025-03,Burglary,77
Richmond upon Thames,2025-03,Criminal damage and arson,72
Richmond upon Thames,2025-03,Drugs,33
Richmond upon Thames,2025-03,Other crime,11
Richmond upon Thames,2025-03,Other theft,94
Richmond upon Thames,2025-03,Possession of weapons,6
Richmond upon Thames,2025-03,Public order,74
Richmond upon Thames,2025-03,Robbery,20
Richmond upon Thames,2025-03,Shoplifting,110
Richmond upon Thames,2025-03,Theft from the person,22
Richmond upon Thames,2025-03,Vehicle crime,167
Richmond upon Thames,2025-03,Violence and sexual offences,292
Richmond upon Thames,2025-04,Anti-social behaviour,267
Richmond upon Thames,2025-04,Bicycle theft,46
Richmond upon Thames,2025-04,Burglary,70
Richmond upon Thames,2025-04,Criminal damage and arson,63
Richmond upon Thames,2025-04,Drugs,53
Richmond upon Thames,2025-04,Other crime,15
Richmond upon Thames,2025-04,Other theft,91
Richmond upon Thames,2025-04,Possession of weapons,8
Richmond upon Thames,2025-04,Public order,53
Richmond upon Thames,2025-04,Robbery,20
Richmond upon Thames,2025-04,Shoplifting,114
Richmond upon Thames,2025-04,Theft from the person,22
Richmond upon Thames,2025-04,Vehicle crime,142
Richmond upon Thames,2025-04,Violence and sexual offences,276
Richmond upon Thames,2025-05,Anti-social behaviour,305
Richmond upon Thames,2025-05,Bicycle theft,43
Richmond upon Thames,2025-05,Burglary,98
Richmond upon Thames,2025-05,Criminal damage and arson,96
Richmond upon Thames,2025-05,Drugs,121
Richmond upon Thames,2025-05,Other crime,7
Richmond upon Thames,2025-05,Other theft,110
Richmond upon Thames,2025-05,Possession of weapons,4
Richmond upon Thames,2025-05,Public order,108
Richmond upon Thames,2025-05,Robbery,17
Richmond upon Thames,2025-05,Shoplifting,104
Richmond upon Thames,2025-05,Theft from the person,20
Richmond upon Thames,2025-05,Vehicle crime,143
Richmond upon Thames,2025-05,Violence and sexual offences,301
Richmond upon Thames,2025-06,Anti-social behaviour,301
Richmond upon Thames,2025-06,Bicycle theft,40
Richmond upon Thames,2025-06,Burglary,84
Richmond upon Thames,2025-06,Criminal damage and arson,102
Richmond upon Thames,2025-06,Drugs,30
Richmond upon Thames,2025-06,Other crime,14
Richmond upon Thames,2025-06,Other theft,83
Richmond upon Thames,2025-06,Possession of weapons,5
Richmond upon Thames,2025-06,Public order,86
Richmond upon Thames,2025-06,Robbery,34
Richmond upon Thames,2025-06,Shoplifting,101
Richmond upon Thames,2025-06,Theft from the person,21
Richmond upon Thames,2025-06,Vehicle crime,138
Richmond upon Thames,2025-06,Violence and sexual offences,308
Richmond upon Thames,2025-07,Anti-social behaviour,299
Richmond upon Thames,2025-07,Bicycle theft,45
Richmond upon Thames,2025-07,Burglary,72
Richmond upon Thames,2025-07,Criminal damage and arson,114
Richmond upon Thames,2025-07,Drugs,44
Richmond upon Thames,2025-07,Other crime,12
Richmond upon Thames,2025-07,Other theft,99
Richmond upon Thames,2025-07,Possession of weapons,3
Richmond upon Thames,2025-07,Public order,78
Richmond upon Thames,2025-07,Robbery,28
Richmond upon Thames,2025-07,Shoplifting,116
Richmond upon Thames,2025-07,Theft from the person,35
Richmond upon Thames,2025-07,Vehicle crime,123
Richmond upon Thames,2025-07,Violence and sexual offences,313
Richmond upon Thames,2025-08,Anti-social behaviour,300
Richmond upon Thames,2025-08,Bicycle theft,34
Richmond upon Thames,2025-08,Burglary,72
Richmond upon Thames,2025-08,Criminal damage and arson,93
Richmond upon Thames,2025-08,Drugs,48
Richmond upon Thames,2025-08,Other crime,17
Richmond upon Thames,2025-08,Other theft,80
Richmond upon Thames,2025-08,Possession of weapons,3
Richmond upon Thames,2025-08,Public order,75
Richmond upon Thames,2025-08,Robbery,19
Richmond upon Thames,2025-08,Shoplifting,83
Richmond upon Thames,2025-08,Theft from the person,14
Richmond upon Thames,2025-08,Vehicle crime,100
Richmond upon Thames,2025-08,Violence and sexual offences,264
Richmond upon Thames,2025-09,Anti-social behaviour,227
Richmond upon Thames,2025-09,Bicycle theft,37
Richmond upon Thames,2025-09,Burglary,75
Richmond upon Thames,2025-09,Criminal damage and arson,118
Richmond upon Thames,2025-09,Drugs,45
Richmond upon Thames,2025-09,Other crime,14
Richmond upon Thames,2025-09,Other theft,90
Richmond upon Thames,2025-09,Possession of weapons,1
Richmond upon Thames,2025-09,Public order,67
Richmond upon Thames,2025-09,Robbery,12
Richmond upon Thames,2025-09,Shoplifting,72
Richmond upon Thames,2025-09,Theft from the person,15
Richmond upon Thames,2025-09,Vehicle crime,107
Richmond upon Thames,2025-09,Violence and sexual offences,267
Richmond upon Thames,2025-10,Anti-social behaviour,269
Richmond upon Thames,2025-10,Bicycle theft,26
Richmond upon Thames,2025-10,Burglary,85
Richmond upon Thames,2025-10,Criminal damage and arson,95
Richmond upon Thames,2025-10,Drugs,48
Richmond upon Thames,2025-10,Other crime,12
Richmond upon Thames,2025-10,Other theft,92
Richmond upon Thames,2025-10,Possession of weapons,3
Richmond upon Thames,2025-10,Public order,54
Richmond upon Thames,2025-10,Robbery,24
Richmond upon Thames,2025-10,Shoplifting,100
Richmond upon Thames,2025-10,Theft from the person,21
Richmond upon Thames,2025-10,Vehicle crime,158
Richmond upon Thames,2025-10,Violence and sexual offences,300
Richmond upon Thames,2025-11,Anti-social behaviour,254
Richmond upon Thames,2025-11,Bicycle theft,24
Richmond upon Thames,2025-11,Burglary,61
Richmond upon Thames,2025-11,Criminal damage and arson,86
Richmond upon Thames,2025-11,Drugs,39
Richmond upon Thames,2025-11,Other crime,11
Richmond upon Thames,2025-11,Other theft,78
Richmond upon Thames,2025-11,Possession of weapons,5
Richmond upon Thames,2025-11,Public order,67
Richmond upon Thames,2025-11,Robbery,12
Richmond upon Thames,2025-11,Shoplifting,110
Richmond upon Thames,2025-11,Theft from the person,20
Richmond upon Thames,2025-11,Vehicle crime,122
Richmond upon Thames,2025-11,Violence and sexual offences,256
Richmond upon Thames,2025-12,Anti-social behaviour,213
Richmond upon Thames,2025-12,Bicycle theft,9
Richmond upon Thames,2025-12,Burglary,47
Richmond upon Thames,2025-12,Criminal damage and arson,86
Richmond upon Thames,2025-12,Drugs,27
Richmond upon Thames,2025-12,Other crime,8
Richmond upon Thames,2025-12,Other theft,107
Richmond upon Thames,2025-12,Possession of weapons,5
Richmond upon Thames,2025-12,Public order,78
Richmond upon Thames,2025-12,Robbery,14
Richmond upon Thames,2025-12,Shoplifting,82
Richmond upon Thames,2025-12,Theft from the person,27
Richmond upon Thames,2025-12,Vehicle crime,107
Richmond upon Thames,2025-12,Violence and sexual offences,282
Southwark,2024-12,Anti-social behaviour,658
Southwark,2024-12,Bicycle theft,69
Southwark,2024-12,Burglary,233
Southwark,2024-12,Criminal damage and arson,191
Southwark,2024-12,Drugs,230
Southwark,2024-12,Other crime,24
Southwark,2024-12,Other theft,448
Southwark,2024-12,Possession of weapons,26
Southwark,2024-12,Public order,143
Southwark,2024-12,Robbery,149
Southwark,2024-12,Shoplifting,349
Southwark,2024-12,Theft from the person,403
Southwark,2024-12,Vehicle crime,237
Southwark,2024-12,Violence and sexual offences,790
Southwark,2025-01,Anti-social behaviour,624
Southwark,2025-01,Bicycle theft,55
Southwark,2025-01,Burglary,237
Southwark,2025-01,Criminal damage and arson,179
Southwark,2025-01,Drugs,186
Southwark,2025-01,Other crime,36
Southwark,2025-01,Other theft,357
Southwark,2025-01,Possession of weapons,20
Southwark,2025-01,Public order,128
Southwark,2025-01,Robbery,150
Southwark,2025-01,Shoplifting,263
Southwark,2025-01,Theft from the person,426
Southwark,2025-01,Vehicle crime,201
Southwark,2025-01,Violence and sexual offences,731
Southwark,2025-02,Anti-social behaviour,614
Southwark,2025-02,Bicycle theft,62
Southwark,2025-02,Burglary,179
Southwark,2025-02,Criminal damage and arson,149
Southwark,2025-02,Drugs,172
Southwark,2025-02,Other crime,32
Southwark,2025-02,Other theft,349
Southwark,2025-02,Possession of weapons,11
Southwark,2025-02,Public order,149
Southwark,2025-02,Robbery,134
Southwark,2025-02,Shoplifting,208
Southwark,2025-02,Theft from the person,510
Southwark,2025-02,Vehicle crime,209
Southwark,2025-02,Violence and sexual offences,719
Southwark,2025-03,Anti-social behaviour,778
Southwark,2025-03,Bicycle theft,72
Southwark,2025-03,Burglary,238
Southwark,2025-03,Criminal damage and arson,158
Southwark,2025-03,Drugs,178
Southwark,2025-03,Other crime,31
Southwark,2025-03,Other theft,358
Southwark,2025-03,Possession of weapons,14
Southwark,2025-03,Public order,161
Southwark,2025-03,Robbery,171
Southwark,2025-03,Shoplifting,286
Southwark,2025-03,Theft from the person,640
Southwark,2025-03,Vehicle crime,215
Southwark,2025-03,Violence and sexual offences,826
Southwark,2025-04,Anti-social behaviour,800
Southwark,2025-04,Bicycle theft,82
Southwark,2025-04,Burglary,197
Southwark,2025-04,Criminal damage and arson,166
Southwark,2025-04,Drugs,160
Southwark,2025-04,Other crime,43
Southwark,2025-04,Other theft,356
Southwark,2025-04,Possession of weapons,17
Southwark,2025-04,Public order,164
Southwark,2025-04,Robbery,161
Southwark,2025-04,Shoplifting,227
Southwark,2025-04,Theft from the person,612
Southwark,2025-04,Vehicle crime,195
Southwark,2025-04,Violence and sexual offences,734
Southwark,2025-05,Anti-social behaviour,889
Southwark,2025-05,Bicycle theft,93
Southwark,2025-05,Burglary,215
Southwark,2025-05,Criminal damage and arson,136
Southwark,2025-05,Drugs,157
Southwark,2025-05,Other crime,31
Southwark,2025-05,Other theft,438
Southwark,2025-05,Possession of weapons,24
Southwark,2025-05,Public order,166
Southwark,2025-05,Robbery,175
Southwark,2025-05,Shoplifting,220
Southwark,2025-05,Theft from the person,656
Southwark,2025-05,Vehicle crime,230
Southwark,2025-05,Violence and sexual offences,860
Southwark,2025-06,Anti-social behaviour,957
Southwark,2025-06,Bicycle theft,118
Southwark,2025-06,Burglary,230
Southwark,2025-06,Criminal damage and arson,153
Southwark,2025-06,Drugs,153
Southwark,2025-06,Other crime,27
Southwark,2025-06,Other theft,425
Southwark,2025-06,Possession of weapons,33
Southwark,2025-06,Public order,190
Southwark,2025-06,Robbery,165
Southwark,2025-06,Shoplifting,187
Southwark,2025-06,Theft from the person,643
Southwark,2025-06,Vehicle crime,216
Southwark,2025-06,Violence and sexual offences,919
Southwark,2025-07,Anti-social behaviour,946
Southwark,2025-07,Bicycle theft,119
Southwark,2025-07,Burglary,212
Southwark,2025-07,Criminal damage and arson,147
Southwark,2025-07,Drugs,178
Southwark,2025-07,Other crime,43
Southwark,2025-07,Other theft,435
Southwark,2025-07,Possession of weapons,31
Southwark,2025-07,Public order,233
Southwark,2025-07,Robbery,144
Southwark,2025-07,Shoplifting,209
Southwark,2025-07,Theft from the person,518
Southwark,2025-07,Vehicle crime,207
Southwark,2025-07,Violence and sexual offences,946
Southwark,2025-08,Anti-social behaviour,881
Southwark,2025-08,Bicycle theft,92
Southwark,2025-08,Burglary,216
Southwark,2025-08,Criminal damage and arson,179
Southwark,2025-08,Drugs,152
Southwark,2025-08,Other crime,28
Southwark,2025-08,Other theft,440
Southwark,2025-08,Possession of weapons,30
Southwark,2025-08,Public order,178
Southwark,2025-08,Robbery,137
Southwark,2025-08,Shoplifting,231
Southwark,2025-08,Theft from the person,489
Southwark,2025-08,Vehicle crime,215
Southwark,2025-08,Violence and sexual offences,916
Southwark,2025-09,Anti-social behaviour,826
Southwark,2025-09,Bicycle theft,88
Southwark,2025-09,Burglary,185
Southwark,2025-09,Criminal damage and arson,169
Southwark,2025-09,Drugs,158
Southwark,2025-09,Other crime,27
Southwark,2025-09,Other theft,407
Southwark,2025-09,Possession of weapons,17
Southwark,2025-09,Public order,204
Southwark,2025-09,Robbery,133
Southwark,2025-09,Shoplifting,246
Southwark,2025-09,Theft from the person,575
Southwark,2025-09,Vehicle crime,181
Southwark,2025-09,Violence and sexual offences,766
Southwark,2025-10,Anti-social behaviour,835
Southwark,2025-10,Bicycle theft,113
Southwark,2025-10,Burglary,199
Southwark,2025-10,Criminal damage and arson,145
Southwark,2025-10,Drugs,164
Southwark,2025-10,Other crime,33
Southwark,2025-10,Other theft,480
Southwark,2025-10,Possession of weapons,18
Southwark,2025-10,Public order,171
Southwark,2025-10,Robbery,116
Southwark,2025-10,Shoplifting,233
Southwark,2025-10,Theft from the person,585
Southwark,2025-10,Vehicle crime,206
Southwark,2025-10,Violence and sexual offences,895
Southwark,2025-11,Anti-social behaviour,783
Southwark,2025-11,Bicycle theft,94
Southwark,2025-11,Burglary,188
Southwark,2025-11,Criminal damage and arson,128
Southwark,2025-11,Drugs,163
Southwark,2025-11,Other crime,39
Southwark,2025-11,Other theft,421
Southwark,2025-11,Possession of weapons,35
Southwark,2025-11,Public order,165
Southwark,2025-11,Robbery,190
Southwark,2025-11,Shoplifting,202
Southwark,2025-11,Theft from the person,569
Southwark,2025-11,Vehicle crime,199
Southwark,2025-11,Violence and sexual offences,812
Southwark,2025-12,Anti-social behaviour,667
Southwark,2025-12,Bicycle theft,51
Southwark,2025-12,Burglary,213
Southwark,2025-12,Criminal damage and arson,159
Southwark,2025-12,Drugs,142
Southwark,2025-12,Other crime,24
Southwark,2025-12,Other theft,447
Southwark,2025-12,Possession of weapons,21
Southwark,2025-12,Public order,164
Southwark,2025-12,Robbery,174
Southwark,2025-12,Shoplifting,209
Southwark,2025-12,Theft from the person,621
Southwark,2025-12,Vehicle crime,167
Southwark,2025-12,Violence and sexual offences,774
Sutton,2024-12,Anti-social behaviour,208
Sutton,2024-12,Bicycle theft,4
Sutton,2024-12,Burglary,67
Sutton,2024-12,Criminal damage and arson,82
Sutton,2024-12,Drugs,49
Sutton,2024-12,Other crime,19
Sutton,2024-12,Other theft,91
Sutton,2024-12,Possession of weapons,5
Sutton,2024-12,Public order,86
Sutton,2024-12,Robbery,24
Sutton,2024-12,Shoplifting,68
Sutton,2024-12,Theft from the person,20
Sutton,2024-12,Vehicle crime,89
Sutton,2024-12,Violence and sexual offences,418
Sutton,2025-01,Anti-social behaviour,206
Sutton,2025-01,Bicycle theft,5
Sutton,2025-01,Burglary,75
Sutton,2025-01,Criminal damage and arson,63
Sutton,2025-01,Drugs,52
Sutton,2025-01,Other crime,23
Sutton,2025-01,Other theft,77
Sutton,2025-01,Possession of weapons,6
Sutton,2025-01,Public order,61
Sutton,2025-01,Robbery,13
Sutton,2025-01,Shoplifting,87
Sutton,2025-01,Theft from the person,27
Sutton,2025-01,Vehicle crime,103
Sutton,2025-01,Violence and sexual offences,361
Sutton,2025-02,Anti-social behaviour,191
Sutton,2025-02,Bicycle theft,10
Sutton,2025-02,Burglary,59
Sutton,2025-02,Criminal damage and arson,63
Sutton,2025-02,Drugs,52
Sutton,2025-02,Other crime,17
Sutton,2025-02,Other theft,58
Sutton,2025-02,Possession of weapons,7
Sutton,2025-02,Public order,68
Sutton,2025-02,Robbery,28
Sutton,2025-02,Shoplifting,101
Sutton,2025-02,Theft from the person,21
Sutton,2025-02,Vehicle crime,75
Sutton,2025-02,Violence and sexual offences,378
Sutton,2025-03,Anti-social behaviour,292
Sutton,2025-03,Bicycle theft,9
Sutton,2025-03,Burglary,65
Sutton,2025-03,Criminal damage and arson,83
Sutton,2025-03,Drugs,64
Sutton,2025-03,Other crime,14
Sutton,2025-03,Other theft,70
Sutton,2025-03,Possession of weapons,4
Sutton,2025-03,Public order,74
Sutton,2025-03,Robbery,30
Sutton,2025-03,Shoplifting,92
Sutton,2025-03,Theft from the person,22
Sutton,2025-03,Vehicle crime,110
Sutton,2025-03,Violence and sexual offences,444
Sutton,2025-04,Anti-social behaviour,261
Sutton,2025-04,Bicycle theft,14
Sutton,2025-04,Burglary,73
Sutton,2025-04,Criminal damage and arson,98
Sutton,2025-04,Drugs,48
Sutton,2025-04,Other crime,15
Sutton,2025-04,Other theft,77
Sutton,2025-04,Possession of weapons,7
Sutton,2025-04,Public order,79
Sutton,2025-04,Robbery,19
Sutton,2025-04,Shoplifting,151
Sutton,2025-04,Theft from the person,24
Sutton,2025-04,Vehicle crime,101
Sutton,2025-04,Violence and sexual offences,411
Sutton,2025-05,Anti-social behaviour,283
Sutton,2025-05,Bicycle theft,13
Sutton,2025-05,Burglary,78
Sutton,2025-05,Criminal damage and arson,87
Sutton,2025-05,Drugs,51
Sutton,2025-05,Other crime,23
Sutton,2025-05,Other theft,71
Sutton,2025-05,Possession of weapons,4
Sutton,2025-05,Public order,71
Sutton,2025-05,Robbery,28
Sutton,2025-05,Shoplifting,159
Sutton,2025-05,Theft from the person,10
Sutton,2025-05,Vehicle crime,116
Sutton,2025-05,Violence and sexual offences,441
Sutton,2025-06,Anti-social behaviour,276
Sutton,2025-06,Bicycle theft,5
Sutton,2025-06,Burglary,81
Sutton,2025-06,Criminal damage and arson,85
Sutton,2025-06,Drugs,49
Sutton,2025-06,Other crime,15
Sutton,2025-06,Other theft,73
Sutton,2025-06,Possession of weapons,7
Sutton,2025-06,Public order,93
Sutton,2025-06,Robbery,21
Sutton,2025-06,Shoplifting,103
Sutton,2025-06,Theft from the person,8
Sutton,2025-06,Vehicle crime,104
Sutton,2025-06,Violence and sexual offences,456
Sutton,2025-07,Anti-social behaviour,336
Sutton,2025-07,Bicycle theft,8
Sutton,2025-07,Burglary,81
Sutton,2025-07,Criminal damage and arson,106
Sutton,2025-07,Drugs,56
Sutton,2025-07,Other crime,22
Sutton,2025-07,Other theft,80
Sutton,2025-07,Possession of weapons,8
Sutton,2025-07,Public order,112
Sutton,2025-07,Robbery,27
Sutton,2025-07,Shoplifting,77
Sutton,2025-07,Theft from the person,20
Sutton,2025-07,Vehicle crime,100
Sutton,2025-07,Violence and sexual offences,502
Sutton,2025-08,Anti-social behaviour,316
Sutton,2025-08,Bicycle theft,7
Sutton,2025-08,Burglary,85
Sutton,2025-08,Criminal damage and arson,74
Sutton,2025-08,Drugs,59
Sutton,2025-08,Other crime,13
Sutton,2025-08,Other theft,85
Sutton,2025-08,Possession of weapons,8
Sutton,2025-08,Public order,88
Sutton,2025-08,Robbery,22
Sutton,2025-08,Shoplifting,92
Sutton,2025-08,Theft from the person,27
Sutton,2025-08,Vehicle crime,88
Sutton,2025-08,Violence and sexual offences,366
Sutton,2025-09,Anti-social behaviour,241
Sutton,2025-09,Bicycle theft,7
Sutton,2025-09,Burglary,73
Sutton,2025-09,Criminal damage and arson,67
Sutton,2025-09,Drugs,67
Sutton,2025-09,Other crime,17
Sutton,2025-09,Other theft,77
Sutton,2025-09,Possession of weapons,7
Sutton,2025-09,Public order,120
Sutton,2025-09,Robbery,28
Sutton,2025-09,Shoplifting,126
Sutton,2025-09,Theft from the person,17
Sutton,2025-09,Vehicle crime,105
Sutton,2025-09,Violence and sexual offences,447
Sutton,2025-10,Anti-social behaviour,267
Sutton,2025-10,Bicycle theft,7
Sutton,2025-10,Burglary,59
Sutton,2025-10,Criminal damage and arson,88
Sutton,2025-10,Drugs,63
Sutton,2025-10,Other crime,22
Sutton,2025-10,Other theft,74
Sutton,2025-10,Possession of weapons,8
Sutton,2025-10,Public order,94
Sutton,2025-10,Robbery,27
Sutton,2025-10,Shoplifting,148
Sutton,2025-10,Theft from the person,22
Sutton,2025-10,Vehicle crime,94
Sutton,2025-10,Violence and sexual offences,456
Sutton,2025-11,Anti-social behaviour,238
Sutton,2025-11,Bicycle theft,4
Sutton,2025-11,Burglary,69
Sutton,2025-11,Criminal damage and arson,93
Sutton,2025-11,Drugs,68
Sutton,2025-11,Other crime,18
Sutton,2025-11,Other theft,69
Sutton,2025-11,Possession of weapons,11
Sutton,2025-11,Public order,85
Sutton,2025-11,Robbery,21
Sutton,2025-11,Shoplifting,116
Sutton,2025-11,Theft from the person,26
Sutton,2025-11,Vehicle crime,123
Sutton,2025-11,Violence and sexual offences,465
Sutton,2025-12,Anti-social behaviour,236
Sutton,2025-12,Bicycle theft,7
Sutton,2025-12,Burglary,69
Sutton,2025-12,Criminal damage and arson,73
Sutton,2025-12,Drugs,63
Sutton,2025-12,Other crime,17
Sutton,2025-12,Other theft,86
Sutton,2025-12,Possession of weapons,9
Sutton,2025-12,Public order,91
Sutton,2025-12,Robbery,13
Sutton,2025-12,Shoplifting,89
Sutton,2025-12,Theft from the person,18
Sutton,2025-12,Vehicle crime,94
Sutton,2025-12,Violence and sexual offences,395
Tower Hamlets,2024-12,Anti-social behaviour,772
Tower Hamlets,2024-12,Bicycle theft,73
Tower Hamlets,2024-12,Burglary,245
Tower Hamlets,2024-12,Criminal damage and arson,173
Tower Hamlets,2024-12,Drugs,158
Tower Hamlets,2024-12,Other crime,35
Tower Hamlets,2024-12,Other theft,326
Tower Hamlets,2024-12,Possession of weapons,12
Tower Hamlets,2024-12,Public order,167
Tower Hamlets,2024-12,Robbery,108
Tower Hamlets,2024-12,Shoplifting,204
Tower Hamlets,2024-12,Theft from the person,217
Tower Hamlets,2024-12,Vehicle crime,223
Tower Hamlets,2024-12,Violence and sexual offences,821
Tower Hamlets,2025-01,Anti-social behaviour,751
Tower Hamlets,2025-01,Bicycle theft,66
Tower Hamlets,2025-01,Burglary,244
Tower Hamlets,2025-01,Criminal damage and arson,134
Tower Hamlets,2025-01,Drugs,168
Tower Hamlets,2025-01,Other crime,41
Tower Hamlets,2025-01,Other theft,292
Tower Hamlets,2025-01,Possession of weapons,18
Tower Hamlets,2025-01,Public order,175
Tower Hamlets,2025-01,Robbery,92
Tower Hamlets,2025-01,Shoplifting,233
Tower Hamlets,2025-01,Theft from the person,168
Tower Hamlets,2025-01,Vehicle crime,204
Tower Hamlets,2025-01,Violence and sexual offences,792
Tower Hamlets,2025-02,Anti-social behaviour,665
Tower Hamlets,2025-02,Bicycle theft,65
Tower Hamlets,2025-02,Burglary,129
Tower Hamlets,2025-02,Criminal damage and arson,131
Tower Hamlets,2025-02,Drugs,136
Tower Hamlets,2025-02,Other crime,43
Tower Hamlets,2025-02,Other theft,281
Tower Hamlets,2025-02,Possession of weapons,6
Tower Hamlets,2025-02,Public order,147
Tower Hamlets,2025-02,Robbery,96
Tower Hamlets,2025-02,Shoplifting,160
Tower Hamlets,2025-02,Theft from the person,209
Tower Hamlets,2025-02,Vehicle crime,157
Tower Hamlets,2025-02,Violence and sexual offences,848
Tower Hamlets,2025-03,Anti-social behaviour,901
Tower Hamlets,2025-03,Bicycle theft,103
Tower Hamlets,2025-03,Burglary,150
Tower Hamlets,2025-03,Criminal damage and arson,182
Tower Hamlets,2025-03,Drugs,168
Tower Hamlets,2025-03,Other crime,39
Tower Hamlets,2025-03,Other theft,345
Tower Hamlets,2025-03,Possession of weapons,23
Tower Hamlets,2025-03,Public order,225
Tower Hamlets,2025-03,Robbery,114
Tower Hamlets,2025-03,Shoplifting,169
Tower Hamlets,2025-03,Theft from the person,247
Tower Hamlets,2025-03,Vehicle crime,158
Tower Hamlets,2025-03,Violence and sexual offences,959
Tower Hamlets,2025-04,Anti-social behaviour,914
Tower Hamlets,2025-04,Bicycle theft,83
Tower Hamlets,2025-04,Burglary,157
Tower Hamlets,2025-04,Criminal damage and arson,182
Tower Hamlets,2025-04,Drugs,221
Tower Hamlets,2025-04,Other crime,36
Tower Hamlets,2025-04,Other theft,336
Tower Hamlets,2025-04,Possession of weapons,16
Tower Hamlets,2025-04,Public order,189
Tower Hamlets,2025-04,Robbery,102
Tower Hamlets,2025-04,Shoplifting,190
Tower Hamlets,2025-04,Theft from the person,253
Tower Hamlets,2025-04,Vehicle crime,202
Tower Hamlets,2025-04,Violence and sexual offences,937
Tower Hamlets,2025-05,Anti-social behaviour,1057
Tower Hamlets,2025-05,Bicycle theft,77
Tower Hamlets,2025-05,Burglary,129
Tower Hamlets,2025-05,Criminal damage and arson,183
Tower Hamlets,2025-05,Drugs,232
Tower Hamlets,2025-05,Other crime,36
Tower Hamlets,2025-05,Other theft,335
Tower Hamlets,2025-05,Possession of weapons,22
Tower Hamlets,2025-05,Public order,196
Tower Hamlets,2025-05,Robbery,81
Tower Hamlets,2025-05,Shoplifting,290
Tower Hamlets,2025-05,Theft from the person,228
Tower Hamlets,2025-05,Vehicle crime,188
Tower Hamlets,2025-05,Violence and sexual offences,1013
Tower Hamlets,2025-06,Anti-social behaviour,1186
Tower Hamlets,2025-06,Bicycle theft,103
Tower Hamlets,2025-06,Burglary,134
Tower Hamlets,2025-06,Criminal damage and arson,157
Tower Hamlets,2025-06,Drugs,340
Tower Hamlets,2025-06,Other crime,45
Tower Hamlets,2025-06,Other theft,288
Tower Hamlets,2025-06,Possession of weapons,18
Tower Hamlets,2025-06,Public order,265
Tower Hamlets,2025-06,Robbery,117
Tower Hamlets,2025-06,Shoplifting,331
Tower Hamlets,2025-06,Theft from the person,235
Tower Hamlets,2025-06,Vehicle crime,199
Tower Hamlets,2025-06,Violence and sexual offences,998
Tower Hamlets,2025-07,Anti-social behaviour,1306
Tower Hamlets,2025-07,Bicycle theft,90
Tower Hamlets,2025-07,Burglary,156
Tower Hamlets,2025-07,Criminal damage and arson,182
Tower Hamlets,2025-07,Drugs,286
Tower Hamlets,2025-07,Other crime,55
Tower Hamlets,2025-07,Other theft,328
Tower Hamlets,2025-07,Possession of weapons,26
Tower Hamlets,2025-07,Public order,270
Tower Hamlets,2025-07,Robbery,119
Tower Hamlets,2025-07,Shoplifting,306
Tower Hamlets,2025-07,Theft from the person,254
Tower Hamlets,2025-07,Vehicle crime,214
Tower Hamlets,2025-07,Violence and sexual offences,1102
Tower Hamlets,2025-08,Anti-social behaviour,1141
Tower Hamlets,2025-08,Bicycle theft,94
Tower Hamlets,2025-08,Burglary,194
Tower Hamlets,2025-08,Criminal damage and arson,174
Tower Hamlets,2025-08,Drugs,205
Tower Hamlets,2025-08,Other crime,40
Tower Hamlets,2025-08,Other theft,314
Tower Hamlets,2025-08,Possession of weapons,23
Tower Hamlets,2025-08,Public order,263
Tower Hamlets,2025-08,Robbery,120
Tower Hamlets,2025-08,Shoplifting,335
Tower Hamlets,2025-08,Theft from the person,204
Tower Hamlets,2025-08,Vehicle crime,195
Tower Hamlets,2025-08,Violence and sexual offences,986
Tower Hamlets,2025-09,Anti-social behaviour,877
Tower Hamlets,2025-09,Bicycle theft,88
Tower Hamlets,2025-09,Burglary,257
Tower Hamlets,2025-09,Criminal damage and arson,182
Tower Hamlets,2025-09,Drugs,279
Tower Hamlets,2025-09,Other crime,43
Tower Hamlets,2025-09,Other theft,343
Tower Hamlets,2025-09,Possession of weapons,17
Tower Hamlets,2025-09,Public order,227
Tower Hamlets,2025-09,Robbery,98
Tower Hamlets,2025-09,Shoplifting,268
Tower Hamlets,2025-09,Theft from the person,180
Tower Hamlets,2025-09,Vehicle crime,233
Tower Hamlets,2025-09,Violence and sexual offences,912
Tower Hamlets,2025-10,Anti-social behaviour,849
Tower Hamlets,2025-10,Bicycle theft,114
Tower Hamlets,2025-10,Burglary,242
Tower Hamlets,2025-10,Criminal damage and arson,164
Tower Hamlets,2025-10,Drugs,226
Tower Hamlets,2025-10,Other crime,40
Tower Hamlets,2025-10,Other theft,361
Tower Hamlets,2025-10,Possession of weapons,21
Tower Hamlets,2025-10,Public order,251
Tower Hamlets,2025-10,Robbery,109
Tower Hamlets,2025-10,Shoplifting,265
Tower Hamlets,2025-10,Theft from the person,195
Tower Hamlets,2025-10,Vehicle crime,215
Tower Hamlets,2025-10,Violence and sexual offences,1028
Tower Hamlets,2025-11,Anti-social behaviour,810
Tower Hamlets,2025-11,Bicycle theft,95
Tower Hamlets,2025-11,Burglary,273
Tower Hamlets,2025-11,Criminal damage and arson,158
Tower Hamlets,2025-11,Drugs,255
Tower Hamlets,2025-11,Other crime,29
Tower Hamlets,2025-11,Other theft,321
Tower Hamlets,2025-11,Possession of weapons,19
Tower Hamlets,2025-11,Public order,224
Tower Hamlets,2025-11,Robbery,110
Tower Hamlets,2025-11,Shoplifting,218
Tower Hamlets,2025-11,Theft from the person,278
Tower Hamlets,2025-11,Vehicle crime,204
Tower Hamlets,2025-11,Violence and sexual offences,967
Tower Hamlets,2025-12,Anti-social behaviour,693
Tower Hamlets,2025-12,Bicycle theft,59
Tower Hamlets,2025-12,Burglary,208
Tower Hamlets,2025-12,Criminal damage and arson,167
Tower Hamlets,2025-12,Drugs,283
Tower Hamlets,2025-12,Other crime,36
Tower Hamlets,2025-12,Other theft,359
Tower Hamlets,2025-12,Possession of weapons,25
Tower Hamlets,2025-12,Public order,208
Tower Hamlets,2025-12,Robbery,102
Tower Hamlets,2025-12,Shoplifting,267
Tower Hamlets,2025-12,Theft from the person,258
Tower Hamlets,2025-12,Vehicle crime,196
Tower Hamlets,2025-12,Violence and sexual offences,953
Waltham Forest,2024-12,Anti-social behaviour,491
Waltham Forest,2024-12,Bicycle theft,11
Waltham Forest,2024-12,Burglary,103
Waltham Forest,2024-12,Criminal damage and arson,116
Waltham Forest,2024-12,Drugs,131
Waltham Forest,2024-12,Other crime,26
Waltham Forest,2024-12,Other theft,218
Waltham Forest,2024-12,Possession of weapons,9
Waltham Forest,2024-12,Public order,74
Waltham Forest,2024-12,Robbery,80
Waltham Forest,2024-12,Shoplifting,172
Waltham Forest,2024-12,Theft from the person,150
Waltham Forest,2024-12,Vehicle crime,273
Waltham Forest,2024-12,Violence and sexual offences,573
Waltham Forest,2025-01,Anti-social behaviour,478
Waltham Forest,2025-01,Bicycle theft,34
Waltham Forest,2025-01,Burglary,112
Waltham Forest,2025-01,Criminal damage and arson,137
Waltham Forest,2025-01,Drugs,136
Waltham Forest,2025-01,Other crime,30
Waltham Forest,2025-01,Other theft,196
Waltham Forest,2025-01,Possession of weapons,5
Waltham Forest,2025-01,Public order,84
Waltham Forest,2025-01,Robbery,67
Waltham Forest,2025-01,Shoplifting,184
Waltham Forest,2025-01,Theft from the person,117
Waltham Forest,2025-01,Vehicle crime,247
Waltham Forest,2025-01,Violence and sexual offences,451
Waltham Forest,2025-02,Anti-social behaviour,466
Waltham Forest,2025-02,Bicycle theft,35
Waltham Forest,2025-02,Burglary,113
Waltham Forest,2025-02,Criminal damage and arson,132
Waltham Forest,2025-02,Drugs,126
Waltham Forest,2025-02,Other crime,18
Waltham Forest,2025-02,Other theft,171
Waltham Forest,2025-02,Possession of weapons,10
Waltham Forest,2025-02,Public order,84
Waltham Forest,2025-02,Robbery,61
Waltham Forest,2025-02,Shoplifting,157
Waltham Forest,2025-02,Theft from the person,123
Waltham Forest,2025-02,Vehicle crime,236
Waltham Forest,2025-02,Violence and sexual offences,483
Waltham Forest,2025-03,Anti-social behaviour,546
Waltham Forest,2025-03,Bicycle theft,42
Waltham Forest,2025-03,Burglary,111
Waltham Forest,2025-03,Criminal damage and arson,142
Waltham Forest,2025-03,Drugs,130
Waltham Forest,2025-03,Other crime,38
Waltham Forest,2025-03,Other theft,221
Waltham Forest,2025-03,Possession of weapons,12
Waltham Forest,2025-03,Public order,127
Waltham Forest,2025-03,Robbery,85
Waltham Forest,2025-03,Shoplifting,207
Waltham Forest,2025-03,Theft from the person,129
Waltham Forest,2025-03,Vehicle crime,211
Waltham Forest,2025-03,Violence and sexual offences,597
Waltham Forest,2025-04,Anti-social behaviour,538
Waltham Forest,2025-04,Bicycle theft,36
Waltham Forest,2025-04,Burglary,99
Waltham Forest,2025-04,Criminal damage and arson,119
Waltham Forest,2025-04,Drugs,160
Waltham Forest,2025-04,Other crime,26
Waltham Forest,2025-04,Other theft,190
Waltham Forest,2025-04,Possession of weapons,17
Waltham Forest,2025-04,Public order,132
Waltham Forest,2025-04,Robbery,63
Waltham Forest,2025-04,Shoplifting,192
Waltham Forest,2025-04,Theft from the person,141
Waltham Forest,2025-04,Vehicle crime,239
Waltham Forest,2025-04,Violence and sexual offences,567
Waltham Forest,2025-05,Anti-social behaviour,641
Waltham Forest,2025-05,Bicycle theft,50
Waltham Forest,2025-05,Burglary,123
Waltham Forest,2025-05,Criminal damage and arson,154
Waltham Forest,2025-05,Drugs,145
Waltham Forest,2025-05,Other crime,25
Waltham Forest,2025-05,Other theft,181
Waltham Forest,2025-05,Possession of weapons,12
Waltham Forest,2025-05,Public order,134
Waltham Forest,2025-05,Robbery,81
Waltham Forest,2025-05,Shoplifting,221
Waltham Forest,2025-05,Theft from the person,168
Waltham Forest,2025-05,Vehicle crime,234
Waltham Forest,2025-05,Violence and sexual offences,565
Waltham Forest,2025-06,Anti-social behaviour,641
Waltham Forest,2025-06,Bicycle theft,31
Waltham Forest,2025-06,Burglary,74
Waltham Forest,2025-06,Criminal damage and arson,125
Waltham Forest,2025-06,Drugs,163
Waltham Forest,2025-06,Other crime,20
Waltham Forest,2025-06,Other theft,167
Waltham Forest,2025-06,Possession of weapons,12
Waltham Forest,2025-06,Public order,141
Waltham Forest,2025-06,Robbery,84
Waltham Forest,2025-06,Shoplifting,186
Waltham Forest,2025-06,Theft from the person,130
Waltham Forest,2025-06,Vehicle crime,233
Waltham Forest,2025-06,Violence and sexual offences,621
Waltham Forest,2025-07,Anti-social behaviour,695
Waltham Forest,2025-07,Bicycle theft,29
Waltham Forest,2025-07,Burglary,78
Waltham Forest,2025-07,Criminal damage and arson,137
Waltham Forest,2025-07,Drugs,144
Waltham Forest,2025-07,Other crime,22
Waltham Forest,2025-07,Other theft,183
Waltham Forest,2025-07,Possession of weapons,12
Waltham Forest,2025-07,Public order,180
Waltham Forest,2025-07,Robbery,70
Waltham Forest,2025-07,Shoplifting,205
Waltham Forest,2025-07,Theft from the person,138
Waltham Forest,2025-07,Vehicle crime,223
Waltham Forest,2025-07,Violence and sexual offences,624
Waltham Forest,2025-08,Anti-social behaviour,630
Waltham Forest,2025-08,Bicycle theft,40
Waltham Forest,2025-08,Burglary,99
Waltham Forest,2025-08,Criminal damage and arson,118
Waltham Forest,2025-08,Drugs,130
Waltham Forest,2025-08,Other crime,21
Waltham Forest,2025-08,Other theft,181
Waltham Forest,2025-08,Possession of weapons,5
Waltham Forest,2025-08,Public order,99
Waltham Forest,2025-08,Robbery,74
Waltham Forest,2025-08,Shoplifting,184
Waltham Forest,2025-08,Theft from the person,104
Waltham Forest,2025-08,Vehicle crime,191
Waltham Forest,2025-08,Violence and sexual offences,519
Waltham Forest,2025-09,Anti-social behaviour,548
Waltham Forest,2025-09,Bicycle theft,37
Waltham Forest,2025-09,Burglary,117
Waltham Forest,2025-09,Criminal damage and arson,116
Waltham Forest,2025-09,Drugs,160
Waltham Forest,2025-09,Other crime,33
Waltham Forest,2025-09,Other theft,196
Waltham Forest,2025-09,Possession of weapons,15
Waltham Forest,2025-09,Public order,125
Waltham Forest,2025-09,Robbery,38
Waltham Forest,2025-09,Shoplifting,180
Waltham Forest,2025-09,Theft from the person,92
Waltham Forest,2025-09,Vehicle crime,234
Waltham Forest,2025-09,Violence and sexual offences,574
Waltham Forest,2025-10,Anti-social behaviour,626
Waltham Forest,2025-10,Bicycle theft,34
Waltham Forest,2025-10,Burglary,94
Waltham Forest,2025-10,Criminal damage and arson,141
Waltham Forest,2025-10,Drugs,140
Waltham Forest,2025-10,Other crime,15
Waltham Forest,2025-10,Other theft,188
Waltham Forest,2025-10,Possession of weapons,13
Waltham Forest,2025-10,Public order,120
Waltham Forest,2025-10,Robbery,56
Waltham Forest,2025-10,Shoplifting,191
Waltham Forest,2025-10,Theft from the person,119
Waltham Forest,2025-10,Vehicle crime,197
Waltham Forest,2025-10,Violence and sexual offences,613
Waltham Forest,2025-11,Anti-social behaviour,584
Waltham Forest,2025-11,Bicycle theft,35
Waltham Forest,2025-11,Burglary,118
Waltham Forest,2025-11,Criminal damage and arson,141
Waltham Forest,2025-11,Drugs,132
Waltham Forest,2025-11,Other crime,24
Waltham Forest,2025-11,Other theft,219
Waltham Forest,2025-11,Possession of weapons,14
Waltham Forest,2025-11,Public order,112
Waltham Forest,2025-11,Robbery,70
Waltham Forest,2025-11,Shoplifting,140
Waltham Forest,2025-11,Theft from the person,110
Waltham Forest,2025-11,Vehicle crime,243
Waltham Forest,2025-11,Violence and sexual offences,604
Waltham Forest,2025-12,Anti-social behaviour,474
Waltham Forest,2025-12,Bicycle theft,25
Waltham Forest,2025-12,Burglary,120
Waltham Forest,2025-12,Criminal damage and arson,120
Waltham Forest,2025-12,Drugs,157
Waltham Forest,2025-12,Other crime,26
Waltham Forest,2025-12,Other theft,208
Waltham Forest,2025-12,Possession of weapons,20
Waltham Forest,2025-12,Public order,127
Waltham Forest,2025-12,Robbery,65
Waltham Forest,2025-12,Shoplifting,136
Waltham Forest,2025-12,Theft from the person,146
Waltham Forest,2025-12,Vehicle crime,190
Waltham Forest,2025-12,Violence and sexual offences,550
Wandsworth,2024-12,Anti-social behaviour,444
Wandsworth,2024-12,Bicycle theft,26
Wandsworth,2024-12,Burglary,148
Wandsworth,2024-12,Criminal damage and arson,114
Wandsworth,2024-12,Drugs,117
Wandsworth,2024-12,Other crime,19
Wandsworth,2024-12,Other theft,237
Wandsworth,2024-12,Possession of weapons,7
Wandsworth,2024-12,Public order,108
Wandsworth,2024-12,Robbery,97
Wandsworth,2024-12,Shoplifting,247
Wandsworth,2024-12,Theft from the person,157
Wandsworth,2024-12,Vehicle crime,200
Wandsworth,2024-12,Violence and sexual offences,589
Wandsworth,2025-01,Anti-social behaviour,536
Wandsworth,2025-01,Bicycle theft,23
Wandsworth,2025-01,Burglary,144
Wandsworth,2025-01,Criminal damage and arson,127
Wandsworth,2025-01,Drugs,97
Wandsworth,2025-01,Other crime,38
Wandsworth,2025-01,Other theft,201
Wandsworth,2025-01,Possession of weapons,9
Wandsworth,2025-01,Public order,129
Wandsworth,2025-01,Robbery,62
Wandsworth,2025-01,Shoplifting,249
Wandsworth,2025-01,Theft from the person,90
Wandsworth,2025-01,Vehicle crime,222
Wandsworth,2025-01,Violence and sexual offences,572
Wandsworth,2025-02,Anti-social behaviour,496
Wandsworth,2025-02,Bicycle theft,25
Wandsworth,2025-02,Burglary,104
Wandsworth,2025-02,Criminal damage and arson,104
Wandsworth,2025-02,Drugs,84
Wandsworth,2025-02,Other crime,40
Wandsworth,2025-02,Other theft,200
Wandsworth,2025-02,Possession of weapons,8
Wandsworth,2025-02,Public order,106
Wandsworth,2025-02,Robbery,42
Wandsworth,2025-02,Shoplifting,201
Wandsworth,2025-02,Theft from the person,134
Wandsworth,2025-02,Vehicle crime,237
Wandsworth,2025-02,Violence and sexual offences,592
Wandsworth,2025-03,Anti-social behaviour,628
Wandsworth,2025-03,Bicycle theft,46
Wandsworth,2025-03,Burglary,124
Wandsworth,2025-03,Criminal damage and arson,151
Wandsworth,2025-03,Drugs,78
Wandsworth,2025-03,Other crime,37
Wandsworth,2025-03,Other theft,216
Wandsworth,2025-03,Possession of weapons,10
Wandsworth,2025-03,Public order,125
Wandsworth,2025-03,Robbery,59
Wandsworth,2025-03,Shoplifting,231
Wandsworth,2025-03,Theft from the person,119
Wandsworth,2025-03,Vehicle crime,244
Wandsworth,2025-03,Violence and sexual offences,648
Wandsworth,2025-04,Anti-social behaviour,628
Wandsworth,2025-04,Bicycle theft,54
Wandsworth,2025-04,Burglary,109
Wandsworth,2025-04,Criminal damage and arson,124
Wandsworth,2025-04,Drugs,101
Wandsworth,2025-04,Other crime,40
Wandsworth,2025-04,Other theft,213
Wandsworth,2025-04,Possession of weapons,13
Wandsworth,2025-04,Public order,152
Wandsworth,2025-04,Robbery,75
Wandsworth,2025-04,Shoplifting,251
Wandsworth,2025-04,Theft from the person,134
Wandsworth,2025-04,Vehicle crime,205
Wandsworth,2025-04,Violence and sexual offences,616
Wandsworth,2025-05,Anti-social behaviour,693
Wandsworth,2025-05,Bicycle theft,60
Wandsworth,2025-05,Burglary,105
Wandsworth,2025-05,Criminal damage and arson,146
Wandsworth,2025-05,Drugs,106
Wandsworth,2025-05,Other crime,25
Wandsworth,2025-05,Other theft,246
Wandsworth,2025-05,Possession of weapons,7
Wandsworth,2025-05,Public order,151
Wandsworth,2025-05,Robbery,74
Wandsworth,2025-05,Shoplifting,222
Wandsworth,2025-05,Theft from the person,132
Wandsworth,2025-05,Vehicle crime,279
Wandsworth,2025-05,Violence and sexual offences,672
Wandsworth,2025-06,Anti-social behaviour,750
Wandsworth,2025-06,Bicycle theft,71
Wandsworth,2025-06,Burglary,149
Wandsworth,2025-06,Criminal damage and arson,149
Wandsworth,2025-06,Drugs,118
Wandsworth,2025-06,Other crime,45
Wandsworth,2025-06,Other theft,241
Wandsworth,2025-06,Possession of weapons,21
Wandsworth,2025-06,Public order,188
Wandsworth,2025-06,Robbery,62
Wandsworth,2025-06,Shoplifting,223
Wandsworth,2025-06,Theft from the person,133
Wandsworth,2025-06,Vehicle crime,280
Wandsworth,2025-06,Violence and sexual offences,794
Wandsworth,2025-07,Anti-social behaviour,814
Wandsworth,2025-07,Bicycle theft,61
Wandsworth,2025-07,Burglary,148
Wandsworth,2025-07,Criminal damage and arson,126
Wandsworth,2025-07,Drugs,122
Wandsworth,2025-07,Other crime,29
Wandsworth,2025-07,Other theft,227
Wandsworth,2025-07,Possession of weapons,23
Wandsworth,2025-07,Public order,189
Wandsworth,2025-07,Robbery,57
Wandsworth,2025-07,Shoplifting,270
Wandsworth,2025-07,Theft from the person,130
Wandsworth,2025-07,Vehicle crime,228
Wandsworth,2025-07,Violence and sexual offences,823
Wandsworth,2025-08,Anti-social behaviour,682
Wandsworth,2025-08,Bicycle theft,50
Wandsworth,2025-08,Burglary,179
Wandsworth,2025-08,Criminal damage and arson,148
Wandsworth,2025-08,Drugs,133
Wandsworth,2025-08,Other crime,26
Wandsworth,2025-08,Other theft,191
Wandsworth,2025-08,Possession of weapons,25
Wandsworth,2025-08,Public order,169
Wandsworth,2025-08,Robbery,70
Wandsworth,2025-08,Shoplifting,348
Wandsworth,2025-08,Theft from the person,117
Wandsworth,2025-08,Vehicle crime,270
Wandsworth,2025-08,Violence and sexual offences,723
Wandsworth,2025-09,Anti-social behaviour,594
Wandsworth,2025-09,Bicycle theft,59
Wandsworth,2025-09,Burglary,138
Wandsworth,2025-09,Criminal damage and arson,128
Wandsworth,2025-09,Drugs,182
Wandsworth,2025-09,Other crime,23
Wandsworth,2025-09,Other theft,234
Wandsworth,2025-09,Possession of weapons,15
Wandsworth,2025-09,Public order,138
Wandsworth,2025-09,Robbery,66
Wandsworth,2025-09,Shoplifting,260
Wandsworth,2025-09,Theft from the person,86
Wandsworth,2025-09,Vehicle crime,240
Wandsworth,2025-09,Violence and sexual offences,674
Wandsworth,2025-10,Anti-social behaviour,612
Wandsworth,2025-10,Bicycle theft,60
Wandsworth,2025-10,Burglary,132
Wandsworth,2025-10,Criminal damage and arson,132
Wandsworth,2025-10,Drugs,154
Wandsworth,2025-10,Other crime,31
Wandsworth,2025-10,Other theft,292
Wandsworth,2025-10,Possession of weapons,7
Wandsworth,2025-10,Public order,161
Wandsworth,2025-10,Robbery,59
Wandsworth,2025-10,Shoplifting,225
Wandsworth,2025-10,Theft from the person,127
Wandsworth,2025-10,Vehicle crime,298
Wandsworth,2025-10,Violence and sexual offences,744
Wandsworth,2025-11,Anti-social behaviour,587
Wandsworth,2025-11,Bicycle theft,63
Wandsworth,2025-11,Burglary,135
Wandsworth,2025-11,Criminal damage and arson,115
Wandsworth,2025-11,Drugs,82
Wandsworth,2025-11,Other crime,36
Wandsworth,2025-11,Other theft,246
Wandsworth,2025-11,Possession of weapons,9
Wandsworth,2025-11,Public order,147
Wandsworth,2025-11,Robbery,43
Wandsworth,2025-11,Shoplifting,166
Wandsworth,2025-11,Theft from the person,140
Wandsworth,2025-11,Vehicle crime,228
Wandsworth,2025-11,Violence and sexual offences,659
Wandsworth,2025-12,Anti-social behaviour,492
Wandsworth,2025-12,Bicycle theft,43
Wandsworth,2025-12,Burglary,143
Wandsworth,2025-12,Criminal damage and arson,122
Wandsworth,2025-12,Drugs,80
Wandsworth,2025-12,Other crime,23
Wandsworth,2025-12,Other theft,258
Wandsworth,2025-12,Possession of weapons,15
Wandsworth,2025-12,Public order,154
Wandsworth,2025-12,Robbery,57
Wandsworth,2025-12,Shoplifting,180
Wandsworth,2025-12,Theft from the person,104
Wandsworth,2025-12,Vehicle crime,224
Wandsworth,2025-12,Violence and sexual offences,672
Westminster,2024-12,Anti-social behaviour,1062
Westminster,2024-12,Bicycle theft,63
Westminster,2024-12,Burglary,287
Westminster,2024-12,Criminal damage and arson,205
Westminster,2024-12,Drugs,170
Westminster,2024-12,Other crime,40
Westminster,2024-12,Other theft,1718
Westminster,2024-12,Possession of weapons,10
Westminster,2024-12,Public order,246
Westminster,2024-12,Robbery,354
Westminster,2024-12,Shoplifting,558
Westminster,2024-12,Theft from the person,4080
Westminster,2024-12,Vehicle crime,356
Westminster,2024-12,Violence and sexual offences,1096
Westminster,2025-01,Anti-social behaviour,970
Westminster,2025-01,Bicycle theft,67
Westminster,2025-01,Burglary,238
Westminster,2025-01,Criminal damage and arson,185
Westminster,2025-01,Drugs,186
Westminster,2025-01,Other crime,38
Westminster,2025-01,Other theft,1246
Westminster,2025-01,Possession of weapons,20
Westminster,2025-01,Public order,218
Westminster,2025-01,Robbery,293
Westminster,2025-01,Shoplifting,529
Westminster,2025-01,Theft from the person,2756
Westminster,2025-01,Vehicle crime,333
Westminster,2025-01,Violence and sexual offences,952
Westminster,2025-02,Anti-social behaviour,955
Westminster,2025-02,Bicycle theft,58
Westminster,2025-02,Burglary,229
Westminster,2025-02,Criminal damage and arson,189
Westminster,2025-02,Drugs,149
Westminster,2025-02,Other crime,40
Westminster,2025-02,Other theft,1320
Westminster,2025-02,Possession of weapons,15
Westminster,2025-02,Public order,228
Westminster,2025-02,Robbery,293
Westminster,2025-02,Shoplifting,563
Westminster,2025-02,Theft from the person,2661
Westminster,2025-02,Vehicle crime,398
Westminster,2025-02,Violence and sexual offences,870
Westminster,2025-03,Anti-social behaviour,1102
Westminster,2025-03,Bicycle theft,78
Westminster,2025-03,Burglary,219
Westminster,2025-03,Criminal damage and arson,214
Westminster,2025-03,Drugs,155
Westminster,2025-03,Other crime,51
Westminster,2025-03,Other theft,1243
Westminster,2025-03,Possession of weapons,16
Westminster,2025-03,Public order,265
Westminster,2025-03,Robbery,231
Westminster,2025-03,Shoplifting,602
Westminster,2025-03,Theft from the person,2557
Westminster,2025-03,Vehicle crime,355
Westminster,2025-03,Violence and sexual offences,1035
Westminster,2025-04,Anti-social behaviour,1095
Westminster,2025-04,Bicycle theft,79
Westminster,2025-04,Burglary,251
Westminster,2025-04,Criminal damage and arson,238
Westminster,2025-04,Drugs,223
Westminster,2025-04,Other crime,46
Westminster,2025-04,Other theft,1338
Westminster,2025-04,Possession of weapons,23
Westminster,2025-04,Public order,259
Westminster,2025-04,Robbery,275
Westminster,2025-04,Shoplifting,668
Westminster,2025-04,Theft from the person,2036
Westminster,2025-04,Vehicle crime,354
Westminster,2025-04,Violence and sexual offences,974
Westminster,2025-05,Anti-social behaviour,1218
Westminster,2025-05,Bicycle theft,93
Westminster,2025-05,Burglary,269
Westminster,2025-05,Criminal damage and arson,188
Westminster,2025-05,Drugs,196
Westminster,2025-05,Other crime,50
Westminster,2025-05,Other theft,1380
Westminster,2025-05,Possession of weapons,18
Westminster,2025-05,Public order,270
Westminster,2025-05,Robbery,261
Westminster,2025-05,Shoplifting,704
Westminster,2025-05,Theft from the person,1780
Westminster,2025-05,Vehicle crime,344
Westminster,2025-05,Violence and sexual offences,1114
Westminster,2025-06,Anti-social behaviour,1254
Westminster,2025-06,Bicycle theft,75
Westminster,2025-06,Burglary,251
Westminster,2025-06,Criminal damage and arson,210
Westminster,2025-06,Drugs,218
Westminster,2025-06,Other crime,43
Westminster,2025-06,Other theft,1471
Westminster,2025-06,Possession of weapons,30
Westminster,2025-06,Public order,323
Westminster,2025-06,Robbery,266
Westminster,2025-06,Shoplifting,715
Westminster,2025-06,Theft from the person,1863
Westminster,2025-06,Vehicle crime,242
Westminster,2025-06,Violence and sexual offences,1157
Westminster,2025-07,Anti-social behaviour,1318
Westminster,2025-07,Bicycle theft,103
Westminster,2025-07,Burglary,238
Westminster,2025-07,Criminal damage and arson,186
Westminster,2025-07,Drugs,199
Westminster,2025-07,Other crime,53
Westminster,2025-07,Other theft,1560
Westminster,2025-07,Possession of weapons,34
Westminster,2025-07,Public order,338
Westminster,2025-07,Robbery,308
Westminster,2025-07,Shoplifting,669
Westminster,2025-07,Theft from the person,1889
Westminster,2025-07,Vehicle crime,260
Westminster,2025-07,Violence and sexual offences,1164
Westminster,2025-08,Anti-social behaviour,1301
Westminster,2025-08,Bicycle theft,102
Westminster,2025-08,Burglary,218
Westminster,2025-08,Criminal damage and arson,223
Westminster,2025-08,Drugs,459
Westminster,2025-08,Other crime,51
Westminster,2025-08,Other theft,1395
Westminster,2025-08,Possession of weapons,34
Westminster,2025-08,Public order,355
Westminster,2025-08,Robbery,291
Westminster,2025-08,Shoplifting,653
Westminster,2025-08,Theft from the person,1449
Westminster,2025-08,Vehicle crime,310
Westminster,2025-08,Violence and sexual offences,1147
Westminster,2025-09,Anti-social behaviour,1121
Westminster,2025-09,Bicycle theft,103
Westminster,2025-09,Burglary,214
Westminster,2025-09,Criminal damage and arson,207
Westminster,2025-09,Drugs,213
Westminster,2025-09,Other crime,29
Westminster,2025-09,Other theft,1253
Westminster,2025-09,Possession of weapons,33
Westminster,2025-09,Public order,355
Westminster,2025-09,Robbery,265
Westminster,2025-09,Shoplifting,676
Westminster,2025-09,Theft from the person,1438
Westminster,2025-09,Vehicle crime,288
Westminster,2025-09,Violence and sexual offences,1152
Westminster,2025-10,Anti-social behaviour,1211
Westminster,2025-10,Bicycle theft,99
Westminster,2025-10,Burglary,245
Westminster,2025-10,Criminal damage and arson,203
Westminster,2025-10,Drugs,254
Westminster,2025-10,Other crime,33
Westminster,2025-10,Other theft,1352
Westminster,2025-10,Possession of weapons,35
Westminster,2025-10,Public order,334
Westminster,2025-10,Robbery,292
Westminster,2025-10,Shoplifting,738
Westminster,2025-10,Theft from the person,1637
Westminster,2025-10,Vehicle crime,302
Westminster,2025-10,Violence and sexual offences,1113
Westminster,2025-11,Anti-social behaviour,1029
Westminster,2025-11,Bicycle theft,70
Westminster,2025-11,Burglary,235
Westminster,2025-11,Criminal damage and arson,202
Westminster,2025-11,Drugs,272
Westminster,2025-11,Other crime,38
Westminster,2025-11,Other theft,1516
Westminster,2025-11,Possession of weapons,29
Westminster,2025-11,Public order,316
Westminster,2025-11,Robbery,274
Westminster,2025-11,Shoplifting,739
Westminster,2025-11,Theft from the person,2375
Westminster,2025-11,Vehicle crime,272
Westminster,2025-11,Violence and sexual offences,1066
Westminster,2025-12,Anti-social behaviour,1135
Westminster,2025-12,Bicycle theft,59
Westminster,2025-12,Burglary,224
Westminster,2025-12,Criminal damage and arson,182
Westminster,2025-12,Drugs,236
Westminster,2025-12,Other crime,37
Westminster,2025-12,Other theft,1668
Westminster,2025-12,Possession of weapons,32
Westminster,2025-12,Public order,312
Westminster,2025-12,Robbery,284
Westminster,2025-12,Shoplifting,761
Westminster,2025-12,Theft from the person,2469
Westminster,2025-12,Vehicle crime,251
Westminster,2025-12,Violence and sexual offences,1111
