Borough,School_Name,Phase,Type_Group,Capacity,Pupils,FSM_Percent,Gender,Religious_Character
City of London,The Aldgate School,Primary,Local authority maintained schools,245,249,23.3,Mixed,Church of England
City of London,City of London School for Girls,Not applicable,Independent schools,860,780,0,Girls,None
City of London,St Paul's Cathedral School,Not applicable,Independent schools,285,285,0,Mixed,Church of England
City of London,City of London School,Not applicable,Independent schools,1100,1074,0,Boys,None
Camden,Thomas Coram Centre,Nursery,Local authority maintained schools,0,116,43.8,Mixed,Does not apply
Camden,Heath School,Not applicable,Local authority maintained schools,0,31,77.4,Mixed,Does not apply
Camden,Camden Primary Pupil Referral Unit,Not applicable,Local authority maintained schools,20,19,84.2,Mixed,Does not apply
Camden,Argyle Primary School,Primary,Local authority maintained schools,432,278,60.8,Mixed,Does not apply
Camden,West Hampstead Primary School,Primary,Local authority maintained schools,446,409,42.8,Mixed,Does not apply
Camden,Brecknock Primary School,Primary,Local authority maintained schools,303,288,70.7,Mixed,Does not apply
Camden,Brookfield Primary School,Primary,Local authority maintained schools,459,394,38.9,Mixed,Does not apply
Camden,Edith Neville Primary School,Primary,Local authority maintained schools,236,204,51.2,Mixed,Does not apply
Camden,Fleet Primary School,Primary,Local authority maintained schools,210,215,54.4,Mixed,Does not apply
Camden,Hawley Primary School,Primary,Local authority maintained schools,236,228,51.3,Mixed,Does not apply
Camden,Netley Primary School,Primary,Local authority maintained schools,481,388,60.1,Mixed,Does not apply
Camden,New End Primary School,Primary,Local authority maintained schools,459,320,18.9,Mixed,Does not apply
Camden,Primrose Hill School,Primary,Local authority maintained schools,483,429,38.5,Mixed,Does not apply
Camden,Rhyl Community Primary School,Primary,Local authority maintained schools,459,392,65.1,Mixed,Does not apply
Camden,Richard Cobden Primary School,Primary,Local authority maintained schools,420,379,59.9,Mixed,Does not apply
Camden,Torriano Primary School,Primary,Local authority maintained schools,459,445,41.2,Mixed,Does not apply
Camden,Gospel Oak Primary School,Primary,Local authority maintained schools,459,424,36.2,Mixed,Does not apply
Camden,Fitzjohn's Primary School,Primary,Local authority maintained schools,210,230,13.1,Mixed,Does not apply
Camden,Eleanor Palmer Primary School,Primary,Local authority maintained schools,236,237,20.7,Mixed,Does not apply
Camden,"Christ Church Primary School, Hampstead",Primary,Local authority maintained schools,196,191,3.7,Mixed,Church of England
Camden,Christ Church School,Primary,Local authority maintained schools,210,173,50.0,Mixed,Church of England
Camden,Emmanuel Church of England Primary School,Primary,Local authority maintained schools,236,231,14.5,Mixed,Church of England
Camden,Hampstead Parochial Church of England Primary School,Primary,Local authority maintained schools,210,199,9.5,Mixed,Church of England
Camden,"Holy Trinity CofE Primary School, NW3",Primary,Local authority maintained schools,189,171,53.2,Mixed,Church of England
Camden,"Holy Trinity and Saint Silas CofE Primary School, NW1",Primary,Local authority maintained schools,210,204,31.9,Mixed,Church of England
Camden,Kentish Town Church of England Primary School,Primary,Local authority maintained schools,236,226,42.9,Mixed,Church of England
Camden,Rosary Catholic Primary School,Primary,Local authority maintained schools,360,301,41.4,Mixed,Roman Catholic
Camden,St Alban's Church of England Primary School,Primary,Local authority maintained schools,236,92,59.6,Mixed,Church of England
Camden,St George the Martyr Church of England Primary School,Primary,Local authority maintained schools,236,197,41.6,Mixed,Church of England
Camden,St Josephs Catholic Primary School,Primary,Local authority maintained schools,223,148,52.7,Mixed,Catholic
Camden,St Mary's Kilburn Church of England Primary School,Primary,Local authority maintained schools,210,229,65.1,Mixed,Church of England
Camden,St Mary and St Pancras Church of England Primary School,Primary,Local authority maintained schools,236,190,70.5,Mixed,Church of England
Camden,St Patrick's Catholic Primary School,Primary,Local authority maintained schools,210,121,65.0,Mixed,Roman Catholic
Camden,St Paul's Church of England Primary School,Primary,Local authority maintained schools,210,187,40.6,Mixed,Church of England
Camden,St Eugene de Mazenod Roman Catholic Primary School,Primary,Local authority maintained schools,210,204,45.6,Mixed,Roman Catholic
Camden,Our Lady Roman Catholic Primary School,Primary,Local authority maintained schools,240,219,69.4,Mixed,Roman Catholic
Camden,Haverstock School,Secondary,Local authority maintained schools,1035,909,72.6,Mixed,Does not apply
Camden,Parliament Hill School,Secondary,Local authority maintained schools,1164,1229,35.8,Girls,Does not apply
Camden,Regent High School,Secondary,Local authority maintained schools,1100,1086,67.6,Mixed,Does not apply
Camden,Hampstead School,Secondary,Local authority maintained schools,1320,1228,49.5,Mixed,Does not apply
Camden,Acland Burghley School,Secondary,Local authority maintained schools,1200,1218,36.5,Mixed,Does not apply
Camden,The Camden School for Girls,Secondary,Local authority maintained schools,1040,1076,28.4,Girls,None
Camden,Maria Fidelis Catholic School FCJ,Secondary,Local authority maintained schools,917,812,60.4,Mixed,Roman Catholic
Camden,William Ellis School,Secondary,Local authority maintained schools,895,817,52.4,Boys,None
Camden,La Sainte Union Catholic Secondary School,Secondary,Local authority maintained schools,1219,586,38.5,Girls,Roman Catholic
Camden,Children's Hospital School at Gt Ormond Street and UCH,Not applicable,Special schools,0,0,0,Mixed,Does not apply
Camden,St Christopher's School,Not applicable,Independent schools,272,255,0,Girls,None
Camden,St Margaret's School,Not applicable,Independent schools,170,163,0,Girls,None
Camden,Sarum Hall School,Not applicable,Independent schools,192,186,0,Girls,Church of England
Camden,The Hall School,Not applicable,Independent schools,470,474,0,Boys,Church of England
Camden,University College School,Not applicable,Independent schools,1318,1305,0,Mixed,None
Camden,The Cavendish School,Not applicable,Independent schools,276,187,0,Girls,Roman Catholic
Camden,"St Mary's School, Hampstead",Not applicable,Independent schools,307,207,0,Girls,Roman Catholic
Camden,North Bridge House Nursery & Pre-Prep Schools,Not applicable,Independent schools,420,198,0,Mixed,None
Camden,Hereward House School,Not applicable,Independent schools,170,162,0,Boys,None
Camden,St Anthony's School for Boys,Not applicable,Independent schools,390,266,0,Boys,Catholic
Camden,Hampstead Hill School,Not applicable,Independent schools,521,373,0,Mixed,None
Camden,North Bridge House Senior School,Not applicable,Independent schools,500,437,0,Mixed,None
Camden,Trevor-Roberts School,Not applicable,Independent schools,180,163,0,Mixed,None
Camden,South Hampstead High School GDST,Not applicable,Independent schools,964,954,0,Girls,None
Camden,Heathside Preparatory School,Not applicable,Independent schools,600,105,0,Mixed,None
Camden,Devonshire House Preparatory School,Not applicable,Independent schools,685,471,0,Mixed,None
Camden,Broadhurst School,Not applicable,Independent schools,135,102,0,Mixed,None
Camden,College Francais Bilingue De Londres,Not applicable,Independent schools,740,698,0,Mixed,None
Camden,Fine Arts College,Not applicable,Independent schools,240,209,0,Mixed,None
Camden,The Mulberry House School,Not applicable,Independent schools,223,190,0,Mixed,None
Camden,Southbank International School Hampstead,Not applicable,Independent schools,224,165,0,Mixed,None
Camden,Frank Barnes School for Deaf Children,Not applicable,Special schools,35,35,42.4,Mixed,Does not apply
Camden,Harmood School,Not applicable,Special schools,35,39,59.0,Mixed,Does not apply
Camden,Royal Free Hospital Children's School,Not applicable,Special schools,0,76,0,Mixed,Does not apply
Camden,Swiss Cottage School - Development & Research Centre,Not applicable,Special schools,260,260,58.0,Mixed,Does not apply
Greenwich,Rachel McMillan Nursery School and Children's Centre,Nursery,Local authority maintained schools,0,140,3.4,Mixed,Does not apply
Greenwich,Pound Park Nursery School,Nursery,Local authority maintained schools,0,146,13.0,Mixed,Does not apply
Greenwich,Abbey Wood Nursery School,Nursery,Local authority maintained schools,0,120,15.9,Mixed,Does not apply
Greenwich,Robert Owen Nursery School,Nursery,Local authority maintained schools,0,176,4.8,Mixed,Does not apply
Greenwich,Newhaven Pupil Referral Unit,Not applicable,Local authority maintained schools,0,191,38.8,Mixed,Does not apply
Greenwich,Morden Mount Primary School,Primary,Local authority maintained schools,450,394,36.5,Mixed,Does not apply
Greenwich,Cherry Orchard Primary School,Primary,Local authority maintained schools,210,180,38.9,Mixed,Does not apply
Greenwich,Ealdham Primary School,Primary,Local authority maintained schools,520,437,42.8,Mixed,Does not apply
Greenwich,Fossdene Primary School,Primary,Local authority maintained schools,210,210,36.7,Mixed,Does not apply
Greenwich,Gordon Primary School,Primary,Local authority maintained schools,420,430,11.8,Mixed,Does not apply
Greenwich,Haimo Primary School,Primary,Local authority maintained schools,420,374,37.7,Mixed,Does not apply
Greenwich,Henwick Primary School,Primary,Local authority maintained schools,476,352,38.4,Mixed,Does not apply
Greenwich,Invicta Primary School,Primary,Local authority maintained schools,630,762,26.7,Mixed,Does not apply
Greenwich,Meridian Primary School,Primary,Local authority maintained schools,240,222,13.5,Mixed,Does not apply
Greenwich,Plumcroft Primary School,Primary,Local authority maintained schools,1050,1019,29.0,Mixed,Does not apply
Greenwich,Sherington Primary School,Primary,Local authority maintained schools,420,435,16.3,Mixed,Does not apply
Greenwich,Thorntree Primary School,Primary,Local authority maintained schools,210,191,34.0,Mixed,Does not apply
Greenwich,Wyborne Primary School,Primary,Local authority maintained schools,403,431,18.8,Mixed,Does not apply
Greenwich,Montbelle Primary School,Primary,Local authority maintained schools,470,400,22.3,Mixed,Does not apply
Greenwich,De Lucy Primary School,Primary,Local authority maintained schools,446,288,54.2,Mixed,Does not apply
Greenwich,Cardwell Primary School,Primary,Local authority maintained schools,480,437,41.7,Mixed,Does not apply
Greenwich,Heronsgate Primary School,Primary,Local authority maintained schools,918,748,28.3,Mixed,Does not apply
Greenwich,Linton Mead Primary School,Primary,Local authority maintained schools,386,315,44.2,Mixed,Does not apply
Greenwich,Greenslade Primary School,Primary,Local authority maintained schools,210,201,16.4,Mixed,Does not apply
Greenwich,Mulgrave Primary School,Primary,Local authority maintained schools,498,351,28.5,Mixed,Does not apply
Greenwich,Charlton Manor Primary School,Primary,Local authority maintained schools,484,428,21.4,Mixed,Does not apply
Greenwich,Christ Church Church of England Primary School,Primary,Local authority maintained schools,210,154,50.6,Mixed,Church of England
Greenwich,"Christ Church Church of England Primary School, Shooters Hill",Primary,Local authority maintained schools,210,208,13.0,Mixed,Church of England
Greenwich,Eltham Church of England Primary School,Primary,Local authority maintained schools,446,446,13.0,Mixed,Church of England
Greenwich,Our Lady of Grace Catholic Primary School,Primary,Local authority maintained schools,420,417,21.3,Mixed,Roman Catholic
Greenwich,St Joseph's Catholic Primary School,Primary,Local authority maintained schools,210,136,49.3,Mixed,Roman Catholic
Greenwich,St Margaret's Church of England Primary School,Primary,Local authority maintained schools,420,215,36.0,Mixed,Church of England
Greenwich,Saint Mary Magdalene Church of England All Through School,All-through,Local authority maintained schools,1860,1667,44.4,Mixed,Church of England
Greenwich,St Patrick's Catholic Primary School,Primary,Local authority maintained schools,367,336,26.5,Mixed,Roman Catholic
Greenwich,St Alfege with St Peter's Church of England Primary School,Primary,Local authority maintained schools,262,203,42.6,Mixed,Church of England
Greenwich,St Peter's Catholic Primary School,Primary,Local authority maintained schools,210,205,19.0,Mixed,Roman Catholic
Greenwich,St Thomas More Catholic Primary School,Primary,Local authority maintained schools,210,198,31.8,Mixed,Roman Catholic
Greenwich,St Thomas A Becket Roman Catholic Primary School,Primary,Local authority maintained schools,420,402,30.9,Mixed,Roman Catholic
Greenwich,St Margaret Clitherow Catholic Primary School,Primary,Local authority maintained schools,262,183,24.3,Mixed,Roman Catholic
Greenwich,Bishop John Robinson Church of England Primary School,Primary,Local authority maintained schools,236,227,20.7,Mixed,Church of England
Greenwich,Eltham Hill School,Secondary,Local authority maintained schools,1050,1304,22.3,Girls,Does not apply
Greenwich,Plumstead Manor School,Secondary,Local authority maintained schools,1500,1454,38.1,Mixed,Does not apply
Greenwich,Thomas Tallis School,Secondary,Local authority maintained schools,1950,2066,27.5,Mixed,Does not apply
Greenwich,St Ursula's Convent School,Secondary,Local authority maintained schools,675,549,24.9,Girls,Roman Catholic
Greenwich,The Pointer School,Not applicable,Independent schools,364,347,0,Mixed,None
Greenwich,Blackheath Prep,Not applicable,Independent schools,420,388,0,Mixed,None
Greenwich,Riverston School,Not applicable,Independent schools,326,205,0,Mixed,None
Greenwich,St Olave's Prep School,Not applicable,Independent schools,220,215,0,Mixed,None
Greenwich,Colfe's School,Not applicable,Independent schools,1400,1308,0,Mixed,None
Lewisham,Heath House Preparatory School,Not applicable,Independent schools,200,120,0,Mixed,None
Greenwich,King's Oak School,Not applicable,Special schools,40,37,48.6,Boys,Does not apply
Hackney,Wentworth Nursery School and Children's Centre,Nursery,Local authority maintained schools,0,77,21.4,Mixed,Does not apply
Hackney,Comet Nursery School and Children's Centre,Nursery,Local authority maintained schools,0,115,21.2,Mixed,Does not apply
Hackney,Berger Primary School,Primary,Local authority maintained schools,480,425,53.4,Mixed,Does not apply
Hackney,Daubeney Primary School,Primary,Local authority maintained schools,519,367,47.9,Mixed,Does not apply
Hackney,Gainsborough Primary School,Primary,Local authority maintained schools,320,310,47.9,Mixed,Does not apply
Hackney,Lauriston School,Primary,Local authority maintained schools,420,425,24.0,Mixed,Does not apply
Hackney,London Fields Primary School,Primary,Local authority maintained schools,457,424,29.0,Mixed,Does not apply
Hackney,Millfields Community School,Primary,Local authority maintained schools,680,635,24.1,Mixed,Does not apply
Hackney,Morningside Primary School,Primary,Local authority maintained schools,504,437,57.6,Mixed,Does not apply
Hackney,Orchard Primary School,Primary,Local authority maintained schools,630,531,56.6,Mixed,Does not apply
Hackney,Queensbridge Primary School,Primary,Local authority maintained schools,420,424,38.0,Mixed,Does not apply
Hackney,Princess May Primary School,Primary,Local authority maintained schools,420,210,46.3,Mixed,Does not apply
Hackney,Sebright School,Primary,Local authority maintained schools,460,441,46.0,Mixed,Does not apply
Hackney,Shacklewell Primary School,Primary,Local authority maintained schools,482,472,33.0,Mixed,Does not apply
Hackney,Southwold Primary School,Primary,Local authority maintained schools,430,360,48.3,Mixed,Does not apply
Hackney,Thomas Fairchild Community School,Primary,Local authority maintained schools,240,220,73.0,Mixed,Does not apply
Hackney,Shoreditch Park Primary School,Primary,Local authority maintained schools,445,438,59.0,Mixed,Does not apply
Hackney,Woodberry Down Community Primary School,Primary,Local authority maintained schools,726,691,56.4,Mixed,Does not apply
Hackney,Kingsmead Primary School,Primary,Local authority maintained schools,210,226,53.2,Mixed,Does not apply
Hackney,Grasmere Primary School,Primary,Local authority maintained schools,236,211,16.4,Mixed,Does not apply
Hackney,Jubilee Primary School,Primary,Local authority maintained schools,420,445,31.3,Mixed,Does not apply
Hackney,Nightingale Primary School,Primary,Local authority maintained schools,450,366,54.6,Mixed,Does not apply
Hackney,Harrington Hill Primary School,Primary,Local authority maintained schools,240,186,51.9,Mixed,Does not apply
Hackney,Holmleigh Primary School,Primary,Local authority maintained schools,420,224,40.8,Mixed,Does not apply
Hackney,Grazebrook Primary School,Primary,Local authority maintained schools,480,471,27.3,Mixed,Does not apply
Hackney,Parkwood Primary School,Primary,Local authority maintained schools,240,197,46.5,Mixed,Does not apply
Hackney,Benthal Primary School,Primary,Local authority maintained schools,414,261,60.0,Mixed,Does not apply
Hackney,Mandeville Primary School,Primary,Local authority maintained schools,420,275,57.3,Mixed,Does not apply
Hackney,Holy Trinity Church of England Primary School,Primary,Local authority maintained schools,240,249,46.4,Mixed,Church of England
Hackney,Our Lady and St Joseph Catholic Primary School,Primary,Local authority maintained schools,210,201,24.4,Mixed,Catholic
Hackney,St John the Baptist Voluntary Aided Church of England Primary School,Primary,Local authority maintained schools,451,256,55.8,Mixed,Church of England
Hackney,St Matthias Church of England Primary School,Primary,Local authority maintained schools,240,160,66.7,Mixed,Church of England
Hackney,St. Paul's With St. Michael's CofE Primary School,Primary,Local authority maintained schools,236,188,62.4,Mixed,Church of England
Hackney,St John of Jerusalem Church of England Primary School,Primary,Local authority maintained schools,210,152,52.6,Mixed,Church of England
Hackney,St Scholastica's Catholic Primary School,Primary,Local authority maintained schools,236,185,67.9,Mixed,Roman Catholic
Hackney,Simon Marks Jewish Primary School,Primary,Local authority maintained schools,240,124,28.6,Mixed,Jewish
Hackney,Stoke Newington School and Sixth Form,Secondary,Local authority maintained schools,1700,1647,38.4,Mixed,Does not apply
Hackney,All Saints Catholic High School,Secondary,Local authority maintained schools,756,499,50.1,Mixed,Roman Catholic
Hackney,The Urswick School - A Church of England Secondary School,Secondary,Local authority maintained schools,1050,803,69.8,Mixed,Church of England
Hackney,Yesodey Hatorah School,Not applicable,Independent schools,920,203,0,Boys,None
Hackney,Talmud Torah Yetev Lev,Not applicable,Independent schools,567,483,0,Boys,None
Hackney,Bnois Jerusalem Girls School,Not applicable,Independent schools,850,615,0,Girls,None
Hackney,Beis Rochel d'Satmar Girls' School,Not applicable,Independent schools,1475,1326,0,Mixed,Orthodox Jewish
Hackney,Talmud Torah Machzikei Hadass School,Not applicable,Independent schools,650,533,0,Boys,Charadi Jewish
Hackney,Beis Malka Girls' School,Not applicable,Independent schools,620,599,0,Girls,None
Hackney,Talmud Torah Chaim Meirim Wiznitz School,Not applicable,Independent schools,400,241,0,Boys,None
Hackney,Bobov Primary Boys School,Not applicable,Independent schools,310,221,0,Boys,None
Hackney,T T T Y Y School,Not applicable,Independent schools,199,150,0,Boys,None
Hackney,Tayyibah Girls' School,Not applicable,Independent schools,259,173,0,Girls,None
Hackney,Stormont House School,Not applicable,Special schools,120,139,61.7,Mixed,Does not apply
Hackney,The Garden School,Not applicable,Special schools,200,199,57.1,Mixed,Does not apply
Hackney,Ickburgh School,Not applicable,Special schools,150,166,65.1,Mixed,Does not apply
Hammersmith and Fulham,Randolph Beresford Early Years Centre,Nursery,Local authority maintained schools,0,130,26.1,Mixed,Does not apply
Hammersmith and Fulham,Vanessa Nursery School,Nursery,Local authority maintained schools,0,79,17.2,Mixed,Does not apply
Hammersmith and Fulham,James Lee Nursery School,Nursery,Local authority maintained schools,0,33,9.1,Mixed,Does not apply
Hammersmith and Fulham,Bayonne Nursery School,Nursery,Local authority maintained schools,0,64,20.0,Mixed,Does not apply
Hammersmith and Fulham,Addison Primary School,Primary,Local authority maintained schools,420,200,30.5,Mixed,Does not apply
Hammersmith and Fulham,Avonmore Primary School,Primary,Local authority maintained schools,216,184,32.6,Mixed,Does not apply
Hammersmith and Fulham,Brackenbury Primary School,Primary,Local authority maintained schools,446,318,38.3,Mixed,Does not apply
Hammersmith and Fulham,Miles Coverdale Primary School,Primary,Local authority maintained schools,210,225,40.8,Mixed,Does not apply
Hammersmith and Fulham,Flora Gardens Primary School,Primary,Local authority maintained schools,210,186,53.4,Mixed,Does not apply
Hammersmith and Fulham,Kenmont Primary School,Primary,Local authority maintained schools,240,218,34.4,Mixed,Does not apply
Hammersmith and Fulham,Melcombe Primary School,Primary,Local authority maintained schools,210,136,55.9,Mixed,Does not apply
Hammersmith and Fulham,Old Oak Primary School,Primary,Local authority maintained schools,470,205,45.1,Mixed,Does not apply
Hammersmith and Fulham,Sir John Lillie Primary School,Primary,Local authority maintained schools,420,191,47.3,Mixed,Does not apply
Hammersmith and Fulham,Wendell Park Primary School,Primary,Local authority maintained schools,472,396,24.2,Mixed,Does not apply
Hammersmith and Fulham,Wormholt Park Primary School,Primary,Local authority maintained schools,459,310,47.7,Mixed,Does not apply
Hammersmith and Fulham,All Saints CofE Primary School,Primary,Local authority maintained schools,236,213,17.9,Mixed,Church of England
Hammersmith and Fulham,Holy Cross RC School,Primary,Local authority maintained schools,646,622,11.3,Mixed,Roman Catholic
Hammersmith and Fulham,John Betts Primary School,Primary,Local authority maintained schools,210,202,11.9,Mixed,None
Hammersmith and Fulham,St John's Walham Green Church of England Primary School,Primary,Local authority maintained schools,446,394,16.8,Mixed,Church of England
Hammersmith and Fulham,St Mary's Catholic Primary School,Primary,Local authority maintained schools,236,177,35.0,Mixed,Roman Catholic
Hammersmith and Fulham,St Paul's CofE Primary School,Primary,Local authority maintained schools,235,159,29.9,Mixed,Church of England
Hammersmith and Fulham,St Peter's Primary School,Primary,Local authority maintained schools,210,209,12.4,Mixed,Church of England
Hammersmith and Fulham,St Stephen's CofE Primary School,Primary,Local authority maintained schools,446,440,14.3,Mixed,Church of England
Hammersmith and Fulham,Good Shepherd RC Primary School,Primary,Local authority maintained schools,210,227,12.8,Mixed,Roman Catholic
Hammersmith and Fulham,St Thomas of Canterbury Catholic Primary School,Primary,Local authority maintained schools,210,75,44.0,Mixed,Catholic
Hammersmith and Fulham,St Paul's Girls' School,Not applicable,Independent schools,850,824,0,Girls,Church of England
Hammersmith and Fulham,Bute House Preparatory School for Girls,Not applicable,Independent schools,330,328,0,Girls,None
Hammersmith and Fulham,The Godolphin and Latymer School,Not applicable,Independent schools,840,804,0,Girls,None
Hammersmith and Fulham,Latymer Upper School and Latymer Prep,Not applicable,Independent schools,1450,1428,0,Mixed,None
Hammersmith and Fulham,Ecole Française de Londres Jacques Prévert,Not applicable,Independent schools,292,262,0,Mixed,None
Hammersmith and Fulham,Evergreen Primary School,Not applicable,Independent schools,211,73,0,Mixed,Islam
Hammersmith and Fulham,Ravenscourt Park Preparatory School,Not applicable,Independent schools,420,418,0,Mixed,None
Hammersmith and Fulham,L'Ecole des Petits School,Not applicable,Independent schools,141,107,0,Mixed,None
Hammersmith and Fulham,Woodlane High School,Not applicable,Special schools,100,106,54.7,Mixed,Does not apply
Hammersmith and Fulham,Jack Tizard School,Not applicable,Special schools,70,73,58.3,Mixed,Does not apply
Hammersmith and Fulham,Cambridge School,Not applicable,Special schools,129,143,63.6,Mixed,Does not apply
Islington,Margaret McMillan Nursery School,Nursery,Local authority maintained schools,0,81,22.2,Mixed,Does not apply
Islington,Kate Greenaway Nursery School and Children's Centre,Nursery,Local authority maintained schools,0,91,12.3,Mixed,Does not apply
Islington,North Islington Nursery School,Nursery,Local authority maintained schools,0,108,9.4,Mixed,Does not apply
Islington,New River College Primary,Not applicable,Local authority maintained schools,0,10,100.0,Mixed,Does not apply
Islington,New River College Secondary,Not applicable,Local authority maintained schools,0,61,68.9,Mixed,Does not apply
Islington,Ambler Primary School and Children's Centre,Primary,Local authority maintained schools,508,525,29.8,Mixed,Does not apply
Islington,Drayton Park Primary School,Primary,Local authority maintained schools,311,257,32.8,Mixed,Does not apply
Islington,Duncombe Primary School,Primary,Local authority maintained schools,480,438,61.8,Mixed,Does not apply
Islington,Gillespie Primary School,Primary,Local authority maintained schools,236,208,13.0,Mixed,Does not apply
Islington,Grafton Primary School,Primary,Local authority maintained schools,522,461,42.2,Mixed,Does not apply
Islington,Hanover Primary School,Primary,Local authority maintained schools,341,235,38.4,Mixed,Does not apply
Islington,Hargrave Park Primary School,Primary,Local authority maintained schools,388,341,53.7,Mixed,Does not apply
Islington,Laycock Primary School,Primary,Local authority maintained schools,444,235,55.7,Mixed,Does not apply
Islington,Moreland Primary School,Primary,Local authority maintained schools,442,472,50.0,Mixed,Does not apply
Islington,Pakeman Primary School,Primary,Local authority maintained schools,349,327,57.5,Mixed,Does not apply
Islington,Robert Blair School and Children's Centre,Primary,Local authority maintained schools,251,219,36.6,Mixed,Does not apply
Islington,Thornhill Primary School,Primary,Local authority maintained schools,468,459,38.4,Mixed,Does not apply
Islington,Vittoria Primary School,Primary,Local authority maintained schools,250,219,56.1,Mixed,Does not apply
Islington,Winton Primary School,Primary,Local authority maintained schools,244,250,58.5,Mixed,Does not apply
Islington,Yerbury Primary School,Primary,Local authority maintained schools,459,455,15.9,Mixed,Does not apply
Islington,Tufnell Park Primary School,Primary,Local authority maintained schools,484,458,44.2,Mixed,Does not apply
Islington,Ashmount Primary School,Primary,Local authority maintained schools,450,395,40.3,Mixed,Does not apply
Islington,Prior Weston Primary School and Children's Centre,Primary,Local authority maintained schools,450,298,40.0,Mixed,Does not apply
Islington,Sacred Heart Catholic Primary School,Primary,Local authority maintained schools,482,454,50.9,Mixed,Roman Catholic
Islington,St John Evangelist Catholic Primary School,Primary,Local authority maintained schools,259,235,71.1,Mixed,Roman Catholic
Islington,St John's Upper Holloway CofE Primary School,Primary,Local authority maintained schools,230,212,49.2,Mixed,Church of England
Islington,St John's Highbury Vale CofE Primary School,Primary,Local authority maintained schools,210,208,29.8,Mixed,Church of England
Islington,St Joseph's Catholic Primary School,Primary,Local authority maintained schools,510,510,31.0,Mixed,Roman Catholic
Islington,St Luke's CofE Primary School,Primary,Local authority maintained schools,241,208,56.9,Mixed,Church of England
Islington,St Mark's CofE Primary School,Primary,Local authority maintained schools,252,228,57.3,Mixed,Church of England
Islington,St Mary's CofE Primary School,Primary,Local authority maintained schools,210,163,55.8,Mixed,Church of England
Islington,St Peter and St Paul Catholic Primary School,Primary,Local authority maintained schools,240,220,56.8,Mixed,Roman Catholic
Islington,St Andrew's (Barnsbury) CofE Primary School,Primary,Local authority maintained schools,210,188,65.4,Mixed,Church of England
Islington,St Joan of Arc RC Primary School,Primary,Local authority maintained schools,420,433,29.2,Mixed,Roman Catholic
Islington,Christ The King Catholic Primary School,Primary,Local authority maintained schools,451,254,60.1,Mixed,Roman Catholic
Islington,Highbury Fields School,Secondary,Local authority maintained schools,1050,729,50.9,Girls,Does not apply
Islington,Elizabeth Garrett Anderson School,Secondary,Local authority maintained schools,900,880,58.3,Girls,Does not apply
Islington,Central Foundation Boys' School,Secondary,Local authority maintained schools,1050,1133,41.8,Boys,None
Islington,Dallington School,Not applicable,Independent schools,180,62,0,Mixed,None
City of London,Charterhouse Square School,Not applicable,Independent schools,400,298,0,Mixed,None
Islington,Richard Cloudesley School,Not applicable,Special schools,104,98,45.9,Mixed,Does not apply
Islington,Samuel Rhodes MLD School,Not applicable,Special schools,140,129,69.8,Mixed,Does not apply
Kensington and Chelsea,Golborne & Maxilla Nursery School,Nursery,Local authority maintained schools,0,96,53.3,Mixed,Does not apply
Kensington and Chelsea,St Anne's & Avondale Park Nursery School,Nursery,Local authority maintained schools,0,43,48.8,Mixed,Does not apply
Kensington and Chelsea,Chelsea Open Air Nursery School,Nursery,Local authority maintained schools,0,65,7.4,Mixed,Does not apply
Kensington and Chelsea,Ashburnham Community School,Primary,Local authority maintained schools,229,152,59.2,Mixed,Does not apply
Kensington and Chelsea,Barlby Primary School,Primary,Local authority maintained schools,370,368,53.3,Mixed,Does not apply
Kensington and Chelsea,Bevington Primary School,Primary,Local authority maintained schools,341,264,38.5,Mixed,Does not apply
Kensington and Chelsea,Bousfield Primary School,Primary,Local authority maintained schools,450,431,13.2,Mixed,Does not apply
Kensington and Chelsea,Colville Primary School,Primary,Local authority maintained schools,480,467,26.3,Mixed,Does not apply
Kensington and Chelsea,Fox Primary School,Primary,Local authority maintained schools,420,415,8.4,Mixed,Does not apply
Kensington and Chelsea,Marlborough Primary School,Primary,Local authority maintained schools,507,444,24.4,Mixed,Does not apply
Kensington and Chelsea,Oxford Gardens Primary School,Primary,Local authority maintained schools,420,225,61.8,Mixed,Does not apply
Kensington and Chelsea,Park Walk Primary School,Primary,Local authority maintained schools,236,186,37.2,Mixed,Does not apply
Kensington and Chelsea,Avondale Park Primary School,Primary,Local authority maintained schools,420,293,47.8,Mixed,Does not apply
Kensington and Chelsea,Thomas Jones Primary School,Primary,Local authority maintained schools,210,234,39.7,Mixed,Does not apply
Kensington and Chelsea,Christ Church CofE Primary School,Primary,Local authority maintained schools,210,202,11.4,Mixed,Church of England
Kensington and Chelsea,Holy Trinity CofE Primary School,Primary,Local authority maintained schools,210,197,31.5,Mixed,Church of England
Kensington and Chelsea,Oratory Roman Catholic Primary School,Primary,Local authority maintained schools,210,210,9.5,Mixed,Roman Catholic
Kensington and Chelsea,St Thomas' CofE Primary School,Primary,Local authority maintained schools,236,197,54.1,Mixed,Church of England
Kensington and Chelsea,St Barnabas and St Philip's CofE Primary School,Primary,Local authority maintained schools,210,213,29.7,Mixed,Church of England
Kensington and Chelsea,Saint Francis of Assisi Catholic Primary School,Primary,Local authority maintained schools,315,179,46.9,Mixed,Roman Catholic
Kensington and Chelsea,St Clement and St James CofE Primary School,Primary,Local authority maintained schools,210,126,51.6,Mixed,Church of England
Kensington and Chelsea,St Mary Abbots CofE Primary School,Primary,Local authority maintained schools,210,180,13.9,Mixed,Church of England
Kensington and Chelsea,Saint Mary's Catholic Primary School,Primary,Local authority maintained schools,380,165,49.1,Mixed,Roman Catholic
Kensington and Chelsea,Servite RC Primary School,Primary,Local authority maintained schools,240,198,20.7,Mixed,Roman Catholic
Kensington and Chelsea,All Saints Catholic College,Secondary,Local authority maintained schools,900,846,41.8,Mixed,Catholic
Kensington and Chelsea,St Charles Catholic Primary School,Primary,Local authority maintained schools,330,214,47.7,Mixed,Roman Catholic
Kensington and Chelsea,Glendower Preparatory School,Not applicable,Independent schools,310,292,0,Girls,None
Hammersmith and Fulham,Kensington Prep School GDST,Not applicable,Independent schools,300,298,0,Girls,None
Kensington and Chelsea,Norland Place School,Not applicable,Independent schools,256,210,0,Mixed,None
Kensington and Chelsea,Queen's Gate School,Not applicable,Independent schools,540,443,0,Girls,None
Kensington and Chelsea,Bassett House School,Not applicable,Independent schools,310,124,0,Mixed,None
Kensington and Chelsea,Sussex House School,Not applicable,Independent schools,183,187,0,Boys,Church of England
Kensington and Chelsea,St Philip's School,Not applicable,Independent schools,110,78,0,Boys,Roman Catholic
Kensington and Chelsea,Hill House School,Not applicable,Independent schools,990,465,0,Mixed,None
Kensington and Chelsea,Wetherby School,Not applicable,Independent schools,364,324,0,Boys,None
Kensington and Chelsea,Falkner House,Not applicable,Independent schools,378,355,0,Mixed,None
Kensington and Chelsea,More House School,Not applicable,Independent schools,211,121,0,Girls,Roman Catholic
Kensington and Chelsea,Garden House School,Not applicable,Independent schools,500,445,0,Mixed,None
Hammersmith and Fulham,St James Senior Girls' School,Not applicable,Independent schools,300,225,0,Girls,None
Lambeth,DLD College,Not applicable,Independent schools,750,377,0,Mixed,None
Wandsworth,Thomas's Battersea,Not applicable,Independent schools,685,535,0,Mixed,None
Kensington and Chelsea,Pembridge Hall School,Not applicable,Independent schools,500,462,0,Girls,None
Kensington and Chelsea,Instituto Espanol Canada Blanch,Not applicable,Independent schools,497,416,0,Mixed,None
Kensington and Chelsea,Knightsbridge School,Not applicable,Independent schools,600,378,0,Mixed,Does not apply
Kensington and Chelsea,Thomas's Kensington,Not applicable,Independent schools,400,327,0,Mixed,None
Westminster,Kensington Park School,Not applicable,Independent schools,604,200,0,Mixed,None
Kensington and Chelsea,Ashbourne College,Not applicable,Independent schools,300,243,0,Mixed,None
Kensington and Chelsea,Cameron Vale School,Not applicable,Independent schools,120,66,0,Mixed,None
Kensington and Chelsea,Collingham,Not applicable,Independent schools,223,142,0,Mixed,None
Kensington and Chelsea,Mander Portman Woodward School,Not applicable,Independent schools,700,563,0,Mixed,None
Kensington and Chelsea,Southbank International School Kensington,Not applicable,Independent schools,224,160,0,Mixed,None
Westminster,Brighton College Prep Kensington,Not applicable,Independent schools,360,325,0,Mixed,None
City of London,David Game College,Not applicable,Independent schools,380,314,0,Mixed,None
Kensington and Chelsea,La Petite Ecole Francaise,Not applicable,Independent schools,190,124,0,Mixed,None
Kensington and Chelsea,Lycee Francais Charles de Gaulle,Not applicable,Independent schools,3805,3450,0,Mixed,None
Kensington and Chelsea,Chelsea Community Hospital School,Not applicable,Special schools,0,108,0,Mixed,Does not apply
Lambeth,Triangle Nursery School,Nursery,Local authority maintained schools,0,19,33.3,Mixed,Does not apply
Lambeth,Effra Nursery School and Children's Centre,Nursery,Local authority maintained schools,0,73,17.4,Mixed,Does not apply
Lambeth,Ethelred Nursery School and Children's Centre,Nursery,Local authority maintained schools,0,91,37.0,Mixed,Does not apply
Lambeth,Maytree Nursery School,Nursery,Local authority maintained schools,0,85,15.8,Mixed,Does not apply
Lambeth,Holmewood Nursery School,Nursery,Local authority maintained schools,0,104,10.9,Mixed,Does not apply
Lambeth,Ashmole Primary School,Primary,Local authority maintained schools,225,217,28.1,Mixed,Does not apply
Lambeth,Clapham Manor Primary School,Primary,Local authority maintained schools,420,376,45.0,Mixed,Does not apply
Lambeth,Granton Primary School,Primary,Local authority maintained schools,630,652,55.5,Mixed,Does not apply
Lambeth,Heathbrook Primary School,Primary,Local authority maintained schools,420,393,38.6,Mixed,Does not apply
Lambeth,Henry Cavendish Primary School,Primary,Local authority maintained schools,927,832,15.3,Mixed,Does not apply
Lambeth,Jessop Primary School,Primary,Local authority maintained schools,455,294,33.6,Mixed,Does not apply
Lambeth,Kingswood Primary School,Primary,Local authority maintained schools,506,414,44.8,Mixed,Does not apply
Lambeth,Larkhall Primary Campus,Primary,Local authority maintained schools,509,332,57.6,Mixed,Does not apply
Lambeth,Paxton Primary School,Primary,Local authority maintained schools,680,420,17.6,Mixed,Does not apply
Lambeth,Richard Atkins Primary School,Primary,Local authority maintained schools,342,242,45.2,Mixed,Does not apply
Lambeth,Stockwell Primary School,Primary,Local authority maintained schools,460,402,41.3,Mixed,Does not apply
Lambeth,Sudbourne Primary School,Primary,Local authority maintained schools,315,302,37.5,Mixed,Does not apply
Lambeth,Sunnyhill Primary School,Primary,Local authority maintained schools,455,407,49.2,Mixed,Does not apply
Lambeth,Telferscot Primary School,Primary,Local authority maintained schools,455,417,12.1,Mixed,Does not apply
Lambeth,Vauxhall Primary School,Primary,Local authority maintained schools,236,191,53.4,Mixed,Does not apply
Lambeth,Walnut Tree Walk Primary School,Primary,Local authority maintained schools,390,400,20.5,Mixed,Does not apply
Lambeth,Woodmansterne School,All-through,Local authority maintained schools,1842,1621,23.0,Mixed,Does not apply
Lambeth,"Wyvil Primary School and Resource Bases for Speech, Language and Communication Needs, and Autism",Primary,Local authority maintained schools,556,470,49.2,Mixed,None
Lambeth,Crown Lane Primary School,Primary,Local authority maintained schools,420,253,35.2,Mixed,Does not apply
Lambeth,Fenstanton Primary School,Primary,Local authority maintained schools,630,221,55.9,Mixed,Does not apply
Lambeth,Elm Wood School,Primary,Local authority maintained schools,446,366,30.3,Mixed,Does not apply
Lambeth,Allen Edwards Primary School,Primary,Local authority maintained schools,460,375,45.1,Mixed,Does not apply
Lambeth,Glenbrook Primary School,Primary,Local authority maintained schools,450,125,75.4,Mixed,Does not apply
Lambeth,Julian's School,Primary,Local authority maintained schools,1050,947,19.1,Mixed,None
Lambeth,Herbert Morrison Primary School,Primary,Local authority maintained schools,236,213,33.5,Mixed,Does not apply
Lambeth,Archbishop Sumner Church of England Primary School,Primary,Local authority maintained schools,300,258,46.1,Mixed,Church of England
Lambeth,Christ Church Primary SW9,Primary,Local authority maintained schools,209,153,36.6,Mixed,Church of England
Lambeth,Macaulay Church of England Primary School,Primary,Local authority maintained schools,210,162,38.0,Mixed,Church of England
Lambeth,St Andrew's Church of England Primary School,Primary,Local authority maintained schools,210,156,37.8,Mixed,Church of England
Lambeth,St John the Divine Church of England Primary School,Primary,Local authority maintained schools,210,134,40.3,Mixed,Church of England
Lambeth,St John's Angell Town Church of England Primary School,Primary,Local authority maintained schools,245,189,45.1,Mixed,Church of England
Lambeth,St Jude's Church of England Primary School,Primary,Local authority maintained schools,210,159,20.1,Mixed,Church of England
Lambeth,St Mark's Church of England Primary School,Primary,Local authority maintained schools,240,207,50.7,Mixed,Church of England
Lambeth,St Saviour's Church of England Primary School,Primary,Local authority maintained schools,210,143,24.5,Mixed,Church of England
Lambeth,St Stephen's Church of England Primary School,Primary,Local authority maintained schools,236,197,59.6,Mixed,Church of England
Lambeth,Holy Trinity Church of England Primary School,Primary,Local authority maintained schools,420,171,57.3,Mixed,Church of England
Lambeth,St Helen's Catholic Primary School,Primary,Local authority maintained schools,360,257,43.6,Mixed,Roman Catholic
Lambeth,The Norwood School,Secondary,Local authority maintained schools,900,1069,30.0,Mixed,Does not apply
Lambeth,Lilian Baylis Technology School,Secondary,Local authority maintained schools,900,836,52.5,Mixed,Does not apply
Lambeth,Saint Gabriel's College,Secondary,Local authority maintained schools,600,594,45.2,Mixed,Church of England
Lambeth,St Anne's Catholic Primary School,Primary,Local authority maintained schools,210,208,36.6,Mixed,Roman Catholic
Lambeth,St Bede's Catholic Primary School,Primary,Local authority maintained schools,235,63,37.7,Mixed,Roman Catholic
Lambeth,St Andrew's Catholic Primary School,Primary,Local authority maintained schools,420,397,17.9,Mixed,Roman Catholic
Lambeth,Immanuel and St Andrew Church of England Primary School,Primary,Local authority maintained schools,420,417,16.9,Mixed,Church of England
Lambeth,Reay Primary School,Primary,Local authority maintained schools,250,224,46.3,Mixed,None
Lambeth,St Mary's Roman Catholic Primary School,Primary,Local authority maintained schools,315,291,35.3,Mixed,Roman Catholic
Lambeth,La Retraite Roman Catholic Girls' School,Secondary,Local authority maintained schools,1140,1219,37.3,Girls,Roman Catholic
Lambeth,Bishop Thomas Grant Catholic Secondary School,Secondary,Local authority maintained schools,1200,1179,23.1,Mixed,Roman Catholic
Lambeth,Turney Primary and Secondary Special School,Not applicable,Special schools,165,151,71.7,Mixed,Does not apply
Lambeth,Alleyn's Oakfield,Not applicable,Independent schools,500,271,0,Mixed,None
Lambeth,Rosemead Preparatory School,Not applicable,Independent schools,400,291,0,Mixed,None
Lambeth,Streatham & Clapham High School GDST,Not applicable,Independent schools,1110,847,0,Girls,None
Lambeth,The White House Preparatory School & Woodentops Kindergarten,Not applicable,Independent schools,230,181,0,Mixed,None
Lambeth,Lansdowne School,Not applicable,Special schools,170,170,74.6,Mixed,Does not apply
Lambeth,Elm Court School,Not applicable,Special schools,150,153,57.0,Mixed,Does not apply
Lewisham,Clyde Nursery School.,Nursery,Local authority maintained schools,0,82,10.0,Mixed,Does not apply
Lewisham,Chelwood Nursery School,Nursery,Local authority maintained schools,0,139,1.8,Mixed,Does not apply
Lewisham,Adamsrill Primary School,Primary,Local authority maintained schools,420,402,25.0,Mixed,Does not apply
Lewisham,Athelney Primary School,Primary,Local authority maintained schools,596,385,39.0,Mixed,Does not apply
Lewisham,Baring Primary School,Primary,Local authority maintained schools,240,212,25.6,Mixed,Does not apply
Lewisham,Beecroft Garden Primary,Primary,Local authority maintained schools,420,392,20.9,Mixed,Does not apply
Lewisham,Cooper's Lane Primary School,Primary,Local authority maintained schools,700,665,18.9,Mixed,Does not apply
Lewisham,Dalmain Primary School,Primary,Local authority maintained schools,470,364,16.8,Mixed,Does not apply
Lewisham,Deptford Park Primary School,Primary,Local authority maintained schools,630,231,46.3,Mixed,Does not apply
Lewisham,Downderry Primary School,Primary,Local authority maintained schools,376,455,25.3,Mixed,Does not apply
Lewisham,Edmund Waller Primary School,Primary,Local authority maintained schools,451,432,12.5,Mixed,Does not apply
Lewisham,Elfrida Primary School,Primary,Local authority maintained schools,508,366,37.5,Mixed,Does not apply
Lewisham,Forster Park Primary School,Primary,Local authority maintained schools,315,295,39.0,Mixed,Does not apply
Lewisham,Gordonbrock Primary School,Primary,Local authority maintained schools,655,637,12.8,Mixed,Does not apply
Lewisham,Grinling Gibbons Primary School,Primary,Local authority maintained schools,235,222,34.7,Mixed,Does not apply
Lewisham,Haseltine Primary School,Primary,Local authority maintained schools,600,402,32.6,Mixed,Does not apply
Lewisham,Brindishe Green School,Primary,Local authority maintained schools,660,612,21.2,Mixed,Does not apply
Lewisham,Holbeach Primary School,Primary,Local authority maintained schools,546,434,28.5,Mixed,Does not apply
Lewisham,John Stainer Community Primary School,Primary,Local authority maintained schools,450,421,18.7,Mixed,Does not apply
Lewisham,Kelvin Grove Primary School,Primary,Local authority maintained schools,630,547,38.9,Mixed,Does not apply
Lewisham,Kender Primary School,Primary,Local authority maintained schools,420,353,44.9,Mixed,Does not apply
Lewisham,Launcelot Primary School and Nursery,Primary,Local authority maintained schools,420,329,44.3,Mixed,Does not apply
Lewisham,Brindishe Manor School,Primary,Local authority maintained schools,480,432,9.4,Mixed,Does not apply
Lewisham,Oak Gardens Primary School,Primary,Local authority maintained schools,210,184,46.7,Mixed,Does not apply
Lewisham,Marvels Lane Primary School,Primary,Local authority maintained schools,420,404,35.6,Mixed,Does not apply
Lewisham,Rangefield Primary School,Primary,Local authority maintained schools,210,280,36.9,Mixed,Does not apply
Lewisham,Rathfern Primary School,Primary,Local authority maintained schools,515,497,21.7,Mixed,Does not apply
Lewisham,Rushey Green Primary School,Primary,Local authority maintained schools,680,604,32.7,Mixed,Does not apply
Lewisham,Sandhurst Primary School,Primary,Local authority maintained schools,660,646,15.9,Mixed,Does not apply
Lewisham,Stillness Junior School,Primary,Local authority maintained schools,360,273,6.2,Mixed,Does not apply
Lewisham,Stillness Infant School,Primary,Local authority maintained schools,300,293,4.1,Mixed,Does not apply
Lewisham,Torridon Primary School,Primary,Local authority maintained schools,660,632,28.1,Mixed,Does not apply
Lewisham,John Ball Primary School,Primary,Local authority maintained schools,684,655,11.2,Mixed,Does not apply
Lewisham,Fairlawn Primary School,Primary,Local authority maintained schools,480,374,15.6,Mixed,Does not apply
Lewisham,Eliot Bank Primary School,Primary,Local authority maintained schools,446,397,16.2,Mixed,Does not apply
Lewisham,Twin Oaks Primary School,Primary,Local authority maintained schools,300,198,43.4,Mixed,Does not apply
Lewisham,Myatt Garden Primary School,Primary,Local authority maintained schools,480,389,21.7,Mixed,Does not apply
Lewisham,Horniman Primary School,Primary,Local authority maintained schools,210,204,10.8,Mixed,Does not apply
Lewisham,Perrymount Primary School,Primary,Local authority maintained schools,210,207,38.2,Mixed,Does not apply
Lewisham,Ashmead Primary School,Primary,Local authority maintained schools,446,388,15.5,Mixed,Does not apply
Lewisham,Brindishe Lee School,Primary,Local authority maintained schools,270,199,16.6,Mixed,Does not apply
Lewisham,Kilmorie Primary School,Primary,Local authority maintained schools,700,629,11.0,Mixed,Does not apply
Lewisham,All Saints' Church of England Primary School Blackheath,Primary,Local authority maintained schools,218,185,10.3,Mixed,Church of England
Lewisham,Good Shepherd RC School,Primary,Local authority maintained schools,290,212,26.7,Mixed,Roman Catholic
Lewisham,Holy Trinity Church of England Primary School,Primary,Local authority maintained schools,210,185,44.3,Mixed,Church of England
Lewisham,St Margaret's Lee CofE Primary School,Primary,Local authority maintained schools,210,204,19.6,Mixed,Church of England
Lewisham,St Augustine's Catholic Primary School and Nursery,Primary,Local authority maintained schools,210,225,19.4,Mixed,Roman Catholic
Lewisham,St Bartholomews's Church of England Primary School,Primary,Local authority maintained schools,405,399,8.0,Mixed,Church of England
Lewisham,St John Baptist Southend Church of England Primary School,Primary,Local authority maintained schools,210,189,22.2,Mixed,Church of England
Lewisham,St Joseph's Catholic Primary School,Primary,Local authority maintained schools,240,140,45.0,Mixed,Roman Catholic
Lewisham,St Mary's Lewisham Church of England Primary School,Primary,Local authority maintained schools,210,229,39.0,Mixed,Church of England
Lewisham,St Saviour's Catholic Primary School,Primary,Local authority maintained schools,230,209,35.8,Mixed,Roman Catholic
Lewisham,St William of York Catholic Primary School,Primary,Local authority maintained schools,210,205,18.4,Mixed,Roman Catholic
Lewisham,Holy Cross Catholic Primary School,Primary,Local authority maintained schools,210,238,20.0,Mixed,Roman Catholic
Lewisham,Deptford Green School,Secondary,Local authority maintained schools,900,881,43.6,Mixed,Does not apply
Lewisham,Sydenham School,Secondary,Local authority maintained schools,1580,1507,26.6,Girls,Does not apply
Lewisham,Forest Hill School,Secondary,Local authority maintained schools,1535,1072,27.9,Boys,Does not apply
Lewisham,Addey and Stanhope School,Secondary,Local authority maintained schools,600,600,49.0,Mixed,None
Lewisham,"Trinity Church of England School, Lewisham",All-through,Local authority maintained schools,1020,1051,27.7,Mixed,Church of England
Lewisham,St Dunstan's College,Not applicable,Independent schools,1250,1196,0,Mixed,Church of England
Greenwich,Blackheath High School GDST,Not applicable,Independent schools,826,741,0,Girls,None
Lewisham,"Sydenham High School, GDST",Not applicable,Independent schools,814,736,0,Girls,None
Lewisham,Brent Knoll School,Not applicable,Special schools,162,175,55.1,Mixed,Does not apply
Lewisham,New Woodlands School,Not applicable,Special schools,108,103,78.6,Mixed,Does not apply
Lewisham,Greenvale School,Not applicable,Special schools,0,214,54.4,Mixed,Does not apply
Lewisham,Watergate School,Not applicable,Special schools,186,189,41.8,Mixed,Does not apply
Southwark,Kintore Way Nursery School and Children's Centre,Nursery,Local authority maintained schools,0,130,27.6,Mixed,Does not apply
Southwark,Dulwich Wood Nursery School,Nursery,Local authority maintained schools,0,80,13.6,Mixed,Does not apply
Southwark,Nell Gwynn Nursery School,Nursery,Local authority maintained schools,0,103,47.1,Mixed,Does not apply
Southwark,The Grove Nursery School,Nursery,Local authority maintained schools,0,89,16.7,Mixed,Does not apply
Southwark,Albion Primary School,Primary,Local authority maintained schools,480,434,40.0,Mixed,Does not apply
Southwark,Bellenden Primary School,Primary,Local authority maintained schools,210,205,46.3,Mixed,Does not apply
Southwark,Bird In Bush School,Primary,Local authority maintained schools,525,428,56.1,Mixed,Does not apply
Southwark,Crampton Primary,Primary,Local authority maintained schools,210,193,35.2,Mixed,Does not apply
Southwark,Crawford Primary School,Primary,Local authority maintained schools,630,323,51.1,Mixed,Does not apply
Southwark,Goodrich Community Primary School,Primary,Local authority maintained schools,630,466,21.8,Mixed,Does not apply
Southwark,Grange Primary School,Primary,Local authority maintained schools,420,292,56.9,Mixed,Does not apply
Southwark,Heber Primary School,Primary,Local authority maintained schools,420,434,14.2,Mixed,Does not apply
Southwark,Hollydale Primary School,Primary,Local authority maintained schools,308,147,44.2,Mixed,Does not apply
Southwark,Ilderton Primary School,Primary,Local authority maintained schools,236,175,42.3,Mixed,Does not apply
Southwark,Ivydale Primary School,Primary,Local authority maintained schools,540,466,19.5,Mixed,Does not apply
Southwark,John Ruskin Primary School and Language Classes,Primary,Local authority maintained schools,550,474,54.4,Mixed,Does not apply
Southwark,Keyworth Primary School,Primary,Local authority maintained schools,500,335,58.3,Mixed,Does not apply
Southwark,Dulwich Wood Primary School,Primary,Local authority maintained schools,420,408,28.2,Mixed,Does not apply
Southwark,Michael Faraday School,Primary,Local authority maintained schools,420,429,37.4,Mixed,Does not apply
Southwark,Riverside Primary School,Primary,Local authority maintained schools,315,247,44.4,Mixed,Does not apply
Southwark,Robert Browning Primary School,Primary,Local authority maintained schools,236,191,51.9,Mixed,Does not apply
Southwark,Snowsfields Primary School,Primary,Local authority maintained schools,222,183,49.7,Mixed,Does not apply
Southwark,Southwark Park Primary School,Primary,Local authority maintained schools,470,397,49.9,Mixed,Does not apply
Southwark,Tower Bridge Primary School,Primary,Local authority maintained schools,236,191,60.1,Mixed,Does not apply
Southwark,Victory Primary School,Primary,Local authority maintained schools,164,117,51.4,Mixed,Does not apply
Southwark,Phoenix Primary School,Primary,Local authority maintained schools,682,508,40.2,Mixed,Does not apply
Southwark,Pilgrims' Way Primary School,Primary,Local authority maintained schools,210,196,52.2,Mixed,Does not apply
Southwark,Alfred Salter Primary School,Primary,Local authority maintained schools,420,389,29.0,Mixed,Does not apply
Southwark,Oliver Goldsmith Primary School,Primary,Local authority maintained schools,480,376,54.5,Mixed,Does not apply
Southwark,Boutcher Church of England Primary School,Primary,Local authority maintained schools,210,209,34.0,Mixed,Church of England
Southwark,Dulwich Village Church of England Infants' School,Primary,Local authority maintained schools,270,259,8.9,Mixed,Church of England
Southwark,English Martyrs' Roman Catholic Primary School,Primary,Local authority maintained schools,330,328,46.7,Mixed,Roman Catholic
Southwark,St James the Great Roman Catholic Primary School,Primary,Local authority maintained schools,210,223,40.1,Mixed,Roman Catholic
Southwark,St Francis RC Primary School,Primary,Local authority maintained schools,416,272,40.8,Mixed,Roman Catholic
Southwark,St George's Church of England Primary School,Primary,Local authority maintained schools,210,156,58.3,Mixed,Church of England
Southwark,St James' Church of England Primary School,Primary,Local authority maintained schools,420,402,70.4,Mixed,Church of England
Southwark,St John's and St Clement's Church of England Primary School,Primary,Local authority maintained schools,420,376,18.9,Mixed,Church of England
Southwark,"Saint Joseph's Catholic Primary School, the Borough",Primary,Local authority maintained schools,225,169,40.6,Mixed,Roman Catholic
Southwark,St Jude's Church of England Primary School,Primary,Local authority maintained schools,210,53,53.8,Mixed,Church of England
Southwark,Peter Hills with St Mary's and St Paul's CofE Primary School,Primary,Local authority maintained schools,210,104,52.0,Mixed,Church of England
Southwark,St Peter's Church of England Primary School,Primary,Local authority maintained schools,210,145,48.2,Mixed,Church of England
Southwark,The Cathedral School of St Saviour and St Mary Overie,Primary,Local authority maintained schools,210,219,20.9,Mixed,Church of England
Southwark,St John's Roman Catholic Primary School,Primary,Local authority maintained schools,240,228,29.2,Mixed,Roman Catholic
Southwark,St Saviour's and St Olave's Church of England School,Secondary,Local authority maintained schools,825,660,54.4,Girls,Church of England
Southwark,St Joseph's Catholic Junior School,Primary,Local authority maintained schools,240,226,46.9,Mixed,Roman Catholic
Southwark,St Joseph's Catholic Infants School,Primary,Local authority maintained schools,210,144,23.1,Mixed,Roman Catholic
Southwark,Friars Primary Foundation School,Primary,Local authority maintained schools,210,183,45.4,Mixed,None
Southwark,The St Thomas the Apostle College,Secondary,Local authority maintained schools,1000,1111,46.8,Boys,Roman Catholic
Southwark,Dulwich College,Not applicable,Independent schools,1950,1919,0,Mixed,None
Southwark,Dulwich Prep & Senior,Not applicable,Independent schools,999,812,0,Boys,None
Southwark,James Allen's Girls' School,Not applicable,Independent schools,1265,1212,0,Girls,None
Southwark,Alleyn's School,Not applicable,Independent schools,1475,1450,0,Mixed,None
Southwark,Herne Hill School,Not applicable,Independent schools,430,287,0,Mixed,None
Southwark,Highshore School,Not applicable,Special schools,152,169,74.3,Mixed,Does not apply
Southwark,Evelina Hospital School,Not applicable,Special schools,0,109,0,Mixed,Does not apply
Southwark,Haymerle School,Not applicable,Special schools,77,78,67.9,Mixed,Does not apply
Southwark,Beormund Primary School,Not applicable,Special schools,0,29,65.5,Mixed,Does not apply
Southwark,Tuke School,Not applicable,Special schools,90,100,71.4,Mixed,Does not apply
Southwark,Cherry Garden School,Not applicable,Special schools,112,94,57.4,Mixed,Does not apply
Tower Hamlets,Childrens House Nursery School,Nursery,Local authority maintained schools,0,123,7.4,Mixed,Does not apply
Tower Hamlets,Columbia Market Nursery School,Nursery,Local authority maintained schools,0,52,0.0,Mixed,Does not apply
Tower Hamlets,Alice Model Nursery School,Nursery,Local authority maintained schools,0,61,15.0,Mixed,Does not apply
Tower Hamlets,London East Alternative Provision,Not applicable,Local authority maintained schools,0,106,51.9,Mixed,Does not apply
Tower Hamlets,Ben Jonson Primary School,Primary,Local authority maintained schools,697,631,44.4,Mixed,Does not apply
Tower Hamlets,Bonner Primary School,Primary,Local authority maintained schools,840,704,41.2,Mixed,Does not apply
Tower Hamlets,Old Palace Primary School,Primary,Local authority maintained schools,420,394,30.2,Mixed,Does not apply
Tower Hamlets,Cayley Primary School,Primary,Local authority maintained schools,492,432,54.5,Mixed,Does not apply
Tower Hamlets,Blue Gate Fields Junior School,Primary,Local authority maintained schools,360,352,37.2,Mixed,Does not apply
Tower Hamlets,Chisenhale Primary School,Primary,Local authority maintained schools,351,321,23.7,Mixed,Does not apply
Tower Hamlets,Cubitt Town Primary School,Primary,Local authority maintained schools,700,694,55.6,Mixed,Does not apply
Tower Hamlets,Globe Primary School,Primary,Local authority maintained schools,430,363,41.3,Mixed,Does not apply
Tower Hamlets,Hague Primary School,Primary,Local authority maintained schools,228,213,28.5,Mixed,Does not apply
Tower Hamlets,Harbinger Primary School,Primary,Local authority maintained schools,360,291,45.2,Mixed,Does not apply
Tower Hamlets,John Scurr Primary School,Primary,Local authority maintained schools,485,493,43.9,Mixed,Does not apply
Tower Hamlets,Lawdale Junior School,Primary,Local authority maintained schools,240,207,60.4,Mixed,Does not apply
Tower Hamlets,Elizabeth Selby Infants' School,Primary,Local authority maintained schools,277,265,45.6,Mixed,Does not apply
Tower Hamlets,Marion Richardson Primary School,Primary,Local authority maintained schools,510,469,40.1,Mixed,Does not apply
Tower Hamlets,Marner Primary School,Primary,Local authority maintained schools,705,651,48.3,Mixed,Does not apply
Tower Hamlets,Mayflower Primary School,Primary,Local authority maintained schools,390,407,41.5,Mixed,Does not apply
Tower Hamlets,Mowlem Primary School,Primary,Local authority maintained schools,210,226,38.9,Mixed,Does not apply
Tower Hamlets,Blue Gate Fields Infants' School,Primary,Local authority maintained schools,270,328,27.7,Mixed,Does not apply
Tower Hamlets,Olga Primary School,Primary,Local authority maintained schools,530,537,34.3,Mixed,Does not apply
Tower Hamlets,Stepney Park Primary School,Primary,Local authority maintained schools,750,738,38.9,Mixed,Does not apply
Tower Hamlets,Manorfield Primary School,Primary,Local authority maintained schools,800,691,50.5,Mixed,Does not apply
Tower Hamlets,Stewart Headlam Primary School,Primary,Local authority maintained schools,270,197,29.0,Mixed,Does not apply
Tower Hamlets,Wellington Primary School,Primary,Local authority maintained schools,450,405,44.5,Mixed,Does not apply
Tower Hamlets,Woolmore Primary School,Primary,Local authority maintained schools,660,654,50.0,Mixed,Does not apply
Tower Hamlets,Thomas Buxton Primary School,Primary,Local authority maintained schools,480,411,48.5,Mixed,Does not apply
Tower Hamlets,Seven Mills Primary School,Primary,Local authority maintained schools,240,228,50.0,Mixed,Does not apply
Tower Hamlets,Osmani Primary School,Primary,Local authority maintained schools,480,419,35.1,Mixed,Does not apply
Tower Hamlets,Bangabandhu Primary School,Primary,Local authority maintained schools,450,335,65.0,Mixed,Does not apply
Tower Hamlets,Halley Primary School,Primary,Local authority maintained schools,240,204,36.1,Mixed,Does not apply
Tower Hamlets,Bigland Green Primary School,Primary,Local authority maintained schools,480,475,40.4,Mixed,Does not apply
Tower Hamlets,Kobi Nazrul Primary School,Primary,Local authority maintained schools,240,239,37.8,Mixed,Does not apply
Tower Hamlets,William Davis Primary School,Primary,Local authority maintained schools,240,174,49.4,Mixed,Does not apply
Tower Hamlets,Christ Church CofE School,Primary,Local authority maintained schools,235,153,37.2,Mixed,Church of England
Tower Hamlets,Stepney Greencoat Church of England Primary School,Primary,Local authority maintained schools,240,172,34.3,Mixed,Church of England
Tower Hamlets,St Agnes RC Primary School,Primary,Local authority maintained schools,235,207,34.8,Mixed,Roman Catholic
Tower Hamlets,St Edmund's Catholic School,Primary,Local authority maintained schools,225,204,21.7,Mixed,Roman Catholic
Tower Hamlets,St John's Church of England Primary School,Primary,Local authority maintained schools,236,172,65.6,Mixed,Church of England
Tower Hamlets,St Luke's Church of England Primary School,Primary,Local authority maintained schools,480,397,33.2,Mixed,Church of England
Tower Hamlets,St Paul With St Luke CofE Primary Federation,Primary,Local authority maintained schools,240,180,52.8,Mixed,Church of England
Tower Hamlets,St Paul's Whitechapel Church of England Primary School,Primary,Local authority maintained schools,210,212,35.8,Mixed,Church of England
Tower Hamlets,St Peter's London Docks CofE Primary School,Primary,Local authority maintained schools,240,232,21.6,Mixed,Church of England
Tower Hamlets,St Saviour's Church of England Primary School,Primary,Local authority maintained schools,240,216,41.7,Mixed,Church of England
Tower Hamlets,English Martyrs Roman Catholic Primary School,Primary,Local authority maintained schools,240,173,19.4,Mixed,Roman Catholic
Tower Hamlets,Bow School,Secondary,Local authority maintained schools,1350,1173,46.0,Mixed,Does not apply
Tower Hamlets,Langdon Park Community School,Secondary,Local authority maintained schools,950,1061,60.7,Mixed,Does not apply
Tower Hamlets,Morpeth School,Secondary,Local authority maintained schools,1600,1513,49.9,Mixed,Does not apply
Tower Hamlets,Oaklands School,Secondary,Local authority maintained schools,1000,880,59.4,Mixed,Does not apply
Tower Hamlets,Swanlea School,Secondary,Local authority maintained schools,1260,1281,45.3,Mixed,Does not apply
Tower Hamlets,George Green's School,Secondary,Local authority maintained schools,1239,1261,50.9,Mixed,None
Tower Hamlets,Central Foundation Girls' School,Secondary,Local authority maintained schools,1550,1541,46.8,Girls,None
Tower Hamlets,Stepney All Saints Church of England Secondary School,Secondary,Local authority maintained schools,1540,1373,49.1,Mixed,Church of England
Tower Hamlets,Gatehouse School,Not applicable,Independent schools,550,533,0,Mixed,None
Tower Hamlets,Madani Secondary Girls' School,Not applicable,Independent schools,360,260,0,Girls,None
Tower Hamlets,Bowden House School,Not applicable,Special schools,40,38,69.7,Boys,Does not apply
Tower Hamlets,Phoenix School,Not applicable,Special schools,500,502,60.4,Mixed,Does not apply
Tower Hamlets,Beatrice Tate School,Not applicable,Special schools,128,127,69.9,Mixed,Does not apply
Wandsworth,Balham Nursery School,Nursery,Local authority maintained schools,0,33,18.2,Mixed,Does not apply
Wandsworth,Eastwood Nursery School,Nursery,Local authority maintained schools,0,23,25.0,Mixed,Does not apply
Wandsworth,Somerset Nursery School and Children's Centre,Nursery,Local authority maintained schools,0,63,3.8,Mixed,Does not apply
Wandsworth,Francis Barber Pupil Referral Unit,Not applicable,Local authority maintained schools,120,76,67.1,Mixed,Does not apply
Wandsworth,Alderbrook Primary School,Primary,Local authority maintained schools,420,231,33.5,Mixed,Does not apply
Wandsworth,Allfarthing Primary School,Primary,Local authority maintained schools,409,384,18.9,Mixed,Does not apply
Wandsworth,Beatrix Potter Primary School,Primary,Local authority maintained schools,420,348,16.6,Mixed,Does not apply
Wandsworth,Brandlehow Primary School,Primary,Local authority maintained schools,420,365,6.9,Mixed,Does not apply
Wandsworth,Earlsfield Primary School,Primary,Local authority maintained schools,500,447,11.3,Mixed,Does not apply
Wandsworth,Falconbrook Primary School,Primary,Local authority maintained schools,399,191,78.6,Mixed,Does not apply
Wandsworth,Furzedown Primary School,Primary,Local authority maintained schools,450,344,14.3,Mixed,Does not apply
Wandsworth,Honeywell Junior School,Primary,Local authority maintained schools,360,320,10.0,Mixed,None
Wandsworth,Honeywell Infant School,Primary,Local authority maintained schools,320,302,6.0,Mixed,None
Wandsworth,Hotham Primary School,Primary,Local authority maintained schools,420,362,20.4,Mixed,Does not apply
Wandsworth,John Burns Primary School,Primary,Local authority maintained schools,236,165,59.5,Mixed,Does not apply
Wandsworth,Penwortham Primary School,Primary,Local authority maintained schools,685,669,16.0,Mixed,Does not apply
Wandsworth,Riversdale Primary School,Primary,Local authority maintained schools,433,376,25.2,Mixed,Does not apply
Wandsworth,Sellincourt Primary School,Primary,Local authority maintained schools,420,391,32.9,Mixed,Does not apply
Wandsworth,Shaftesbury Park Primary School,Primary,Local authority maintained schools,450,353,41.8,Mixed,Does not apply
Wandsworth,Smallwood Primary School and Language Unit,Primary,Local authority maintained schools,530,251,33.7,Mixed,Does not apply
Wandsworth,Swaffield School,Primary,Local authority maintained schools,470,287,37.8,Mixed,Does not apply
Wandsworth,West Hill Primary School,Primary,Local authority maintained schools,210,155,40.5,Mixed,Does not apply
Wandsworth,Sheringdale Primary School,Primary,Local authority maintained schools,397,425,10.4,Mixed,Does not apply
Wandsworth,Southmead Primary School,Primary,Local authority maintained schools,426,269,49.0,Mixed,Does not apply
Wandsworth,Granard Primary School,Primary,Local authority maintained schools,429,349,51.4,Mixed,Does not apply
Wandsworth,Heathmere Primary School,Primary,Local authority maintained schools,351,260,65.1,Mixed,Does not apply
Wandsworth,Ronald Ross Primary School,Primary,Local authority maintained schools,241,242,34.6,Mixed,Does not apply
Wandsworth,Albemarle Primary School,Primary,Local authority maintained schools,472,366,26.1,Mixed,None
Wandsworth,"All Saints' CofE Primary School, Putney",Primary,Local authority maintained schools,209,172,19.9,Mixed,Church of England
Wandsworth,Holy Ghost Catholic Primary School,Primary,Local authority maintained schools,210,193,5.7,Mixed,Roman Catholic
Wandsworth,Our Lady of Victories Catholic Primary School,Primary,Local authority maintained schools,210,183,3.3,Mixed,Roman Catholic
Wandsworth,Roehampton Church Forest Primary School,Primary,Local authority maintained schools,220,128,42.5,Mixed,Church of England
Wandsworth,St Boniface RC Primary School,Primary,Local authority maintained schools,315,271,17.0,Mixed,Roman Catholic
Wandsworth,St Faith's CofE Primary School,Primary,Local authority maintained schools,201,172,28.8,Mixed,Church of England
Wandsworth,St George's CofE Primary School,Primary,Local authority maintained schools,240,234,65.8,Mixed,Church of England
Wandsworth,St Joseph's Catholic Primary and Nursery School,Primary,Local authority maintained schools,236,156,33.6,Mixed,Roman Catholic
Wandsworth,St Mary's CofE Nursery and Primary School,Primary,Local authority maintained schools,210,197,9.8,Mixed,Church of England
Wandsworth,Trinity St Mary's CofE Primary School,Primary,Local authority maintained schools,210,120,56.9,Mixed,Church of England
Wandsworth,St Mary's RC Voluntary Aided Primary School,Primary,Local authority maintained schools,222,199,48.7,Mixed,Roman Catholic
Wandsworth,St Michael's CofE Primary School,Primary,Local authority maintained schools,446,434,7.3,Mixed,Church of England
Wandsworth,"Sacred Heart Catholic Primary School, Roehampton",Primary,Local authority maintained schools,450,384,43.0,Mixed,Roman Catholic
Wandsworth,Our Lady Queen of Heaven RC School,Primary,Local authority maintained schools,232,224,21.0,Mixed,Roman Catholic
Wandsworth,St Anselm's Catholic Primary School,Primary,Local authority maintained schools,210,204,6.9,Mixed,Roman Catholic
Wandsworth,Hillbrook School,Primary,Local authority maintained schools,840,623,31.3,Mixed,None
Wandsworth,Ibstock Place School,Not applicable,Independent schools,1150,1048,0,Mixed,None
Wandsworth,Merlin School,Not applicable,Independent schools,220,98,0,Mixed,None
Wandsworth,Hurlingham School,Not applicable,Independent schools,457,412,0,Mixed,None
Merton,Willington School,Not applicable,Independent schools,324,217,0,Mixed,None
Wandsworth,Emanuel School,Not applicable,Independent schools,1150,1108,0,Mixed,Christian
Wandsworth,Putney High School GDST,Not applicable,Independent schools,1085,1067,0,Girls,None
Wandsworth,Broomwood Pre-Prep & Broomwood Prep-Girls,Not applicable,Independent schools,730,359,0,Mixed,Christian
Wandsworth,The Roche School,Not applicable,Independent schools,348,264,0,Mixed,None
Wandsworth,Finton House School,Not applicable,Independent schools,355,348,0,Mixed,None
Wandsworth,Hornsby House School,Not applicable,Independent schools,450,437,0,Mixed,None
Wandsworth,Eveline Day School,Not applicable,Independent schools,120,98,0,Mixed,None
Wandsworth,Prospect House School,Not applicable,Independent schools,320,261,0,Mixed,None
Wandsworth,Newton Preparatory School,Not applicable,Independent schools,688,636,0,Mixed,None
Wandsworth,Dolphin School (Incorporating Noahs Ark Nursery Schools),Not applicable,Independent schools,311,161,0,Mixed,Christian
Merton,Hall School Wimbledon,Not applicable,Independent schools,600,206,0,Mixed,None
Wandsworth,Eaton House the Manor School,Not applicable,Independent schools,720,673,0,Mixed,None
Wandsworth,Broomwood Prep - Boys,Not applicable,Independent schools,260,208,0,Boys,Christian
Wandsworth,Al Risalah Secondary School,Not applicable,Independent schools,220,185,0,Girls,None
Wandsworth,Parkgate House School,Not applicable,Independent schools,230,152,0,Mixed,None
Wandsworth,Oak Lodge School,Not applicable,Special schools,100,91,69.8,Mixed,Does not apply
Wandsworth,Greenmead School,Not applicable,Special schools,72,62,50.0,Mixed,Does not apply
Wandsworth,Paddock School,Not applicable,Special schools,215,220,57.9,Mixed,Does not apply
Wandsworth,Garratt Park School,Not applicable,Special schools,215,216,67.9,Mixed,Does not apply
Westminster,Tachbrook Nursery School,Nursery,Local authority maintained schools,0,60,20.0,Mixed,Does not apply
Westminster,Dorothy Gardner Nursery School,Nursery,Local authority maintained schools,0,70,31.8,Mixed,Does not apply
Westminster,Mary Paterson Nursery School,Nursery,Local authority maintained schools,0,62,19.2,Mixed,Does not apply
Westminster,St John's Wood Primary School,Primary,Local authority maintained schools,446,190,30.0,Mixed,Does not apply
Westminster,Edward Wilson Primary School,Primary,Local authority maintained schools,448,280,58.2,Mixed,Does not apply
Westminster,Essendine Primary School,Primary,Local authority maintained schools,454,262,50.4,Mixed,Does not apply
Westminster,Hallfield Primary School,Primary,Local authority maintained schools,496,244,45.5,Mixed,Does not apply
Westminster,Queen's Park Primary School,Primary,Local authority maintained schools,310,266,48.9,Mixed,Does not apply
Westminster,All Souls CofE Primary School,Primary,Local authority maintained schools,230,179,32.4,Mixed,Church of England
Westminster,Burdett-Coutts and Townshend Foundation CofE Primary School,Primary,Local authority maintained schools,236,168,31.0,Mixed,Church of England
Westminster,Hampden Gurney CofE Primary School,Primary,Local authority maintained schools,240,227,11.5,Mixed,Church of England
Westminster,St Augustines Federated Schools: CofE Primary School,Primary,Local authority maintained schools,235,213,53.1,Mixed,Church of England
Westminster,St Barnabas' CofE Primary School,Primary,Local authority maintained schools,161,118,38.2,Mixed,Church of England
Westminster,St Clement Danes CofE Primary School,Primary,Local authority maintained schools,210,192,26.0,Mixed,Church of England
Westminster,St Edward's Catholic Primary School,Primary,Local authority maintained schools,420,199,48.2,Mixed,Roman Catholic
Westminster,St Gabriel's CofE Primary School,Primary,Local authority maintained schools,210,178,46.6,Mixed,Church of England
Westminster,St George's Hanover Square CofE Primary School,Primary,Local authority maintained schools,210,95,26.3,Mixed,Church of England
Westminster,Soho Parish CofE Primary School,Primary,Local authority maintained schools,170,108,27.8,Mixed,Church of England
Westminster,St James & St John Church of England Primary School,Primary,Local authority maintained schools,195,174,29.5,Mixed,Church of England
Westminster,St Luke's CofE Primary School,Primary,Local authority maintained schools,210,180,55.6,Mixed,Church of England
Westminster,St Mary Magdalene & St Stephen's CofE Primary School,Primary,Local authority maintained schools,236,186,47.8,Mixed,Church of England
Westminster,St Mary's Bryanston Square CofE School,Primary,Local authority maintained schools,240,157,22.9,Mixed,Church of England
Westminster,St. Mary of the Angels Catholic Primary School,Primary,Local authority maintained schools,322,186,48.9,Mixed,Roman Catholic
Westminster,"St Matthew's School, Westminster",Primary,Local authority maintained schools,210,125,31.7,Mixed,Church of England
Westminster,St Peter's CofE School,Primary,Local authority maintained schools,210,197,45.2,Mixed,Church of England
Westminster,St Peter's Eaton Square CofE Primary School,Primary,Local authority maintained schools,210,161,18.0,Mixed,Church of England
Westminster,St Saviour's CofE Primary School,Primary,Local authority maintained schools,210,226,19.2,Mixed,Church of England
Westminster,St Vincent's Catholic Primary School,Primary,Local authority maintained schools,236,233,13.1,Mixed,Roman Catholic
Westminster,St Vincent De Paul Catholic Primary School,Primary,Local authority maintained schools,236,201,29.9,Mixed,Roman Catholic
Westminster,Christ Church Bentinck CofE Primary School,Primary,Local authority maintained schools,420,213,47.9,Mixed,Church of England
Westminster,St Augustine's Federated Schools: CE High School,Secondary,Local authority maintained schools,1000,1011,53.6,Mixed,Church of England
Westminster,Arnold House School,Not applicable,Independent schools,385,363,0,Boys,None
Westminster,"Queen's College, London",Not applicable,Independent schools,670,635,0,Girls,None
Westminster,Francis Holland School,Not applicable,Independent schools,600,570,0,Girls,Church of England
Westminster,Westminster Abbey Choir School,Not applicable,Independent schools,32,29,0,Boys,Anglican
Westminster,Eaton House School,Not applicable,Independent schools,270,149,0,Boys,None
Westminster,Francis Holland School,Not applicable,Independent schools,780,603,0,Girls,Church of England
Westminster,Westminster School,Not applicable,Independent schools,785,773,0,Mixed,Church of England
Kensington and Chelsea,Francis Holland Preparatory School,Not applicable,Independent schools,307,222,0,Girls,None
Westminster,Connaught House School,Not applicable,Independent schools,76,75,0,Mixed,None
Westminster,Westminster Under School,Not applicable,Independent schools,288,277,0,Boys,Church of England
Westminster,Westminster Cathedral Choir School,Not applicable,Independent schools,281,280,0,Boys,Roman Catholic
Westminster,The American School in London,Not applicable,Independent schools,1550,1445,0,Mixed,None
Westminster,Saint Christina's School,Not applicable,Independent schools,213,178,0,Mixed,Roman Catholic
Westminster,ICS London,Not applicable,Independent schools,380,140,0,Mixed,None
Westminster,Sylvia Young Theatre School,Not applicable,Independent schools,290,201,0,Mixed,None
Westminster,Fairley House School,Not applicable,Special schools,250,219,0,Mixed,None
Wandsworth,Centre Academy London,Not applicable,Special schools,60,50,0,Mixed,None
Westminster,Naima Jewish Preparatory School,Not applicable,Independent schools,180,155,0,Mixed,None
Westminster,Eaton Square Prep School,Not applicable,Independent schools,491,258,0,Mixed,None
Westminster,Bales College,Not applicable,Independent schools,123,100,0,Mixed,None
Westminster,College Park School,Not applicable,Special schools,167,151,59.7,Mixed,Does not apply
Westminster,Queen Elizabeth II Jubilee School,Not applicable,Special schools,75,90,67.1,Mixed,Does not apply
Barking and Dagenham,Dorothy Barley Infants' School,Primary,Local authority maintained schools,360,240,15.3,Mixed,Does not apply
Barking and Dagenham,Manor Junior School,Primary,Local authority maintained schools,600,591,17.4,Mixed,Does not apply
Barking and Dagenham,Manor Primary School,Primary,Local authority maintained schools,1300,1194,17.3,Mixed,Does not apply
Barking and Dagenham,Northbury Primary School,Primary,Local authority maintained schools,918,853,23.3,Mixed,Does not apply
Barking and Dagenham,Ripple Primary School,Primary,Local authority maintained schools,1181,916,24.0,Mixed,Does not apply
Barking and Dagenham,Beam Primary School,Primary,Local authority maintained schools,592,588,22.9,Mixed,Does not apply
Barking and Dagenham,Furze Infant School,Primary,Local authority maintained schools,472,462,12.9,Mixed,Does not apply
Barking and Dagenham,Grafton Primary School,Primary,Local authority maintained schools,920,898,21.3,Mixed,Does not apply
Barking and Dagenham,Marsh Green Primary School,Primary,Local authority maintained schools,470,374,31.2,Mixed,Does not apply
Barking and Dagenham,Rush Green Primary School,Primary,Local authority maintained schools,840,823,17.9,Mixed,Does not apply
Barking and Dagenham,The Leys Primary School,Primary,Local authority maintained schools,472,409,29.1,Mixed,Does not apply
Barking and Dagenham,Warren Junior School,Primary,Local authority maintained schools,560,559,24.2,Mixed,Does not apply
Barking and Dagenham,"Thomas Arnold Primary School, Rowdowns Road",Primary,Local authority maintained schools,472,451,27.2,Mixed,Does not apply
Barking and Dagenham,Valence Primary School,Primary,Local authority maintained schools,1050,895,24.3,Mixed,Does not apply
Barking and Dagenham,Village Infants' School,Primary,Local authority maintained schools,270,294,23.5,Mixed,Does not apply
Barking and Dagenham,Rose Lane Primary School,Primary,Local authority maintained schools,664,615,36.1,Mixed,Does not apply
Barking and Dagenham,William Bellamy Primary School,Primary,Local authority maintained schools,1100,879,27.7,Mixed,Does not apply
Barking and Dagenham,Parsloes Primary School,Primary,Local authority maintained schools,630,408,32.3,Mixed,Does not apply
Barking and Dagenham,Five Elms Primary School,Primary,Local authority maintained schools,496,459,32.7,Mixed,Does not apply
Barking and Dagenham,Henry Green Primary School,Primary,Local authority maintained schools,472,467,25.8,Mixed,Does not apply
Barking and Dagenham,Roding Primary School,Primary,Local authority maintained schools,1218,987,26.5,Mixed,Does not apply
Barking and Dagenham,Becontree Primary School,Primary,Local authority maintained schools,484,465,28.6,Mixed,Does not apply
Barking and Dagenham,John Perry Primary School,Primary,Local authority maintained schools,690,618,27.4,Mixed,Does not apply
Barking and Dagenham,William Ford CofE Junior School,Primary,Local authority maintained schools,360,321,35.5,Mixed,Church of England
Barking and Dagenham,St Peter's Catholic Primary School,Primary,Local authority maintained schools,472,374,29.6,Mixed,Roman Catholic
Barking and Dagenham,"Barking Abbey School, A Specialist Sports and Humanities College",Secondary,Local authority maintained schools,2334,2336,28.1,Mixed,Does not apply
Barking and Dagenham,Eastbrook School,All-through,Local authority maintained schools,2638,1198,37.2,Mixed,Does not apply
Barking and Dagenham,Eastbury Community School,All-through,Local authority maintained schools,2236,2134,29.0,Mixed,Does not apply
Barking and Dagenham,Robert Clack School,All-through,Local authority maintained schools,2500,3129,30.1,Mixed,Does not apply
Barking and Dagenham,All Saints Catholic School and Technology College,Secondary,Local authority maintained schools,1520,1353,26.1,Mixed,Roman Catholic
Barnet,Brookhill Nursery School,Nursery,Local authority maintained schools,0,123,0.0,Mixed,Does not apply
Barnet,Hampden Way Nursery School,Nursery,Local authority maintained schools,0,95,0.0,Mixed,Does not apply
Barnet,Moss Hall Nursery School,Nursery,Local authority maintained schools,0,104,0.0,Mixed,Does not apply
Barnet,St Margaret's Nursery School,Nursery,Local authority maintained schools,0,92,0.0,Mixed,Does not apply
Barnet,Pavilion Study Centre,Not applicable,Local authority maintained schools,0,48,62.5,Mixed,Does not apply
Barnet,Barnfield Primary School,Primary,Local authority maintained schools,448,462,24.4,Mixed,Does not apply
Barnet,Brookland Junior School,Primary,Local authority maintained schools,360,353,16.1,Mixed,Does not apply
Barnet,Brookland Infant and Nursery School,Primary,Local authority maintained schools,322,304,10.3,Mixed,Does not apply
Barnet,Brunswick Park Primary and Nursery School,Primary,Local authority maintained schools,457,447,17.8,Mixed,Does not apply
Barnet,Church Hill School,Primary,Local authority maintained schools,210,200,17.5,Mixed,Does not apply
Barnet,Colindale Primary School,Primary,Local authority maintained schools,630,723,27.9,Mixed,Does not apply
Barnet,Coppetts Wood Primary School,Primary,Local authority maintained schools,269,227,32.5,Mixed,Does not apply
Barnet,Courtland School,Primary,Local authority maintained schools,210,207,12.1,Mixed,Does not apply
Barnet,Cromer Road Primary School,Primary,Local authority maintained schools,420,404,18.6,Mixed,Does not apply
Barnet,Deansbrook Infant School,Primary,Local authority maintained schools,270,218,26.4,Mixed,Does not apply
Barnet,Edgware Primary School,Primary,Local authority maintained schools,489,448,37.4,Mixed,Does not apply
Barnet,Fairway Primary School and Children's Centre,Primary,Local authority maintained schools,277,270,31.0,Mixed,Does not apply
Barnet,Foulds School,Primary,Local authority maintained schools,315,313,3.8,Mixed,Does not apply
Barnet,Frith Manor Primary School,Primary,Local authority maintained schools,522,509,10.0,Mixed,Does not apply
Barnet,Garden Suburb Junior School,Primary,Local authority maintained schools,360,346,31.2,Mixed,Does not apply
Barnet,Garden Suburb Infant School,Primary,Local authority maintained schools,246,187,21.9,Mixed,Does not apply
Barnet,Goldbeaters Primary School,Primary,Local authority maintained schools,471,469,40.9,Mixed,Does not apply
Barnet,Hollickwood Primary School,Primary,Local authority maintained schools,210,196,41.4,Mixed,None
Barnet,Holly Park Primary School,Primary,Local authority maintained schools,420,424,21.5,Mixed,Does not apply
Barnet,Livingstone Primary and Nursery School,Primary,Local authority maintained schools,305,249,28.6,Mixed,Does not apply
Barnet,Manorside Primary School,Primary,Local authority maintained schools,310,236,15.9,Mixed,Does not apply
Barnet,Monkfrith Primary School,Primary,Local authority maintained schools,420,415,3.6,Mixed,Does not apply
Barnet,Moss Hall Junior School,Primary,Local authority maintained schools,480,468,17.3,Mixed,Does not apply
Barnet,Moss Hall Infant School,Primary,Local authority maintained schools,360,307,14.7,Mixed,Does not apply
Barnet,Northside Primary School,Primary,Local authority maintained schools,274,263,15.0,Mixed,Does not apply
Barnet,Woodridge Primary School,Primary,Local authority maintained schools,210,210,5.2,Mixed,Does not apply
Barnet,Tudor Primary School,Primary,Local authority maintained schools,310,196,29.1,Mixed,Does not apply
Barnet,Underhill School,Primary,Local authority maintained schools,510,462,39.9,Mixed,Does not apply
Barnet,Whitings Hill Primary School,Primary,Local authority maintained schools,420,471,27.6,Mixed,Does not apply
Barnet,Chalgrove Primary School,Primary,Local authority maintained schools,224,216,20.4,Mixed,Does not apply
Barnet,Sunnyfields Primary School,Primary,Local authority maintained schools,272,253,27.8,Mixed,Does not apply
Barnet,Queenswell Infant & Nursery School,Primary,Local authority maintained schools,270,193,22.3,Mixed,Does not apply
Barnet,Queenswell Junior School,Primary,Local authority maintained schools,240,265,35.1,Mixed,Does not apply
Barnet,Danegrove Primary School,Primary,Local authority maintained schools,630,616,29.9,Mixed,Does not apply
Barnet,All Saints' CofE Primary School NW2,Primary,Local authority maintained schools,210,175,43.4,Mixed,Church of England
Barnet,Christ Church Primary School,Primary,Local authority maintained schools,236,214,11.7,Mixed,Church of England
Barnet,Holy Trinity CofE Primary School,Primary,Local authority maintained schools,266,201,20.3,Mixed,Church of England
Barnet,Monken Hadley CofE Primary School,Primary,Local authority maintained schools,150,149,16.1,Mixed,Church of England
Barnet,St John's CofE Junior Mixed and Infant School,Primary,Local authority maintained schools,236,232,10.5,Mixed,Church of England
Barnet,St John's CofE Primary and Nursery School,Primary,Local authority maintained schools,236,248,9.8,Mixed,Church of England
Barnet,St Mary's CofE Primary School,Primary,Local authority maintained schools,420,434,10.6,Mixed,Church of England
Barnet,"St Mary's CofE Primary School, East Barnet",Primary,Local authority maintained schools,218,217,12.9,Mixed,Church of England
Barnet,St Paul's CofE Primary School N11,Primary,Local authority maintained schools,210,216,27.4,Mixed,Church of England
Barnet,St Paul's CofE Primary School NW7,Primary,Local authority maintained schools,210,206,20.4,Mixed,Church of England
Barnet,"St Andrew's CofE Voluntary Aided Primary School, Totteridge",Primary,Local authority maintained schools,210,195,3.6,Mixed,Church of England
Barnet,Trent CofE Primary School,Primary,Local authority maintained schools,210,208,9.1,Mixed,Church of England
Barnet,All Saints' CofE Nursery and Primary School N20,Primary,Local authority maintained schools,262,238,21.9,Mixed,Church of England
Barnet,The Annunciation Catholic Infant School,Primary,Local authority maintained schools,232,181,24.4,Mixed,Roman Catholic
Barnet,Our Lady of Lourdes RC School,Primary,Local authority maintained schools,262,206,19.3,Mixed,Roman Catholic
Barnet,St Agnes' Catholic Primary School,Primary,Local authority maintained schools,458,431,25.8,Mixed,Roman Catholic
Barnet,St Catherine's RC School,Primary,Local authority maintained schools,471,480,6.1,Mixed,Roman Catholic
Barnet,St Vincent's Catholic Primary School,Primary,Local authority maintained schools,315,296,14.2,Mixed,Roman Catholic
Barnet,St Theresa's Catholic Primary School,Primary,Local authority maintained schools,262,158,20.9,Mixed,Roman Catholic
Barnet,St Joseph's Catholic Primary School,Primary,Local authority maintained schools,548,458,26.1,Mixed,Roman Catholic
Barnet,Sacred Heart Roman Catholic Primary School,Primary,Local authority maintained schools,420,403,14.4,Mixed,Roman Catholic
Barnet,Blessed Dominic Catholic Primary School,Primary,Local authority maintained schools,472,448,18.5,Mixed,Roman Catholic
Barnet,Rosh Pinah Primary School,Primary,Local authority maintained schools,480,393,1.0,Mixed,Jewish
Barnet,Menorah Primary School for Girls,Primary,Local authority maintained schools,200,214,2.3,Girls,Jewish
Barnet,The Annunciation RC Junior School,Primary,Local authority maintained schools,240,176,25.6,Mixed,Roman Catholic
Barnet,Friern Barnet School,Secondary,Local authority maintained schools,810,641,37.4,Mixed,Does not apply
Barnet,St Michael's Catholic Grammar School,Secondary,Local authority maintained schools,940,891,10.5,Girls,Roman Catholic
Barnet,Finchley Catholic High School,Secondary,Local authority maintained schools,1200,1192,13.7,Boys,Roman Catholic
Barnet,St James' Catholic High School,Secondary,Local authority maintained schools,1400,1254,30.0,Mixed,Roman Catholic
Barnet,Mill Hill School Foundation,Not applicable,Independent schools,1855,1767,0,Mixed,None
Barnet,Hendon Preparatory School,Not applicable,Independent schools,200,133,0,Mixed,None
Barnet,The King Alfred School,Not applicable,Independent schools,800,705,0,Mixed,None
Barnet,Lyonsdown School,Not applicable,Independent schools,248,154,0,Girls,None
Barnet,Mount House School,Not applicable,Independent schools,350,244,0,Mixed,None
Barnet,Annemount School,Not applicable,Independent schools,130,76,0,Mixed,None
Barnet,Mathilda Marks-Kennedy Jewish Primary School,Primary,Local authority maintained schools,230,218,1.8,Mixed,Jewish
Barnet,Goodwyn School,Not applicable,Independent schools,223,172,0,Mixed,None
Barnet,Holland House School,Not applicable,Independent schools,148,141,0,Mixed,None
Barnet,Kerem School,Not applicable,Independent schools,296,143,0,Mixed,Orthodox Jewish
Barnet,St Martin's School,Not applicable,Independent schools,120,95,0,Mixed,None
Barnet,Pardes House Grammar School,Not applicable,Independent schools,300,285,0,Boys,None
Barnet,Menorah Grammar School,Not applicable,Independent schools,290,232,0,Boys,Jewish
Barnet,Beth Jacob Grammar School for Girls,Not applicable,Independent schools,345,337,0,Girls,None
Barnet,Dwight School London,Not applicable,Independent schools,420,283,0,Mixed,None
Barnet,Brampton College,Not applicable,Independent schools,263,210,0,Mixed,None
Barnet,Northway School,Not applicable,Special schools,184,163,42.9,Mixed,Does not apply
Barnet,Oakleigh School & Acorn Assessment Centre,Not applicable,Special schools,0,178,33.1,Mixed,Does not apply
Barnet,Mapledown School,Not applicable,Special schools,90,114,43.8,Mixed,Does not apply
Bexley,Crook Log Primary School,Primary,Local authority maintained schools,436,440,6.3,Mixed,Does not apply
Bexley,Danson Primary School,Primary,Local authority maintained schools,630,604,9.1,Mixed,Does not apply
Bexley,Upton Primary School,Primary,Local authority maintained schools,455,452,5.2,Mixed,Does not apply
Bexley,Birkbeck Primary School,Primary,Local authority maintained schools,682,625,9.3,Mixed,Does not apply
Bexley,Longlands Primary School,Primary,Local authority maintained schools,315,303,13.2,Mixed,Does not apply
Bexley,Dulverton Primary School,Primary,Local authority maintained schools,446,442,4.3,Mixed,Does not apply
Bexley,Parkway Primary School,Primary,Local authority maintained schools,306,245,32.2,Mixed,Does not apply
Bexley,Foster's Primary School,Primary,Local authority maintained schools,454,450,10.3,Mixed,None
Bexley,St Stephen's Catholic Primary School,Primary,Local authority maintained schools,420,418,4.8,Mixed,Roman Catholic
Bexley,Our Lady of the Rosary Catholic Primary School,Primary,Local authority maintained schools,420,416,7.7,Mixed,Roman Catholic
Bexley,St Joseph's Catholic Primary School,Primary,Local authority maintained schools,218,212,6.6,Mixed,Roman Catholic
Bexley,St Fidelis Catholic Primary School,Primary,Local authority maintained schools,428,457,24.7,Mixed,Roman Catholic
Bexley,St John Fisher Catholic Primary School,Primary,Local authority maintained schools,210,198,21.7,Mixed,Roman Catholic
Bexley,West Lodge School,Not applicable,Independent schools,176,168,0,Mixed,None
Bexley,Merton Court School,Not applicable,Independent schools,328,310,0,Mixed,Church of England
Bexley,Benedict House Preparatory School,Not applicable,Independent schools,450,213,0,Mixed,None
Bexley,Marlborough School,Not applicable,Special schools,85,88,31.9,Mixed,Does not apply
Brent,Curzon Nursery School & Family Wellbeing Centre,Nursery,Local authority maintained schools,0,89,0.0,Mixed,Does not apply
Brent,Fawood Nursery School & Family Wellbeing Centre,Nursery,Local authority maintained schools,0,73,0.0,Mixed,Does not apply
Brent,College Green School and Services,Nursery,Local authority maintained schools,0,94,0.0,Mixed,Does not apply
Brent,Granville Plus Nursery School,Nursery,Local authority maintained schools,0,53,22.2,Mixed,Does not apply
Brent,Anson Primary School,Primary,Local authority maintained schools,422,398,31.3,Mixed,Does not apply
Brent,Brentfield Primary School,Primary,Local authority maintained schools,630,433,41.0,Mixed,Does not apply
Brent,Carlton Vale Infant School,Primary,Local authority maintained schools,230,60,36.7,Mixed,Does not apply
Brent,Harlesden Primary School,Primary,Local authority maintained schools,420,297,48.8,Mixed,Does not apply
Brent,Mount Stewart Junior School,Primary,Local authority maintained schools,360,358,9.8,Mixed,Does not apply
Brent,Mount Stewart Infant School,Primary,Local authority maintained schools,313,301,7.0,Mixed,Does not apply
Brent,Uxendon Manor Primary School,Primary,Local authority maintained schools,750,674,10.6,Mixed,Does not apply
Brent,Kingsbury Green Primary School,Primary,Local authority maintained schools,626,573,23.2,Mixed,Does not apply
Brent,Leopold Primary School,Primary,Local authority maintained schools,630,543,39.8,Mixed,Does not apply
Brent,Lyon Park Primary School,Primary,Local authority maintained schools,920,901,11.7,Mixed,Does not apply
Brent,Malorees Infant School,Primary,Local authority maintained schools,250,191,16.7,Mixed,Does not apply
Brent,Northview Junior and Infant School,Primary,Local authority maintained schools,225,218,44.1,Mixed,Does not apply
Brent,Park Lane Primary School,Primary,Local authority maintained schools,480,456,20.7,Mixed,Does not apply
Brent,Preston Park Primary School,Primary,Local authority maintained schools,796,608,18.4,Mixed,Does not apply
Brent,Roe Green Junior School,Primary,Local authority maintained schools,480,476,16.2,Mixed,Does not apply
Brent,Roe Green Infant School,Primary,Local authority maintained schools,480,437,8.3,Mixed,Does not apply
Brent,Barham Primary School,Primary,Local authority maintained schools,930,926,14.7,Mixed,Does not apply
Brent,Wykeham Primary School,Primary,Local authority maintained schools,449,451,28.2,Mixed,Does not apply
Brent,Elsley Primary School,Primary,Local authority maintained schools,840,808,20.1,Mixed,Does not apply
Brent,Donnington Primary School,Primary,Local authority maintained schools,210,224,39.5,Mixed,Does not apply
Brent,The Stonebridge School,Primary,Local authority maintained schools,660,352,51.3,Mixed,Does not apply
Brent,Newfield Primary School,Primary,Local authority maintained schools,460,246,51.3,Mixed,Does not apply
Brent,Mitchell Brook Primary School,Primary,Local authority maintained schools,690,638,39.4,Mixed,Does not apply
Brent,Chalkhill Primary School,Primary,Local authority maintained schools,472,447,31.7,Mixed,Does not apply
Brent,Salusbury Primary School,Primary,Local authority maintained schools,680,652,20.3,Mixed,Does not apply
Brent,Oliver Goldsmith Primary School,Primary,Local authority maintained schools,420,455,16.5,Mixed,Does not apply
Brent,Mora Primary School,Primary,Local authority maintained schools,420,430,31.2,Mixed,Does not apply
Brent,Fryent Primary School,Primary,Local authority maintained schools,840,689,20.9,Mixed,Does not apply
Brent,Christ Church CofE Primary School,Primary,Local authority maintained schools,236,163,28.8,Mixed,Church of England
Brent,John Keble CofE Primary School,Primary,Local authority maintained schools,450,402,30.6,Mixed,Church of England
Brent,Princess Frederica CofE Primary School,Primary,Local authority maintained schools,450,439,6.3,Mixed,Church of England
Brent,St Mary's CofE Primary School,Primary,Local authority maintained schools,355,187,48.9,Mixed,Church of England
Brent,St Joseph's Catholic Junior School,Primary,Local authority maintained schools,280,274,9.5,Mixed,Roman Catholic
Brent,St Mary Magdalen's Catholic Junior School,Primary,Local authority maintained schools,360,241,28.6,Mixed,Roman Catholic
Brent,St Robert Southwell Catholic Primary School,Primary,Local authority maintained schools,420,452,8.8,Mixed,Roman Catholic
Brent,Convent of Jesus and Mary RC Infant School,Primary,Local authority maintained schools,270,205,27.7,Mixed,Roman Catholic
Brent,Our Lady of Lourdes Catholic Primary School,Primary,Local authority maintained schools,240,227,33.6,Mixed,Roman Catholic
Brent,St Joseph's Catholic Infant School,Primary,Local authority maintained schools,270,254,6.3,Mixed,Roman Catholic
Brent,Sinai Jewish Primary School,Primary,Local authority maintained schools,690,645,3.6,Mixed,Jewish
Brent,Malorees Junior School,Primary,Local authority maintained schools,240,219,24.7,Mixed,None
Brent,St Joseph's Roman Catholic Primary School,Primary,Local authority maintained schools,510,485,23.5,Mixed,Roman Catholic
Brent,The Kilburn Park School Foundation,Primary,Local authority maintained schools,240,62,40.3,Mixed,None
Brent,Newman Catholic College,Secondary,Local authority maintained schools,1000,677,35.0,Boys,Roman Catholic
Harrow,Buckingham Preparatory School,Not applicable,Independent schools,140,107,0,Boys,None
Brent,Buxlow School,Not applicable,Independent schools,140,40,0,Mixed,None
Brent,St Christopher's Prep School,Not applicable,Independent schools,135,108,0,Mixed,None
Ealing,"Ysgol Gymraeg Llundain, London Welsh School",Not applicable,Independent schools,40,8,0,Mixed,None
Brent,Islamia Primary School,Primary,Local authority maintained schools,420,418,28.9,Mixed,Muslim
Brent,Islamia School for Girls',Not applicable,Independent schools,180,119,0,Girls,Islam
Brent,Al-Sadiq School,Not applicable,Independent schools,350,136,0,Mixed,None
Brent,Phoenix Arch School,Not applicable,Special schools,55,55,36.4,Mixed,Does not apply
Bromley,Edgebury Primary School,Primary,Local authority maintained schools,420,404,9.4,Mixed,Does not apply
Bromley,Poverest Primary School,Primary,Local authority maintained schools,440,435,23.0,Mixed,Does not apply
Bromley,St Olave's and St Saviour's Grammar School,Secondary,Local authority maintained schools,838,1085,4.5,Boys,Church of England
Bromley,Babington House School,Not applicable,Independent schools,534,488,0,Mixed,Christian
Bromley,Bickley Park School,Not applicable,Independent schools,425,304,0,Mixed,None
Bromley,Breaside Preparatory School,Not applicable,Independent schools,483,444,0,Mixed,None
Bromley,Farringtons School,Not applicable,Independent schools,732,660,0,Mixed,Methodist
Bromley,St Christophers The Hall School,Not applicable,Independent schools,312,220,0,Mixed,None
Bromley,St David's Prep,Not applicable,Independent schools,208,207,0,Mixed,None
Bromley,Bromley High School GDST,Not applicable,Independent schools,962,917,0,Girls,None
Bromley,Eltham College,Not applicable,Independent schools,1100,1075,0,Mixed,Free Church
Bromley,Darul Uloom London School,Not applicable,Independent schools,155,137,0,Boys,None
Croydon,Crosfield Nursery School,Nursery,Local authority maintained schools,0,74,0.0,Mixed,Does not apply
Croydon,Purley Nursery School,Nursery,Local authority maintained schools,0,85,0.0,Mixed,Does not apply
Croydon,Tunstall Nursery School,Nursery,Local authority maintained schools,0,80,0.0,Mixed,Does not apply
Croydon,Beulah Junior School,Primary,Local authority maintained schools,360,223,50.7,Mixed,Does not apply
Croydon,Elmwood Junior School,Primary,Local authority maintained schools,480,476,38.2,Mixed,Does not apply
Croydon,Elmwood Infant School,Primary,Local authority maintained schools,412,380,30.5,Mixed,Does not apply
Croydon,Howard Primary School,Primary,Local authority maintained schools,420,408,30.6,Mixed,Does not apply
Croydon,Purley Oaks Primary School,Primary,Local authority maintained schools,660,651,32.0,Mixed,Does not apply
Croydon,Winterbourne Junior Girls' School,Primary,Local authority maintained schools,328,255,39.6,Girls,Does not apply
Croydon,Winterbourne Nursery and Infants' School,Primary,Local authority maintained schools,450,415,31.7,Mixed,Does not apply
Croydon,Beaumont Primary School,Primary,Local authority maintained schools,222,212,13.7,Mixed,Does not apply
Croydon,Gresham Primary School,Primary,Local authority maintained schools,246,238,3.8,Mixed,Does not apply
Croydon,Smitham Primary School,Primary,Local authority maintained schools,660,637,15.7,Mixed,Does not apply
Croydon,The Hayes Primary School,Primary,Local authority maintained schools,420,416,6.3,Mixed,Does not apply
Croydon,Forestdale Primary School,Primary,Local authority maintained schools,420,418,19.6,Mixed,Does not apply
Croydon,Heavers Farm Primary School,Primary,Local authority maintained schools,862,291,34.3,Mixed,Does not apply
Croydon,Downsview Primary and Nursery School,Primary,Local authority maintained schools,630,632,17.7,Mixed,Does not apply
Croydon,Park Hill Infant School,Primary,Local authority maintained schools,270,268,14.6,Mixed,Does not apply
Croydon,Greenvale Primary School,Primary,Local authority maintained schools,218,214,9.3,Mixed,Does not apply
Croydon,Rockmount Primary School,Primary,Local authority maintained schools,500,449,19.4,Mixed,Does not apply
Croydon,Norbury Manor Primary School,Primary,Local authority maintained schools,448,417,30.3,Mixed,Does not apply
Croydon,All Saints CofE Primary School,Primary,Local authority maintained schools,266,207,55.7,Mixed,Church of England
Croydon,St John's CofE Primary School,Primary,Local authority maintained schools,420,419,7.9,Mixed,Church of England
Croydon,Coulsdon CofE Primary School,Primary,Local authority maintained schools,210,197,9.1,Mixed,Church of England
Croydon,Christ Church CofE Primary School (Purley),Primary,Local authority maintained schools,420,403,24.8,Mixed,Church of England
Croydon,St Joseph's RC Junior School,Primary,Local authority maintained schools,240,194,36.6,Mixed,Roman Catholic
Croydon,Margaret Roper Catholic Primary School,Primary,Local authority maintained schools,226,214,14.5,Mixed,Roman Catholic
Croydon,St Joseph's RC Infant School,Primary,Local authority maintained schools,210,153,27.8,Mixed,Roman Catholic
Croydon,Archbishop Tenison's CofE High School,Secondary,Local authority maintained schools,800,784,35.8,Mixed,Church of England
Croydon,St Mary's Catholic High School,Secondary,Local authority maintained schools,1115,564,38.3,Mixed,Roman Catholic
Croydon,Selsdon Primary and Nursery School,Primary,Local authority maintained schools,670,319,26.9,Mixed,None
Croydon,Thomas More Catholic School,Secondary,Local authority maintained schools,850,631,39.2,Mixed,Roman Catholic
Croydon,Cumnor House School,Not applicable,Independent schools,518,370,0,Boys,None
Croydon,Elmhurst School Ltd,Not applicable,Independent schools,272,101,0,Mixed,None
Croydon,Laleham Lea School,Not applicable,Independent schools,172,127,0,Mixed,Catholic
Croydon,Royal Russell School,Not applicable,Independent schools,1350,1263,0,Mixed,None
Croydon,Whitgift School,Not applicable,Independent schools,1600,1517,0,Boys,None
Croydon,St David's School,Not applicable,Independent schools,172,146,0,Mixed,Church of England
Croydon,Trinity School,Not applicable,Independent schools,1060,1049,0,Mixed,None
Croydon,Rutherford School,Not applicable,Special schools,34,32,0,Mixed,None
Croydon,Croydon High School,Not applicable,Independent schools,850,823,0,Girls,None
Croydon,BRIT School for Performing Arts and Technology,Not applicable,Independent schools,1450,1447,16.7,Mixed,None
Croydon,Bensham Manor School,Not applicable,Special schools,244,242,55.5,Mixed,Does not apply
Croydon,St Giles School,Not applicable,Special schools,114,115,45.4,Mixed,Does not apply
Croydon,St Nicholas School,Not applicable,Special schools,265,274,41.6,Mixed,Does not apply
Croydon,Red Gates School,Not applicable,Special schools,160,160,48.8,Mixed,Does not apply
Croydon,Priory School,Not applicable,Special schools,139,138,50.6,Mixed,Does not apply
Ealing,Maples Nursery School and Children's Centre,Nursery,Local authority maintained schools,0,83,0.0,Mixed,Does not apply
Ealing,Grove House Nursery School & Children's Centre,Nursery,Local authority maintained schools,0,134,0.0,Mixed,Does not apply
Ealing,South Acton Childrens Centre,Nursery,Local authority maintained schools,0,120,0.0,Mixed,Does not apply
Ealing,Greenfields Nursery School and Children's Centre,Nursery,Local authority maintained schools,0,137,0.0,Mixed,Does not apply
Ealing,Acton Gardens Primary School,Primary,Local authority maintained schools,450,388,44.3,Mixed,Does not apply
Ealing,East Acton Primary School,Primary,Local authority maintained schools,240,216,42.6,Mixed,Does not apply
Ealing,Oldfield Primary School,Primary,Local authority maintained schools,440,311,38.7,Mixed,Does not apply
Ealing,North Ealing Primary School,Primary,Local authority maintained schools,682,653,12.6,Mixed,Does not apply
Ealing,St John's Primary School,Primary,Local authority maintained schools,730,476,35.5,Mixed,Does not apply
Ealing,St Mark's Primary School,Primary,Local authority maintained schools,532,469,23.1,Mixed,Does not apply
Ealing,West Twyford Primary School,Primary,Local authority maintained schools,470,456,37.7,Mixed,Does not apply
Ealing,West Acton Primary School,Primary,Local authority maintained schools,666,669,34.4,Mixed,Does not apply
Ealing,Mayfield Primary School,Primary,Local authority maintained schools,450,441,27.5,Mixed,Does not apply
Ealing,Beaconsfield Primary and Nursery School,Primary,Local authority maintained schools,474,469,24.0,Mixed,Does not apply
Ealing,Coston Primary School,Primary,Local authority maintained schools,470,454,39.2,Mixed,Does not apply
Ealing,Downe Manor Primary School,Primary,Local authority maintained schools,420,268,35.3,Mixed,Does not apply
Ealing,Drayton Green Primary School,Primary,Local authority maintained schools,420,296,43.0,Mixed,Does not apply
Ealing,North Primary School,Primary,Local authority maintained schools,420,387,23.5,Mixed,Does not apply
Ealing,Ravenor Primary School,Primary,Local authority maintained schools,682,654,34.0,Mixed,Does not apply
Ealing,Selborne Primary School,Primary,Local authority maintained schools,630,654,28.1,Mixed,Does not apply
Ealing,Hambrough Primary School,Primary,Local authority maintained schools,520,460,23.1,Mixed,Does not apply
Ealing,Hobbayne Primary School,Primary,Local authority maintained schools,446,347,30.9,Mixed,Does not apply
Ealing,John Perryn Primary School,Primary,Local authority maintained schools,472,439,46.7,Mixed,Does not apply
Ealing,Southfield Primary School,Primary,Local authority maintained schools,480,377,17.5,Mixed,Does not apply
Ealing,Allenby Primary School,Primary,Local authority maintained schools,270,244,39.4,Mixed,Does not apply
Ealing,Blair Peach Primary School,Primary,Local authority maintained schools,420,391,27.5,Mixed,Does not apply
Ealing,Clifton Primary School,Primary,Local authority maintained schools,472,425,34.2,Mixed,Does not apply
Ealing,Dairy Meadow Primary School,Primary,Local authority maintained schools,498,401,30.3,Mixed,Does not apply
Ealing,Derwentwater Primary School,Primary,Local authority maintained schools,500,429,36.9,Mixed,Does not apply
Ealing,Durdans Park Primary School,Primary,Local authority maintained schools,420,407,19.3,Mixed,Does not apply
Ealing,Fielding Primary School,Primary,Local authority maintained schools,1030,1018,7.0,Mixed,Does not apply
Ealing,Gifford Primary School,Primary,Local authority maintained schools,944,911,36.8,Mixed,Does not apply
Ealing,Greenwood Primary School,Primary,Local authority maintained schools,650,645,34.2,Mixed,Does not apply
Ealing,"Havelock Primary School, Nursery & Arp",Primary,Local authority maintained schools,447,409,33.7,Mixed,Does not apply
Ealing,Horsenden Primary School,Primary,Local authority maintained schools,682,653,17.5,Mixed,Does not apply
Ealing,Willow Tree Primary School,Primary,Local authority maintained schools,489,450,42.4,Mixed,Does not apply
Ealing,Lady Margaret Primary School,Primary,Local authority maintained schools,630,481,25.5,Mixed,Does not apply
Ealing,Little Ealing Primary School,Primary,Local authority maintained schools,682,674,5.9,Mixed,Does not apply
Ealing,Oaklands Primary School,Primary,Local authority maintained schools,472,449,20.8,Mixed,Does not apply
Ealing,Perivale Primary School,Primary,Local authority maintained schools,472,452,29.1,Mixed,Does not apply
Ealing,Stanhope Primary School,Primary,Local authority maintained schools,500,365,31.5,Mixed,Does not apply
Ealing,Viking Primary School,Primary,Local authority maintained schools,210,215,44.0,Mixed,Does not apply
Ealing,Wolf Fields Primary School,Primary,Local authority maintained schools,235,203,34.1,Mixed,Does not apply
Ealing,Featherstone Primary and Nursery School,Primary,Local authority maintained schools,630,676,27.7,Mixed,Does not apply
Ealing,Three Bridges Primary School,Primary,Local authority maintained schools,446,422,29.5,Mixed,Does not apply
Ealing,Montpelier Primary School,Primary,Local authority maintained schools,656,652,17.3,Mixed,Does not apply
Ealing,Tudor Primary School,Primary,Local authority maintained schools,460,416,31.2,Mixed,Does not apply
Ealing,Vicar's Green Primary School,Primary,Local authority maintained schools,420,444,20.9,Mixed,Does not apply
Ealing,Mount Carmel Catholic Primary School,Primary,Local authority maintained schools,446,416,9.6,Mixed,Roman Catholic
Ealing,Our Lady of the Visitation Catholic Primary School,Primary,Local authority maintained schools,472,412,24.4,Mixed,Roman Catholic
Ealing,St John Fisher Catholic Primary School,Primary,Local authority maintained schools,420,391,15.0,Mixed,Roman Catholic
Ealing,St Anselm's Catholic Primary School,Primary,Local authority maintained schools,262,231,35.5,Mixed,Roman Catholic
Ealing,St Gregory's Catholic Primary School,Primary,Local authority maintained schools,656,367,19.9,Mixed,Roman Catholic
Ealing,St Joseph's Catholic Primary School,Primary,Local authority maintained schools,600,576,14.3,Mixed,Roman Catholic
Ealing,St Raphael's Catholic Primary School,Primary,Local authority maintained schools,532,475,15.5,Mixed,Roman Catholic
Ealing,St Vincent's Catholic Primary School,Primary,Local authority maintained schools,420,451,21.2,Mixed,Roman Catholic
Ealing,The Edward Betham Church of England Primary School,Primary,Local authority maintained schools,420,410,19.4,Mixed,Church of England
Ealing,Villiers High School,Secondary,Local authority maintained schools,1500,1445,34.8,Mixed,None
Ealing,The Cardinal Wiseman Catholic School,Secondary,Local authority maintained schools,1865,1994,14.8,Mixed,Roman Catholic
Ealing,Brentside High School,Secondary,Local authority maintained schools,1600,1589,45.0,Mixed,None
Ealing,Greenford High School,Secondary,Local authority maintained schools,2000,2015,39.4,Mixed,None
Ealing,The Ellen Wilkinson School for Girls,Secondary,Local authority maintained schools,1480,1290,30.9,Girls,None
Ealing,Islip Manor High School,Secondary,Local authority maintained schools,1100,858,37.7,Mixed,None
Ealing,Durston House School,Not applicable,Independent schools,440,369,0,Mixed,None
Ealing,St Augustine's Priory,Not applicable,Independent schools,513,367,0,Girls,None
Ealing,St Benedict's School,Not applicable,Independent schools,1255,1135,0,Mixed,Roman Catholic
Ealing,The Sybil Elgar School,Not applicable,Special schools,120,87,0,Mixed,None
Ealing,Notting Hill & Ealing High School GDST,Not applicable,Independent schools,950,930,0,Girls,None
Ealing,Clifton Lodge School,Not applicable,Independent schools,160,116,0,Mixed,None
Ealing,The Japanese School,Not applicable,Independent schools,400,275,0,Mixed,None
Haringey,Greek Secondary School of London,Not applicable,Independent schools,98,21,0,Mixed,None
Ealing,Avenue House School,Not applicable,Independent schools,142,67,0,Mixed,None
Hillingdon,The Eden School,Not applicable,Independent schools,100,36,0,Mixed,None
Ealing,Belvue School,Not applicable,Special schools,227,230,55.9,Mixed,Does not apply
Ealing,Castlebar School,Not applicable,Special schools,184,184,47.3,Mixed,Does not apply
Ealing,Mandeville School,Not applicable,Special schools,150,189,37.1,Mixed,Does not apply
Ealing,John Chilton School,Not applicable,Special schools,160,157,52.1,Mixed,Does not apply
Ealing,Springhallow School,Not applicable,Special schools,170,164,51.5,Mixed,Does not apply
Ealing,St Ann's School,Not applicable,Special schools,124,124,55.3,Mixed,Does not apply
Enfield,Orchardside School,Not applicable,Local authority maintained schools,0,51,56.9,Mixed,Does not apply
Enfield,Capel Manor Primary School,Primary,Local authority maintained schools,356,325,52.6,Mixed,Does not apply
Enfield,Carterhatch Infant School,Primary,Local authority maintained schools,310,305,47.6,Mixed,Does not apply
Enfield,Chase Side Primary School,Primary,Local authority maintained schools,450,382,37.0,Mixed,Does not apply
Enfield,Firs Farm Primary School,Primary,Local authority maintained schools,630,555,27.7,Mixed,Does not apply
Enfield,Garfield Primary School,Primary,Local authority maintained schools,446,273,43.4,Mixed,Does not apply
Enfield,George Spicer Primary School,Primary,Local authority maintained schools,840,785,32.6,Mixed,Does not apply
Enfield,Hadley Wood Primary School,Primary,Local authority maintained schools,210,205,5.9,Mixed,Does not apply
Enfield,Hazelwood Junior School,Primary,Local authority maintained schools,360,356,21.1,Mixed,Does not apply
Enfield,Hazelwood Infant School,Primary,Local authority maintained schools,360,353,14.1,Mixed,Does not apply
Enfield,Prince of Wales Primary School,Primary,Local authority maintained schools,690,552,49.7,Mixed,Does not apply
Enfield,The Raglan Junior School,Primary,Local authority maintained schools,480,481,19.5,Mixed,Does not apply
Enfield,Raglan Infant School,Primary,Local authority maintained schools,360,445,12.5,Mixed,Does not apply
Enfield,Suffolks Primary School,Primary,Local authority maintained schools,240,182,54.5,Mixed,Does not apply
Enfield,Tottenhall Infant School,Primary,Local authority maintained schools,240,223,39.0,Mixed,Does not apply
Enfield,Southbury Primary School,Primary,Local authority maintained schools,480,381,35.2,Mixed,Does not apply
Enfield,Bush Hill Park Primary School,Primary,Local authority maintained schools,630,464,50.0,Mixed,Does not apply
Enfield,St Michael at Bowes CofE Junior School,Primary,Local authority maintained schools,360,272,30.9,Mixed,Church of England
Enfield,St John's CofE Primary School,Primary,Local authority maintained schools,120,104,13.0,Mixed,Church of England
Enfield,Forty Hill CofE Primary School,Primary,Local authority maintained schools,234,221,17.0,Mixed,Church of England
Enfield,St Andrew's CofE Primary School,Primary,Local authority maintained schools,420,396,14.4,Mixed,Church of England
Enfield,St Andrew's Southgate Primary School (CE),Primary,Local authority maintained schools,210,198,19.2,Mixed,Church of England
Enfield,Freezywater St George's CofE VA Primary School,Primary,Local authority maintained schools,226,218,29.8,Mixed,Church of England
Enfield,St John and St James CofE Primary School,Primary,Local authority maintained schools,440,249,41.9,Mixed,Church of England
Enfield,St James CofE Primary School,Primary,Local authority maintained schools,210,173,46.8,Mixed,Church of England
Enfield,St Michael's CofE Primary School,Primary,Local authority maintained schools,450,436,17.9,Mixed,Church of England
Enfield,St Paul's CofE Primary School,Primary,Local authority maintained schools,420,420,1.9,Mixed,Church of England
Enfield,St Mary's Catholic Primary School,Primary,Local authority maintained schools,420,346,39.2,Mixed,Roman Catholic
Enfield,St Edmund's Catholic Primary School,Primary,Local authority maintained schools,436,393,41.5,Mixed,Roman Catholic
Enfield,St George's Catholic Primary School,Primary,Local authority maintained schools,510,535,12.3,Mixed,Roman Catholic
Enfield,St Monica's RC Primary School,Primary,Local authority maintained schools,452,429,6.5,Mixed,Roman Catholic
Enfield,Our Lady of Lourdes Catholic Primary School,Primary,Local authority maintained schools,210,184,19.1,Mixed,Roman Catholic
Enfield,Latymer All Saints CofE Primary School,Primary,Local authority maintained schools,720,524,35.1,Mixed,Church of England
Enfield,Winchmore School,Secondary,Local authority maintained schools,1433,1788,27.7,Mixed,Does not apply
Enfield,Enfield County School for Girls,Secondary,Local authority maintained schools,1167,1015,34.0,Girls,Does not apply
Enfield,Chace Community School,Secondary,Local authority maintained schools,1000,966,41.6,Mixed,Does not apply
Enfield,Bishop Stopford's School,Secondary,Local authority maintained schools,1165,612,46.6,Mixed,Church of England
Enfield,St Anne's Catholic High School for Girls,Secondary,Local authority maintained schools,1056,1020,29.4,Girls,Roman Catholic
Enfield,St Matthew's CofE Primary School,Primary,Local authority maintained schools,210,193,44.6,Mixed,Church of England
Enfield,The Latymer School,Secondary,Local authority maintained schools,1438,1374,8.4,Mixed,None
Enfield,Laurel Park School,Secondary,Local authority maintained schools,800,539,42.2,Mixed,None
Enfield,St Ignatius College,Secondary,Local authority maintained schools,1229,999,31.2,Boys,Roman Catholic
Enfield,Keble Preparatory School,Not applicable,Independent schools,256,190,0,Mixed,None
Enfield,Palmers Green High School,Not applicable,Independent schools,287,208,0,Girls,None
Enfield,Grange Park Preparatory School,Not applicable,Independent schools,144,119,0,Mixed,None
Enfield,Salcombe Preparatory School,Not applicable,Independent schools,250,222,0,Mixed,None
Enfield,Vita Et Pax School,Not applicable,Independent schools,195,75,0,Mixed,Catholic
Enfield,St John's Preparatory and Senior School,Not applicable,Independent schools,558,497,0,Mixed,None
Enfield,Durants School,Not applicable,Special schools,200,200,59.2,Mixed,Does not apply
Enfield,West Lea School,Not applicable,Special schools,430,505,57.9,Mixed,Does not apply
Enfield,Oaktree School,Not applicable,Special schools,95,143,49.0,Mixed,Does not apply
Enfield,Waverley School,Not applicable,Special schools,0,165,63.0,Mixed,Does not apply
Haringey,Pembury House Nursery School,Nursery,Local authority maintained schools,0,136,0.0,Mixed,Does not apply
Haringey,Rowland Hill Nursery School,Nursery,Local authority maintained schools,0,117,0.0,Mixed,Does not apply
Haringey,Woodlands Park Nursery School and Childrens Centre,Nursery,Local authority maintained schools,0,139,0.0,Mixed,Does not apply
Haringey,Belmont Junior School,Primary,Local authority maintained schools,240,219,14.6,Mixed,Does not apply
Haringey,Belmont Infant School,Primary,Local authority maintained schools,230,216,8.2,Mixed,Does not apply
Haringey,Bounds Green Junior School,Primary,Local authority maintained schools,360,351,21.9,Mixed,Does not apply
Haringey,Bounds Green Infant School,Primary,Local authority maintained schools,330,318,12.0,Mixed,Does not apply
Haringey,Campsbourne Junior School,Primary,Local authority maintained schools,240,210,20.0,Mixed,Does not apply
Haringey,Campsbourne Infant School,Primary,Local authority maintained schools,205,192,11.0,Mixed,Does not apply
Haringey,The Devonshire Hill Nursery & Primary School,Primary,Local authority maintained schools,468,378,42.8,Mixed,Does not apply
Haringey,Earlsmead Primary School,Primary,Local authority maintained schools,500,479,40.9,Mixed,Does not apply
Haringey,Highgate Primary School,Primary,Local authority maintained schools,462,461,12.0,Mixed,Does not apply
Haringey,Lancasterian Primary School,Primary,Local authority maintained schools,459,423,42.5,Mixed,Does not apply
Haringey,Coldfall Primary School,Primary,Local authority maintained schools,670,683,9.0,Mixed,Does not apply
Haringey,Tetherdown Primary School,Primary,Local authority maintained schools,420,392,4.3,Mixed,Does not apply
Haringey,Rokesly Junior School,Primary,Local authority maintained schools,360,301,22.3,Mixed,Does not apply
Haringey,Rokesly Infant & Nursery School,Primary,Local authority maintained schools,322,221,7.1,Mixed,Does not apply
Haringey,South Harringay Junior School,Primary,Local authority maintained schools,270,218,14.7,Mixed,Does not apply
Haringey,South Harringay Infant School,Primary,Local authority maintained schools,180,214,7.8,Mixed,Does not apply
Haringey,West Green Primary School,Primary,Local authority maintained schools,218,208,31.3,Mixed,Does not apply
Haringey,Coleridge Primary School,Primary,Local authority maintained schools,879,865,8.9,Mixed,Does not apply
Haringey,Welbourne Primary School,Primary,Local authority maintained schools,620,429,54.5,Mixed,Does not apply
Haringey,Lea Valley Primary School,Primary,Local authority maintained schools,450,402,31.1,Mixed,Does not apply
Haringey,Ferry Lane Primary School,Primary,Local authority maintained schools,210,159,26.8,Mixed,Does not apply
Haringey,Rhodes Avenue Primary School,Primary,Local authority maintained schools,700,688,4.5,Mixed,Does not apply
Haringey,Crowland Primary School,Primary,Local authority maintained schools,420,413,26.9,Mixed,Does not apply
Haringey,Weston Park Primary School,Primary,Local authority maintained schools,236,218,15.0,Mixed,Does not apply
Haringey,The Willow Primary School,Primary,Local authority maintained schools,483,486,34.3,Mixed,Does not apply
Haringey,St Aidan's Voluntary Controlled Primary School,Primary,Local authority maintained schools,240,220,16.5,Mixed,Church of England
Haringey,St Michael's CofE Voluntary Aided Primary School,Primary,Local authority maintained schools,420,436,6.9,Mixed,Church of England
Haringey,St James Church of England Primary School,Primary,Local authority maintained schools,236,190,7.4,Mixed,Church of England
Haringey,St Mary's CofE Primary School,Primary,Local authority maintained schools,570,346,35.8,Mixed,Church of England
Haringey,Our Lady of Muswell Catholic Primary School,Primary,Local authority maintained schools,420,418,16.0,Mixed,Roman Catholic
Haringey,St Francis de Sales RC Junior School,Primary,Local authority maintained schools,240,266,42.9,Mixed,Roman Catholic
Haringey,St Ignatius RC Primary School,Primary,Local authority maintained schools,386,199,22.1,Mixed,Roman Catholic
Haringey,St Paul's Catholic Primary School,Primary,Local authority maintained schools,210,161,19.3,Mixed,Roman Catholic
Haringey,St Francis de Sales RC Infant School,Primary,Local authority maintained schools,180,194,35.1,Mixed,Roman Catholic
Haringey,St Martin of Porres Catholic Primary School,Primary,Local authority maintained schools,210,117,17.1,Mixed,Roman Catholic
Haringey,St John Vianney RC Primary School,Primary,Local authority maintained schools,210,231,28.6,Mixed,Roman Catholic
Haringey,Hornsey School for Girls,Secondary,Local authority maintained schools,810,663,29.4,Girls,Does not apply
Haringey,Highgate Wood Secondary School,Secondary,Local authority maintained schools,1465,1543,20.5,Mixed,Does not apply
Haringey,Fortismere School,Secondary,Local authority maintained schools,1655,1765,13.4,Mixed,None
Haringey,Gladesmore Community School,Secondary,Local authority maintained schools,1215,1236,50.0,Mixed,Does not apply
Haringey,Channing School,Not applicable,Independent schools,1040,1015,0,Girls,None
Haringey,Highgate School,Not applicable,Independent schools,1970,1946,0,Mixed,Christian
Haringey,Norfolk House School,Not applicable,Independent schools,260,211,0,Mixed,None
Hackney,Beis Chinuch Lebonos Girls School,Not applicable,Independent schools,850,790,0,Girls,Orthodox Jewish
Haringey,Blanche Nevile School,Not applicable,Special schools,68,84,43.4,Mixed,Does not apply
Haringey,Vale School,Not applicable,Special schools,120,118,45.7,Mixed,Does not apply
Haringey,The Brook Special Primary School,Not applicable,Special schools,139,138,63.0,Mixed,Does not apply
Haringey,Riverside School,Not applicable,Special schools,175,173,62.1,Mixed,Does not apply
Harrow,The Helix Education Centre,Not applicable,Local authority maintained schools,0,36,44.4,Mixed,Does not apply
Harrow,"Newton Farm Nursery, Infant and Junior School",Primary,Local authority maintained schools,420,453,6.2,Mixed,Does not apply
Harrow,Roxeth Primary School,Primary,Local authority maintained schools,420,405,20.0,Mixed,Does not apply
Harrow,Marlborough Primary School,Primary,Local authority maintained schools,712,648,15.3,Mixed,Does not apply
Harrow,Grimsdyke School,Primary,Local authority maintained schools,630,628,7.2,Mixed,Does not apply
Harrow,Camrose Primary With Nursery,Primary,Local authority maintained schools,430,423,22.3,Mixed,Does not apply
Harrow,Belmont School,Primary,Local authority maintained schools,682,643,23.4,Mixed,Does not apply
Harrow,Kenmore Park Junior School,Primary,Local authority maintained schools,420,323,29.4,Mixed,Does not apply
Harrow,Longfield Primary School,Primary,Local authority maintained schools,840,670,13.9,Mixed,Does not apply
Harrow,Grange Primary School,Primary,Local authority maintained schools,476,446,29.2,Mixed,Does not apply
Harrow,Cannon Lane Primary School,Primary,Local authority maintained schools,840,734,5.3,Mixed,Does not apply
Harrow,Pinner Park Primary School,Primary,Local authority maintained schools,892,875,12.1,Mixed,Does not apply
Harrow,Stag Lane Primary School,Primary,Local authority maintained schools,916,874,12.8,Mixed,Does not apply
Harrow,Elmgrove Primary School & Nursery,Primary,Local authority maintained schools,870,802,17.5,Mixed,Does not apply
Harrow,Kenmore Park Infant and Nursery School,Primary,Local authority maintained schools,322,297,15.9,Mixed,Does not apply
Harrow,Roxbourne Primary School,Primary,Local authority maintained schools,630,474,15.2,Mixed,Does not apply
Harrow,Stanburn Primary School,Primary,Local authority maintained schools,780,676,15.7,Mixed,Does not apply
Harrow,Weald Rise Primary School,Primary,Local authority maintained schools,476,380,26.1,Mixed,Does not apply
Harrow,West Lodge Primary School,Primary,Local authority maintained schools,648,640,5.8,Mixed,Does not apply
Harrow,Norbury School,Primary,Local authority maintained schools,640,663,18.5,Mixed,Does not apply
Harrow,Vaughan Primary School,Primary,Local authority maintained schools,630,676,17.6,Mixed,Does not apply
Harrow,Glebe Primary School,Primary,Local authority maintained schools,682,580,9.4,Mixed,Does not apply
Harrow,St Anselm's Catholic Primary School,Primary,Local authority maintained schools,420,414,6.5,Mixed,Roman Catholic
Harrow,St Teresa's Catholic Primary School and Nursery,Primary,Local authority maintained schools,472,429,19.9,Mixed,Roman Catholic
Harrow,Whitmore High School,Secondary,Local authority maintained schools,1750,1739,31.1,Mixed,Does not apply
Harrow,Harrow School,Not applicable,Independent schools,837,831,0,Boys,Church of England
Harrow,The John Lyon School,Not applicable,Independent schools,900,832,0,Mixed,None
Harrow,Orley Farm School,Not applicable,Independent schools,500,496,0,Mixed,None
Harrow,Alpha Preparatory School,Not applicable,Independent schools,175,129,0,Mixed,None
Harrow,Reddiford School,Not applicable,Independent schools,350,221,0,Mixed,Church of England
Harrow,North London Collegiate School,Not applicable,Independent schools,1130,1102,0,Girls,None
Harrow,Shaftesbury High School,Not applicable,Special schools,175,171,47.2,Mixed,Does not apply
Havering,The James Oglethorpe Primary School,Primary,Local authority maintained schools,420,396,11.6,Mixed,Does not apply
Havering,Harold Wood Primary School,Primary,Local authority maintained schools,654,641,15.8,Mixed,Does not apply
Havering,Elm Park Primary School,Primary,Local authority maintained schools,420,416,18.0,Mixed,Does not apply
Havering,Hylands Primary School,Primary,Local authority maintained schools,650,656,21.2,Mixed,Does not apply
Havering,Harold Court Primary School,Primary,Local authority maintained schools,420,386,17.9,Mixed,Does not apply
Havering,Langtons Infant School & Nursery,Primary,Local authority maintained schools,180,198,23.0,Mixed,Does not apply
Havering,Suttons Primary School,Primary,Local authority maintained schools,454,466,10.9,Mixed,Does not apply
Havering,Whybridge Infant School,Primary,Local authority maintained schools,270,270,18.1,Mixed,Does not apply
Havering,Clockhouse Primary School,Primary,Local authority maintained schools,720,707,27.3,Mixed,Does not apply
Havering,Crownfield Junior School,Primary,Local authority maintained schools,480,430,28.8,Mixed,Does not apply
Havering,Crownfield Infant School,Primary,Local authority maintained schools,390,352,20.9,Mixed,Does not apply
Havering,Parklands Primary School,Primary,Local authority maintained schools,930,905,17.0,Mixed,Does not apply
Havering,Squirrels Heath Primary School,Primary,Local authority maintained schools,630,345,22.6,Mixed,Does not apply
Havering,Gidea Park Primary School,Primary,Local authority maintained schools,480,458,8.5,Mixed,Does not apply
Havering,Towers Infant School,Primary,Local authority maintained schools,330,314,4.3,Mixed,Does not apply
Havering,Parsonage Farm Primary School,Primary,Local authority maintained schools,630,559,20.9,Mixed,Does not apply
Havering,Towers Junior School,Primary,Local authority maintained schools,360,352,10.8,Mixed,Does not apply
Havering,Brady Primary School,Primary,Local authority maintained schools,420,399,12.9,Mixed,Does not apply
Havering,Scotts Primary School,Primary,Local authority maintained schools,420,420,8.6,Mixed,Does not apply
Havering,Broadford Primary School,Primary,Local authority maintained schools,630,670,30.4,Mixed,Does not apply
Havering,Newtons Primary School,Primary,Local authority maintained schools,456,455,24.8,Mixed,Does not apply
Havering,Nelmes Primary School,Primary,Local authority maintained schools,420,430,6.0,Mixed,Does not apply
Havering,Mead Primary School,Primary,Local authority maintained schools,840,796,37.1,Mixed,Does not apply
Havering,Rainham Village Primary School,Primary,Local authority maintained schools,450,464,26.6,Mixed,Does not apply
Havering,Hilldene Primary School,Primary,Local authority maintained schools,720,663,23.5,Mixed,Does not apply
Havering,St Edward's Church of England Voluntary Aided Primary School,Primary,Local authority maintained schools,630,662,12.7,Mixed,Church of England
Havering,St Mary's Catholic Primary School,Primary,Local authority maintained schools,420,419,8.1,Mixed,Roman Catholic
Havering,La Salette Catholic Primary School,Primary,Local authority maintained schools,210,211,16.6,Mixed,Roman Catholic
Havering,St Patrick's Catholic Primary School,Primary,Local authority maintained schools,420,406,14.3,Mixed,Roman Catholic
Havering,St Ursula's Catholic Primary School,Primary,Local authority maintained schools,465,439,14.1,Mixed,Roman Catholic
Havering,St Joseph's Catholic Primary School,Primary,Local authority maintained schools,420,411,4.4,Mixed,Roman Catholic
Havering,St Peter's Catholic Primary School,Primary,Local authority maintained schools,420,405,8.6,Mixed,Roman Catholic
Havering,St Alban's Catholic Primary School,Primary,Local authority maintained schools,210,208,13.5,Mixed,Roman Catholic
Havering,Gidea Park Preparatory School and Nursery,Not applicable,Independent schools,210,168,0,Mixed,None
Havering,St Mary's Hare Park School,Not applicable,Independent schools,176,146,0,Mixed,None
Havering,Immanuel School,Not applicable,Independent schools,163,110,0,Mixed,None
Havering,Oakfields Preparatory School,Not applicable,Independent schools,230,218,0,Mixed,Christian
Havering,Corbets Tey School,Not applicable,Special schools,155,158,33.0,Mixed,Does not apply
Hillingdon,McMillan Nursery School,Nursery,Local authority maintained schools,0,174,0.0,Mixed,Does not apply
Hillingdon,Bourne Primary School,Primary,Local authority maintained schools,250,220,16.7,Mixed,Does not apply
Hillingdon,The Breakspear School,Primary,Local authority maintained schools,720,672,6.0,Mixed,Does not apply
Hillingdon,Colham Manor Primary School,Primary,Local authority maintained schools,720,624,31.3,Mixed,Does not apply
Hillingdon,Coteford Infant School,Primary,Local authority maintained schools,250,212,29.7,Mixed,Does not apply
Hillingdon,Deanesfield Primary School,Primary,Local authority maintained schools,568,676,15.1,Mixed,Does not apply
Hillingdon,Field End Infant School,Primary,Local authority maintained schools,345,301,17.3,Mixed,Does not apply
Hillingdon,Glebe Primary School,Primary,Local authority maintained schools,690,620,8.4,Mixed,Does not apply
Hillingdon,Harefield Junior School,Primary,Local authority maintained schools,240,201,28.4,Mixed,Does not apply
Hillingdon,Harefield Infant School,Primary,Local authority maintained schools,204,170,12.3,Mixed,Does not apply
Hillingdon,Harlyn Primary School,Primary,Local authority maintained schools,420,401,13.7,Mixed,Does not apply
Hillingdon,Harmondsworth Primary School,Primary,Local authority maintained schools,230,208,24.7,Mixed,Does not apply
Hillingdon,Heathrow Primary School,Primary,Local authority maintained schools,0,412,21.7,Mixed,Does not apply
Hillingdon,Lady Bankes Primary School,Primary,Local authority maintained schools,630,642,18.8,Mixed,Does not apply
Hillingdon,Minet Junior School,Primary,Local authority maintained schools,480,381,40.9,Mixed,Does not apply
Hillingdon,Minet Infant and Nursery School,Primary,Local authority maintained schools,480,406,36.9,Mixed,Does not apply
Hillingdon,Newnham Junior School,Primary,Local authority maintained schools,360,357,9.2,Mixed,Does not apply
Hillingdon,Newnham Infant and Nursery School,Primary,Local authority maintained schools,270,296,5.4,Mixed,Does not apply
Hillingdon,Whitehall Junior School,Primary,Local authority maintained schools,480,405,29.9,Mixed,Does not apply
Hillingdon,Whiteheath Junior School,Primary,Local authority maintained schools,360,293,9.9,Mixed,Does not apply
Hillingdon,Yeading Junior School,Primary,Local authority maintained schools,506,443,39.5,Mixed,Does not apply
Hillingdon,Yeading Infant and Nursery School,Primary,Local authority maintained schools,480,444,20.9,Mixed,Does not apply
Hillingdon,Highfield Primary School,Primary,Local authority maintained schools,450,277,29.4,Mixed,Does not apply
Hillingdon,Rabbsfarm Primary School,Primary,Local authority maintained schools,660,650,33.1,Mixed,Does not apply
Hillingdon,Warrender Primary School,Primary,Local authority maintained schools,465,434,6.4,Mixed,Does not apply
Hillingdon,Whitehall Infant School,Primary,Local authority maintained schools,378,348,27.1,Mixed,Does not apply
Hillingdon,Whiteheath Infant & Nursery School,Primary,Local authority maintained schools,270,250,7.4,Mixed,Does not apply
Hillingdon,Frithwood Primary School,Primary,Local authority maintained schools,470,391,11.0,Mixed,Does not apply
Hillingdon,Ruislip Gardens Primary School,Primary,Local authority maintained schools,490,283,23.6,Mixed,Does not apply
Hillingdon,Bishop Winnington-Ingram CofE Primary School,Primary,Local authority maintained schools,230,232,15.7,Mixed,Church of England
Hillingdon,Holy Trinity CofE Primary School,Primary,Local authority maintained schools,210,204,21.7,Mixed,Church of England
Hillingdon,Dr Triplett's CofE Primary School,Primary,Local authority maintained schools,420,451,21.6,Mixed,Church of England
Hillingdon,St Swithun Wells Catholic Primary School,Primary,Local authority maintained schools,240,231,4.1,Mixed,Roman Catholic
Hillingdon,Botwell House Catholic Primary School,Primary,Local authority maintained schools,720,692,29.0,Mixed,Roman Catholic
Hillingdon,St Catherine Catholic Primary School,Primary,Local authority maintained schools,234,233,19.5,Mixed,Roman Catholic
Hillingdon,St Mary's Catholic Primary School,Primary,Local authority maintained schools,250,238,13.8,Mixed,Roman Catholic
Hillingdon,Sacred Heart Catholic Primary School,Primary,Local authority maintained schools,670,656,4.9,Mixed,Roman Catholic
Hillingdon,Oak Farm Primary School,Primary,Local authority maintained schools,630,585,15.2,Mixed,None
Hillingdon,Grange Park School,Primary,Local authority maintained schools,720,373,20.9,Mixed,None
Hillingdon,Hillside Infant School,Primary,Local authority maintained schools,252,219,11.6,Mixed,None
Hillingdon,Hillside Junior School,Primary,Local authority maintained schools,240,221,19.9,Mixed,None
Hillingdon,St Andrew's C of E Primary School,Primary,Local authority maintained schools,236,213,33.5,Mixed,Church of England
Hillingdon,Hayes Park School,Primary,Local authority maintained schools,688,683,19.2,Mixed,None
Hillingdon,Oak Wood School,Secondary,Local authority maintained schools,1350,1287,35.9,Mixed,None
Hillingdon,Harlington School,Secondary,Local authority maintained schools,1445,1368,41.3,Mixed,None
Hillingdon,Northwood College for Girls GDST,Not applicable,Independent schools,1000,891,0,Girls,None
Hillingdon,St Helen's School,Not applicable,Independent schools,1240,1127,0,Girls,None
Hillingdon,St Martin's School,Not applicable,Independent schools,396,381,0,Boys,None
Hillingdon,St Helen's College,Not applicable,Independent schools,380,356,0,Mixed,None
Hillingdon,St John's School,Not applicable,Independent schools,350,320,0,Boys,None
Hillingdon,ACS Hillingdon International School,Not applicable,Independent schools,675,546,0,Mixed,None
Hillingdon,Meadow High School,Not applicable,Special schools,312,285,45.8,Mixed,Does not apply
Hillingdon,Pield Heath House RC School,Not applicable,Special schools,100,94,25.4,Mixed,Roman Catholic
Hillingdon,Hedgewood School,Not applicable,Special schools,0,189,38.6,Mixed,Does not apply
Hounslow,Belmont Primary School,Primary,Local authority maintained schools,472,451,9.8,Mixed,Does not apply
Hounslow,Cardinal Primary School,Primary,Local authority maintained schools,630,296,34.3,Mixed,Does not apply
Hounslow,Cavendish Primary School,Primary,Local authority maintained schools,236,179,26.0,Mixed,Does not apply
Hounslow,Feltham Hill Infant and Nursery School,Primary,Local authority maintained schools,464,428,21.7,Mixed,Does not apply
Hounslow,Grove Park Primary School,Primary,Local authority maintained schools,446,433,16.0,Mixed,Does not apply
Hounslow,Hounslow Town Primary School,Primary,Local authority maintained schools,1154,1102,18.7,Mixed,Does not apply
Hounslow,Isleworth Town Primary School,Primary,Local authority maintained schools,812,779,16.4,Mixed,Does not apply
Hounslow,Lionel Primary School,Primary,Local authority maintained schools,652,604,20.3,Mixed,Does not apply
Hounslow,Marlborough Primary School,Primary,Local authority maintained schools,660,568,16.2,Mixed,Does not apply
Hounslow,Norwood Green Infant and Nursery School,Primary,Local authority maintained schools,475,287,23.5,Mixed,Does not apply
Hounslow,Spring Grove Primary School,Primary,Local authority maintained schools,249,245,16.7,Mixed,Does not apply
Hounslow,Strand-on-the-Green Junior School,Primary,Local authority maintained schools,360,346,24.9,Mixed,Does not apply
Hounslow,Strand-on-the-Green Infant and Nursery School,Primary,Local authority maintained schools,357,321,18.2,Mixed,Does not apply
Hounslow,Wellington Primary School,Primary,Local authority maintained schools,720,768,14.5,Mixed,Does not apply
Hounslow,Worple Primary School,Primary,Local authority maintained schools,239,204,26.1,Mixed,Does not apply
Hounslow,Ivybridge Primary School,Primary,Local authority maintained schools,210,155,43.2,Mixed,Does not apply
Hounslow,Edward Pauling Primary School,Primary,Local authority maintained schools,472,415,20.9,Mixed,Does not apply
Hounslow,The Smallberry Green Primary School,Primary,Local authority maintained schools,445,426,22.8,Mixed,Does not apply
Hounslow,Grove Road Primary School,Primary,Local authority maintained schools,236,234,22.1,Mixed,Does not apply
Hounslow,Beavers Community Primary School,Primary,Local authority maintained schools,738,653,27.4,Mixed,Does not apply
Hounslow,The Blue School CofE Primary,Primary,Local authority maintained schools,468,456,7.5,Mixed,Church of England
Hounslow,St Paul's CofE Primary School,Primary,Local authority maintained schools,446,244,37.1,Mixed,Church of England
Hounslow,Our Lady and St John's Catholic Primary School,Primary,Local authority maintained schools,236,217,15.7,Mixed,Roman Catholic
Hounslow,St Lawrence Catholic Primary School,Primary,Local authority maintained schools,460,467,8.9,Mixed,Catholic
Hounslow,"St Mary's Catholic Primary School, Isleworth",Primary,Local authority maintained schools,420,393,10.9,Mixed,Roman Catholic
Hounslow,"St Mary's Catholic Primary School ,Chiswick",Primary,Local authority maintained schools,210,191,8.5,Mixed,Roman Catholic
Hounslow,St Michael and St Martin Catholic Primary School,Primary,Local authority maintained schools,472,478,5.8,Mixed,Roman Catholic
Hounslow,The Heathland School,Secondary,Local authority maintained schools,1679,1830,27.0,Mixed,Does not apply
Hounslow,Gunnersbury Catholic School,Secondary,Local authority maintained schools,1228,1236,15.0,Boys,Roman Catholic
Hounslow,Orchard House School,Not applicable,Independent schools,470,407,0,Mixed,None
Hounslow,International School of London,Not applicable,Independent schools,600,397,0,Mixed,None
Hounslow,ArtsEd Day School & Sixth Form,Not applicable,Independent schools,330,283,0,Mixed,None
Hounslow,Marjory Kinnon School,Not applicable,Special schools,304,308,44.0,Mixed,Does not apply
Hounslow,Oaklands School,Not applicable,Special schools,300,267,43.0,Mixed,Does not apply
Hounslow,Lindon Bennett School,Not applicable,Special schools,192,179,24.0,Mixed,Does not apply
Hounslow,The Cedars Primary School,Not applicable,Special schools,70,66,75.8,Mixed,Does not apply
Kingston upon Thames,Surbiton Hill Nursery School,Nursery,Local authority maintained schools,0,130,6.8,Mixed,Does not apply
Kingston upon Thames,Malden Oaks School and Tuition Service,Not applicable,Local authority maintained schools,0,227,45.8,Mixed,Does not apply
Kingston upon Thames,Burlington Junior School,Primary,Local authority maintained schools,480,477,17.6,Mixed,Does not apply
Kingston upon Thames,Burlington Infant and Nursery School,Primary,Local authority maintained schools,360,462,14.1,Mixed,Does not apply
Kingston upon Thames,Coombe Hill Infant School,Primary,Local authority maintained schools,270,269,10.4,Mixed,Does not apply
Kingston upon Thames,Ellingham Primary School,Primary,Local authority maintained schools,420,290,30.2,Mixed,Does not apply
Kingston upon Thames,Tolworth Junior School,Primary,Local authority maintained schools,390,404,18.3,Mixed,Does not apply
Kingston upon Thames,Tolworth Infant and Nursery School,Primary,Local authority maintained schools,330,293,13.9,Mixed,Does not apply
Kingston upon Thames,Coombe Hill Junior School,Primary,Local authority maintained schools,360,358,15.4,Mixed,Does not apply
Kingston upon Thames,Maple Infants' School,Primary,Local authority maintained schools,322,279,5.3,Mixed,Does not apply
Kingston upon Thames,Alexandra Primary School,Primary,Local authority maintained schools,420,460,14.8,Mixed,Does not apply
Kingston upon Thames,King Athelstan Primary School,Primary,Local authority maintained schools,420,426,31.3,Mixed,Does not apply
Kingston upon Thames,Grand Avenue Primary and Nursery School,Primary,Local authority maintained schools,682,658,13.5,Mixed,Does not apply
Kingston upon Thames,Malden Manor Primary and Nursery School,Primary,Local authority maintained schools,472,394,20.9,Mixed,Does not apply
Kingston upon Thames,King's Oak Primary School,Primary,Local authority maintained schools,736,425,42.1,Mixed,Does not apply
Kingston upon Thames,Lovelace Primary School,Primary,Local authority maintained schools,630,612,14.8,Mixed,Does not apply
Kingston upon Thames,Christ Church New Malden CofE Primary School,Primary,Local authority maintained schools,420,380,11.0,Mixed,Church of England
Kingston upon Thames,Christ Church CofE Primary School,Primary,Local authority maintained schools,450,421,5.9,Mixed,Church of England
Kingston upon Thames,Malden Parochial CofE Primary School,Primary,Local authority maintained schools,236,228,4.9,Mixed,Church of England
Kingston upon Thames,St Andrew's and St Mark's CofE Junior School,Primary,Local authority maintained schools,360,347,12.1,Mixed,Church of England
Kingston upon Thames,St John's C of E Primary School,Primary,Local authority maintained schools,262,232,13.8,Mixed,Church of England
Kingston upon Thames,St Paul's CofE Primary School,Primary,Local authority maintained schools,210,202,7.4,Mixed,Church of England
Kingston upon Thames,"St Paul's CofE Primary School, Kingston Hill",Primary,Local authority maintained schools,390,371,9.2,Mixed,Church of England
Kingston upon Thames,St Matthew's CofE Primary School,Primary,Local authority maintained schools,420,404,8.7,Mixed,Church of England
Kingston upon Thames,St Mary's CofE (Aided) Primary School,Primary,Local authority maintained schools,210,177,20.9,Mixed,Church of England
Kingston upon Thames,St Luke's CofE Primary School,Primary,Local authority maintained schools,240,240,11.7,Mixed,Church of England
Kingston upon Thames,Holy Cross Preparatory School,Not applicable,Independent schools,322,301,0,Girls,None
Kingston upon Thames,Shrewsbury House School,Not applicable,Independent schools,350,312,0,Boys,None
Kingston upon Thames,Surbiton High School,Not applicable,Independent schools,1660,1618,0,Mixed,Christian
Kingston upon Thames,Rokeby School,Not applicable,Independent schools,420,406,0,Boys,None
Kingston upon Thames,Marymount International School,Not applicable,Independent schools,260,201,0,Girls,None
Kingston upon Thames,Park Hill School,Not applicable,Independent schools,150,84,0,Mixed,None
Kingston upon Thames,Westbury House School,Not applicable,Independent schools,128,123,0,Mixed,None
Kingston upon Thames,Kingston Grammar School,Not applicable,Independent schools,1100,914,0,Mixed,None
Kingston upon Thames,Canbury School,Not applicable,Independent schools,76,75,0,Mixed,None
Merton,Bond Primary School,Primary,Local authority maintained schools,430,289,40.2,Mixed,Does not apply
Merton,Dundonald Primary School,Primary,Local authority maintained schools,464,430,5.6,Mixed,Does not apply
Merton,Garfield Primary School,Primary,Local authority maintained schools,498,300,31.3,Mixed,Does not apply
Merton,Hatfeild Primary School,Primary,Local authority maintained schools,500,355,17.0,Mixed,Does not apply
Merton,Hollymount School,Primary,Local authority maintained schools,472,445,10.6,Mixed,Does not apply
Merton,Joseph Hood Primary School,Primary,Local authority maintained schools,472,352,19.1,Mixed,Does not apply
Merton,Links Primary School,Primary,Local authority maintained schools,524,322,39.3,Mixed,Does not apply
Merton,Lonesome Primary School,Primary,Local authority maintained schools,420,309,51.4,Mixed,Does not apply
Merton,Merton Abbey Primary School,Primary,Local authority maintained schools,236,210,50.5,Mixed,Does not apply
Merton,Merton Park Primary School,Primary,Local authority maintained schools,246,228,9.0,Mixed,Does not apply
Merton,Morden Primary School,Primary,Local authority maintained schools,265,229,41.4,Mixed,Does not apply
Merton,Pelham Primary School,Primary,Local authority maintained schools,446,398,12.0,Mixed,Does not apply
Merton,Haslemere Primary School,Primary,Local authority maintained schools,498,337,41.3,Mixed,Does not apply
Merton,Poplar Primary School,Primary,Local authority maintained schools,708,626,21.0,Mixed,Does not apply
Merton,St Mark's Primary School,Primary,Local authority maintained schools,286,223,41.3,Mixed,Does not apply
Merton,The Sherwood School,Primary,Local authority maintained schools,300,307,30.8,Mixed,Does not apply
Merton,Singlegate Primary School,Primary,Local authority maintained schools,682,648,21.0,Mixed,Does not apply
Merton,Wimbledon Park Primary School,Primary,Local authority maintained schools,734,636,7.0,Mixed,Does not apply
Merton,Abbotsbury Primary School,Primary,Local authority maintained schools,420,381,40.9,Mixed,Does not apply
Merton,West Wimbledon Primary School,Primary,Local authority maintained schools,312,299,30.7,Mixed,Does not apply
Merton,Cranmer Primary School,Primary,Local authority maintained schools,524,460,36.5,Mixed,Does not apply
Merton,Gorringe Park Primary School,Primary,Local authority maintained schools,554,432,26.7,Mixed,Does not apply
Merton,Hillcross Primary School,Primary,Local authority maintained schools,498,448,11.2,Mixed,Does not apply
Merton,Liberty Primary,Primary,Local authority maintained schools,490,442,36.7,Mixed,Does not apply
Merton,William Morris Primary School,Primary,Local authority maintained schools,472,280,38.7,Mixed,Does not apply
Merton,Wimbledon Chase Primary School,Primary,Local authority maintained schools,710,691,7.1,Mixed,Does not apply
Merton,All Saints' CofE Primary School,Primary,Local authority maintained schools,420,332,31.1,Mixed,Church of England
Merton,St Matthew's CofE Primary School,Primary,Local authority maintained schools,236,201,9.1,Mixed,Church of England
Merton,Holy Trinity CofE Primary School,Primary,Local authority maintained schools,456,435,8.4,Mixed,Church of England
Merton,Bishop Gilpin CofE Primary School,Primary,Local authority maintained schools,472,464,6.5,Mixed,Church of England
Merton,St Peter and Paul Catholic Primary School,Primary,Local authority maintained schools,420,245,24.6,Mixed,Roman Catholic
Merton,Sacred Heart Catholic Primary School,Primary,Local authority maintained schools,411,360,20.0,Mixed,Roman Catholic
Merton,St Teresa's Catholic Primary School,Primary,Local authority maintained schools,510,465,14.9,Mixed,Roman Catholic
Merton,St Mary's Catholic Primary School,Primary,Local authority maintained schools,440,427,8.9,Mixed,Roman Catholic
Merton,The Priory CofE School,Primary,Local authority maintained schools,538,179,30.2,Mixed,Church of England
Merton,Ricards Lodge High School,Secondary,Local authority maintained schools,1500,1476,24.9,Girls,Does not apply
Merton,Raynes Park High School,Secondary,Local authority maintained schools,1440,1190,40.2,Mixed,Does not apply
Merton,Rutlish School,Secondary,Local authority maintained schools,1500,1491,22.1,Boys,None
Merton,Wimbledon College,Secondary,Local authority maintained schools,1249,1258,21.4,Boys,Roman Catholic
Merton,King's College School,Not applicable,Independent schools,1555,1507,0,Boys,Church of England
Merton,The Rowans School,Not applicable,Independent schools,140,115,0,Mixed,None
Merton,Donhead Preparatory School,Not applicable,Independent schools,340,305,0,Mixed,Roman Catholic
Merton,The Study Preparatory School,Not applicable,Independent schools,336,303,0,Girls,None
Merton,Wimbledon Common Preparatory School,Not applicable,Independent schools,175,163,0,Boys,None
Merton,Wimbledon High School GDST,Not applicable,Independent schools,1095,1073,0,Girls,None
Merton,Norwegian School in London,Not applicable,Independent schools,130,43,0,Mixed,None
Merton,Blossom House School,Not applicable,Special schools,435,316,0,Mixed,None
Merton,Melrose School,Not applicable,Special schools,158,128,52.3,Mixed,Does not apply
Merton,Perseid School,Not applicable,Special schools,196,160,53.2,Mixed,Does not apply
Merton,Cricket Green School,Not applicable,Special schools,260,263,54.9,Mixed,Does not apply
Newham,Edith Kerrison Nursery School,Nursery,Local authority maintained schools,0,129,0.0,Mixed,Does not apply
Newham,Kay Rowe Nursery School,Nursery,Local authority maintained schools,0,155,0.0,Mixed,Does not apply
Newham,Rebecca Cheetham Nursery and Children's Centre,Nursery,Local authority maintained schools,0,159,0.0,Mixed,Does not apply
Newham,Ronald Openshaw Nursery School,Nursery,Local authority maintained schools,0,117,0.0,Mixed,Does not apply
Newham,St Stephen's Nursery School,Nursery,Local authority maintained schools,0,198,0.0,Mixed,Does not apply
Newham,Sheringham Nursery School & Children's Centre,Nursery,Local authority maintained schools,0,191,0.0,Mixed,Does not apply
Newham,Oliver Thomas Nursery School,Nursery,Local authority maintained schools,0,156,0.0,Mixed,Does not apply
Newham,Tunmarsh School,Not applicable,Local authority maintained schools,0,51,66.7,Mixed,Does not apply
Newham,Altmore Infant School,Primary,Local authority maintained schools,610,551,28.8,Mixed,Does not apply
Newham,Avenue Primary School,Primary,Local authority maintained schools,708,556,39.9,Mixed,Does not apply
Newham,Brampton Primary School,Primary,Local authority maintained schools,940,908,29.3,Mixed,Does not apply
Newham,Carpenters Primary School,Primary,Local authority maintained schools,472,338,41.9,Mixed,Does not apply
Newham,Dersingham Primary School,Primary,Local authority maintained schools,630,621,39.6,Mixed,Does not apply
Newham,Godwin Junior School,Primary,Local authority maintained schools,420,347,27.1,Mixed,Does not apply
Newham,Woodgrange Infant School,Primary,Local authority maintained schools,360,379,19.0,Mixed,Does not apply
Newham,Grange Primary School,Primary,Local authority maintained schools,210,195,32.9,Mixed,Does not apply
Newham,Keir Hardie Primary School,Primary,Local authority maintained schools,480,451,41.1,Mixed,Does not apply
Newham,Lathom Junior School,Primary,Local authority maintained schools,600,529,37.8,Mixed,Does not apply
Newham,Stratford Manor Primary School & Nursery,Primary,Local authority maintained schools,420,228,45.4,Mixed,Does not apply
Newham,Maryland Primary School,Primary,Local authority maintained schools,420,390,36.6,Mixed,Does not apply
Newham,Odessa Infant School,Primary,Local authority maintained schools,304,205,34.4,Mixed,Does not apply
Newham,Park Primary School,Primary,Local authority maintained schools,680,632,25.7,Mixed,Does not apply
Newham,Roman Road Primary School,Primary,Local authority maintained schools,630,334,30.0,Mixed,Does not apply
Newham,Salisbury Primary School,Primary,Local authority maintained schools,630,496,41.3,Mixed,Does not apply
Newham,William Davies Primary School,Primary,Local authority maintained schools,262,244,40.3,Mixed,Does not apply
Newham,Star Primary School,Primary,Local authority maintained schools,710,584,30.0,Mixed,Does not apply
Newham,St Stephen's Primary School,Primary,Local authority maintained schools,630,623,32.9,Mixed,Does not apply
Newham,Winsor Primary School,Primary,Local authority maintained schools,630,589,33.6,Mixed,Does not apply
Newham,Colegrave Primary School,Primary,Local authority maintained schools,630,566,33.4,Mixed,Does not apply
Newham,Southern Road Primary School,Primary,Local authority maintained schools,0,592,40.2,Mixed,Does not apply
Newham,Ellen Wilkinson Primary School,Primary,Local authority maintained schools,490,445,30.6,Mixed,Does not apply
Newham,Essex Primary School,Primary,Local authority maintained schools,880,887,32.5,Mixed,Does not apply
Newham,St James' CofE Junior School,Primary,Local authority maintained schools,360,208,50.5,Mixed,Church of England
Newham,West Ham Church Primary School,Primary,Local authority maintained schools,375,308,33.1,Mixed,Church of England
Newham,St Luke's Primary School,Primary,Local authority maintained schools,240,216,33.5,Mixed,Church of England/Christian
Newham,Little Ilford School,Secondary,Local authority maintained schools,1800,1700,48.4,Mixed,Does not apply
Newham,St Angela's Ursuline School,Secondary,Local authority maintained schools,1344,1295,39.7,Girls,Roman Catholic
Newham,St Bonaventure's RC School,Secondary,Local authority maintained schools,1300,1348,39.8,Boys,Roman Catholic
Newham,Grangewood Independent School,Not applicable,Independent schools,144,45,0,Mixed,Christian
Redbridge,The Constance Bridgeman Centre,Not applicable,Local authority maintained schools,0,25,64.0,Mixed,Does not apply
Redbridge,Manford Primary School,Primary,Local authority maintained schools,550,452,34.7,Mixed,Does not apply
Redbridge,Cleveland Road Primary School,Primary,Local authority maintained schools,942,903,17.9,Mixed,Does not apply
Redbridge,Fairlop Primary School,Primary,Local authority maintained schools,630,677,18.2,Mixed,Does not apply
Redbridge,Gilbert Colvin Primary School,Primary,Local authority maintained schools,429,363,27.5,Mixed,Does not apply
Redbridge,Glade Primary School,Primary,Local authority maintained schools,470,434,18.5,Mixed,Does not apply
Redbridge,Goodmayes Primary School,Primary,Local authority maintained schools,682,661,25.2,Mixed,Does not apply
Redbridge,Gordon Primary School,Primary,Local authority maintained schools,472,397,24.4,Mixed,Does not apply
Redbridge,Mossford Green Primary School,Primary,Local authority maintained schools,472,450,14.6,Mixed,Does not apply
Redbridge,Newbury Park Primary School,Primary,Local authority maintained schools,944,822,17.4,Mixed,Does not apply
Redbridge,Uphall Primary School,Primary,Local authority maintained schools,1154,874,26.0,Mixed,Does not apply
Redbridge,William Torbitt Primary School,Primary,Local authority maintained schools,622,508,23.9,Mixed,Does not apply
Redbridge,Aldersbrook Primary School,Primary,Local authority maintained schools,677,664,9.9,Mixed,Does not apply
Redbridge,Roding Primary School,Primary,Local authority maintained schools,480,444,19.6,Mixed,Does not apply
Redbridge,Wells Primary School,Primary,Local authority maintained schools,315,344,6.3,Mixed,Does not apply
Redbridge,Snaresbrook Primary School,Primary,Local authority maintained schools,492,451,15.3,Mixed,Does not apply
Redbridge,Fullwood Primary School,Primary,Local authority maintained schools,472,454,11.6,Mixed,Does not apply
Redbridge,Woodlands Primary School,Primary,Local authority maintained schools,960,648,36.8,Mixed,Does not apply
Redbridge,Grove Primary School,Primary,Local authority maintained schools,656,674,19.2,Mixed,Does not apply
Redbridge,Chadwell Primary School,Primary,Local authority maintained schools,682,674,21.8,Mixed,Does not apply
Redbridge,Coppice Primary School,Primary,Local authority maintained schools,420,446,23.6,Mixed,Does not apply
Redbridge,John Bramston Primary School,Primary,Local authority maintained schools,440,443,25.5,Mixed,Does not apply
Redbridge,Nightingale Primary School,Primary,Local authority maintained schools,710,692,7.3,Mixed,Does not apply
Redbridge,Barley Lane Primary School,Primary,Local authority maintained schools,774,861,20.1,Mixed,Does not apply
Redbridge,Wanstead Church School,Primary,Local authority maintained schools,234,207,5.8,Mixed,Church of England
Redbridge,St Augustine's Catholic Primary School,Primary,Local authority maintained schools,450,445,22.8,Mixed,Roman Catholic
Redbridge,St Antony's Catholic Primary School,Primary,Local authority maintained schools,420,435,5.3,Mixed,Roman Catholic
Redbridge,St Bede's Catholic Primary School,Primary,Local authority maintained schools,472,437,13.8,Mixed,Roman Catholic
Redbridge,Wohl Ilford Jewish Primary School,Primary,Local authority maintained schools,354,235,10.9,Mixed,Jewish
Redbridge,Caterham High School,Secondary,Local authority maintained schools,1182,991,40.0,Mixed,Does not apply
Redbridge,Ilford County High School,Secondary,Local authority maintained schools,850,1126,11.7,Boys,Does not apply
Redbridge,Wanstead High School,Secondary,Local authority maintained schools,1500,1434,17.9,Mixed,Does not apply
Redbridge,Woodford County High School,Secondary,Local authority maintained schools,1260,1245,12.4,Girls,Does not apply
Redbridge,Woodbridge High School,Secondary,Local authority maintained schools,2000,2000,20.7,Mixed,Does not apply
Redbridge,Seven Kings School,All-through,Local authority maintained schools,2240,2192,17.9,Mixed,Does not apply
Redbridge,Valentines High School,Secondary,Local authority maintained schools,1288,1329,25.0,Mixed,Does not apply
Redbridge,Mayfield School,Secondary,Local authority maintained schools,1940,1845,36.5,Mixed,None
Redbridge,Trinity Catholic High School,Secondary,Local authority maintained schools,1579,1598,14.0,Mixed,Roman Catholic
Redbridge,King Solomon High School,Secondary,Local authority maintained schools,1160,872,24.3,Mixed,Jewish
Redbridge,St Aubyn's School,Not applicable,Independent schools,534,466,0,Mixed,None
Redbridge,Woodford Green Preparatory School,Not applicable,Independent schools,400,368,0,Mixed,None
Redbridge,Beehive Preparatory School,Not applicable,Independent schools,91,53,0,Mixed,None
Redbridge,Eastcourt Independent School,Not applicable,Independent schools,336,132,0,Mixed,None
Redbridge,Snaresbrook Prep School,Not applicable,Independent schools,168,107,0,Mixed,None
Redbridge,Avon House Preparatory School,Not applicable,Independent schools,275,238,0,Mixed,None
Redbridge,Bancroft's School,Not applicable,Independent schools,900,873,0,Mixed,Church of England
Redbridge,Little Heath School,Not applicable,Special schools,260,236,39.3,Mixed,Does not apply
Redbridge,New Rush Hall School,Not applicable,Special schools,80,91,71.9,Mixed,Does not apply
Redbridge,Hatton Special School,Not applicable,Special schools,191,196,41.8,Mixed,Does not apply
Richmond upon Thames,Windham Nursery School,Nursery,Local authority maintained schools,0,89,0.0,Mixed,Does not apply
Richmond upon Thames,Carlisle Infant School,Primary,Local authority maintained schools,240,234,10.7,Mixed,Does not apply
Richmond upon Thames,Darell Primary and Nursery School,Primary,Local authority maintained schools,420,196,29.9,Mixed,Does not apply
Richmond upon Thames,East Sheen Primary School,Primary,Local authority maintained schools,630,590,13.9,Mixed,Does not apply
Richmond upon Thames,Hampton Hill Junior School,Primary,Local authority maintained schools,366,333,19.2,Mixed,Does not apply
Richmond upon Thames,Hampton Junior School,Primary,Local authority maintained schools,480,471,15.5,Mixed,Does not apply
Richmond upon Thames,Hampton Infant School and Nursery,Primary,Local authority maintained schools,396,372,10.2,Mixed,Does not apply
Richmond upon Thames,Hampton Wick Infant and Nursery School,Primary,Local authority maintained schools,232,184,10.2,Mixed,Does not apply
Richmond upon Thames,Heathfield Junior School,Primary,Local authority maintained schools,400,410,36.6,Mixed,Does not apply
Richmond upon Thames,Heathfield Infant School,Primary,Local authority maintained schools,348,296,33.5,Mixed,Does not apply
Richmond upon Thames,Lowther Primary School,Primary,Local authority maintained schools,420,246,23.3,Mixed,Does not apply
Richmond upon Thames,Meadlands Primary School,Primary,Local authority maintained schools,210,225,15.3,Mixed,Does not apply
Richmond upon Thames,Orleans Primary School,Primary,Local authority maintained schools,458,442,5.1,Mixed,Does not apply
Richmond upon Thames,The Russell Primary School,Primary,Local authority maintained schools,236,202,15.7,Mixed,Does not apply
Richmond upon Thames,Sheen Mount Primary School,Primary,Local authority maintained schools,630,590,3.4,Mixed,Does not apply
Richmond upon Thames,Stanley Primary School,Primary,Local authority maintained schools,560,447,27.8,Mixed,Does not apply
Richmond upon Thames,Trafalgar Junior School,Primary,Local authority maintained schools,300,289,17.0,Mixed,Does not apply
Richmond upon Thames,Trafalgar Infant School,Primary,Local authority maintained schools,180,138,14.5,Mixed,Does not apply
Richmond upon Thames,Barnes Primary School,Primary,Local authority maintained schools,480,468,1.9,Mixed,Does not apply
Richmond upon Thames,Collis Primary School,Primary,Local authority maintained schools,732,703,7.9,Mixed,Does not apply
Richmond upon Thames,Buckingham Primary School,Primary,Local authority maintained schools,630,409,38.7,Mixed,Does not apply
Richmond upon Thames,Chase Bridge Primary School,Primary,Local authority maintained schools,630,667,12.1,Mixed,Does not apply
Richmond upon Thames,The Vineyard School,Primary,Local authority maintained schools,630,575,6.1,Mixed,Does not apply
Richmond upon Thames,St Richard's Church of England Primary School,Primary,Local authority maintained schools,250,182,38.0,Mixed,Church of England
Richmond upon Thames,Holy Trinity Church of England Primary School,Primary,Local authority maintained schools,472,334,11.8,Mixed,Church of England
Richmond upon Thames,St Mary Magdalen's Catholic Primary School,Primary,Local authority maintained schools,210,166,14.5,Mixed,Roman Catholic
Richmond upon Thames,St John the Baptist Church of England Junior School,Primary,Local authority maintained schools,240,225,12.9,Mixed,Church of England
Richmond upon Thames,St Edmund's Catholic Primary School,Primary,Local authority maintained schools,472,448,7.5,Mixed,Roman Catholic
Richmond upon Thames,St James's Catholic Primary School,Primary,Local authority maintained schools,689,665,1.7,Mixed,Roman Catholic
Richmond upon Thames,St Mary's Church of England Primary School,Primary,Local authority maintained schools,630,607,4.1,Mixed,Church of England
Richmond upon Thames,St Stephen's C E Primary School,Primary,Local authority maintained schools,420,416,6.5,Mixed,Church of England
Richmond upon Thames,Sacred Heart Catholic Primary School,Primary,Local authority maintained schools,240,171,18.1,Mixed,Roman Catholic
Richmond upon Thames,St Mary's and St Peter's Church of England Primary School,Primary,Local authority maintained schools,630,625,6.2,Mixed,Church of England
Richmond upon Thames,Bishop Perrin Church of England Primary School,Primary,Local authority maintained schools,210,209,12.0,Mixed,Church of England
Richmond upon Thames,Archdeacon Cambridge's Church of England Primary School,Primary,Local authority maintained schools,472,443,3.9,Mixed,Church of England
Richmond upon Thames,The King's Church of England Primary School,Primary,Local authority maintained schools,420,394,7.4,Mixed,Church of England
Richmond upon Thames,Christ's Church of England Comprehensive Secondary School,Secondary,Local authority maintained schools,930,1037,20.7,Mixed,Church of England
Richmond upon Thames,King's House School,Not applicable,Independent schools,465,394,0,Mixed,None
Richmond upon Thames,Lady Eleanor Holles School,Not applicable,Independent schools,1020,997,0,Girls,Church of England
Richmond upon Thames,The Mall School,Not applicable,Independent schools,370,214,0,Mixed,None
Richmond upon Thames,Newland House School,Not applicable,Independent schools,442,401,0,Mixed,None
Richmond upon Thames,The Old Vicarage School,Not applicable,Independent schools,240,213,0,Girls,None
Richmond upon Thames,St Catherine's School,Not applicable,Independent schools,455,386,0,Girls,Catholic
Richmond upon Thames,Tower House School,Not applicable,Independent schools,188,174,0,Boys,None
Richmond upon Thames,Broomfield House School,Not applicable,Independent schools,208,178,0,Mixed,None
Richmond upon Thames,Jack and Jill School,Not applicable,Independent schools,305,178,0,Mixed,None
Richmond upon Thames,Kew College,Not applicable,Independent schools,320,272,0,Mixed,None
Richmond upon Thames,St Paul's School,Not applicable,Independent schools,1530,1517,0,Boys,Church of England
Richmond upon Thames,Twickenham Preparatory School,Not applicable,Independent schools,300,257,0,Mixed,Christian
Richmond upon Thames,Unicorn School,Not applicable,Independent schools,176,159,0,Mixed,None
Richmond upon Thames,The German School,Not applicable,Independent schools,900,899,0,Mixed,None
Richmond upon Thames,Hampton School,Not applicable,Independent schools,1650,1548,0,Boys,None
Richmond upon Thames,The Royal Ballet School,Not applicable,Independent schools,230,212,0,Mixed,None
Richmond upon Thames,The Swedish School,Not applicable,Independent schools,330,207,0,Mixed,None
Richmond upon Thames,The Harrodian School,Not applicable,Independent schools,1050,1044,0,Mixed,None
Sutton,Spencer Nursery School,Nursery,Local authority maintained schools,0,51,0.0,Mixed,Does not apply
Sutton,Thomas Wall Nursery School,Nursery,Local authority maintained schools,0,91,0.0,Mixed,Does not apply
Sutton,Hackbridge Primary School,Primary,Local authority maintained schools,888,824,20.0,Mixed,Does not apply
Sutton,High View Primary School,Primary,Local authority maintained schools,444,444,12.5,Mixed,Does not apply
Sutton,Devonshire Primary School,Primary,Local authority maintained schools,630,679,27.3,Mixed,Does not apply
Sutton,Robin Hood Infants' School,Primary,Local authority maintained schools,270,257,10.5,Mixed,Does not apply
Sutton,Dorchester Primary School,Primary,Local authority maintained schools,682,527,17.6,Mixed,Does not apply
Sutton,Beddington Infants' School,Primary,Local authority maintained schools,312,290,14.3,Mixed,Does not apply
Sutton,Robin Hood Junior School,Primary,Local authority maintained schools,360,358,19.3,Mixed,Does not apply
Sutton,Foresters Primary School,Primary,Local authority maintained schools,282,256,36.3,Mixed,Does not apply
Sutton,All Saints Benhilton CofE Primary School,Primary,Local authority maintained schools,468,461,10.4,Mixed,Church of England
Sutton,Holy Trinity CofE Junior School,Primary,Local authority maintained schools,360,347,21.9,Mixed,Church of England
Sutton,St Dunstan's Cheam CofE Primary School,Primary,Local authority maintained schools,420,399,8.6,Mixed,Church of England
Sutton,St Mary's RC Junior School,Primary,Local authority maintained schools,360,362,4.7,Mixed,Roman Catholic
Sutton,St Mary's RC Infants School,Primary,Local authority maintained schools,322,287,4.0,Mixed,Roman Catholic
Sutton,Stanley Park Junior School,Primary,Local authority maintained schools,360,365,11.0,Mixed,None
Sutton,The John Fisher School,Secondary,Local authority maintained schools,1190,1134,15.2,Boys,Roman Catholic
Sutton,St Philomena's Catholic High School for Girls,Secondary,Local authority maintained schools,1549,1408,16.8,Girls,Roman Catholic
Sutton,Homefield Preparatory School,Not applicable,Independent schools,420,280,0,Boys,None
Sutton,Collingwood School,Not applicable,Independent schools,145,119,0,Mixed,None
Sutton,Seaton House School,Not applicable,Independent schools,204,171,0,Girls,None
Sutton,Sutton High School GDST,Not applicable,Independent schools,950,913,0,Girls,None
Sutton,Sherwood Foundation School,Not applicable,Special schools,205,183,32.4,Mixed,Does not apply
Waltham Forest,Low Hall Nursery School,Nursery,Local authority maintained schools,0,55,0.0,Mixed,Does not apply
Waltham Forest,Church Hill Nursery School,Nursery,Local authority maintained schools,0,93,0.0,Mixed,Does not apply
Waltham Forest,Acacia Nursery,Nursery,Local authority maintained schools,0,116,0.0,Mixed,Does not apply
Waltham Forest,Chase Lane Primary School,Primary,Local authority maintained schools,678,676,22.4,Mixed,Does not apply
Waltham Forest,Whitehall Primary School,Primary,Local authority maintained schools,481,443,24.2,Mixed,Does not apply
Waltham Forest,Downsell Primary School,Primary,Local authority maintained schools,695,438,32.2,Mixed,Does not apply
Waltham Forest,Newport School,Primary,Local authority maintained schools,840,828,15.3,Mixed,Does not apply
Waltham Forest,Chapel End Infant School and Early Years Centre,Primary,Local authority maintained schools,270,294,26.2,Mixed,Does not apply
Waltham Forest,Edinburgh Primary School,Primary,Local authority maintained schools,630,182,38.5,Mixed,Does not apply
Waltham Forest,Greenleaf Primary School,Primary,Local authority maintained schools,472,455,16.0,Mixed,Does not apply
Waltham Forest,Handsworth Primary School,Primary,Local authority maintained schools,420,449,11.5,Mixed,Does not apply
Waltham Forest,Thorpe Hall Primary School,Primary,Local authority maintained schools,630,362,31.8,Mixed,Does not apply
Waltham Forest,The Winns Primary School,Primary,Local authority maintained schools,600,626,16.3,Mixed,Does not apply
Waltham Forest,Oakhill Primary School,Primary,Local authority maintained schools,210,196,25.5,Mixed,Does not apply
Waltham Forest,Henry Maynard Primary School,Primary,Local authority maintained schools,840,756,12.8,Mixed,Does not apply
Waltham Forest,South Grove Primary School,Primary,Local authority maintained schools,420,460,28.8,Mixed,Does not apply
Waltham Forest,Dawlish Primary School,Primary,Local authority maintained schools,210,180,31.1,Mixed,Does not apply
Waltham Forest,Gwyn Jones Primary School,Primary,Local authority maintained schools,452,429,20.6,Mixed,Does not apply
Waltham Forest,George Tomlinson Primary School,Primary,Local authority maintained schools,585,537,13.5,Mixed,Does not apply
Waltham Forest,Mission Grove Primary School,Primary,Local authority maintained schools,900,844,31.6,Mixed,Does not apply
Waltham Forest,Coppermill Primary School,Primary,Local authority maintained schools,236,183,15.8,Mixed,Does not apply
Waltham Forest,Stoneydown Park School,Primary,Local authority maintained schools,630,611,13.7,Mixed,Does not apply
Waltham Forest,Buxton School,All-through,Local authority maintained schools,1170,1154,39.0,Mixed,None
Waltham Forest,Parkside Primary School,Primary,Local authority maintained schools,630,666,22.9,Mixed,Does not apply
Waltham Forest,The Jenny Hammond Primary School,Primary,Local authority maintained schools,420,380,20.5,Mixed,Does not apply
Waltham Forest,Chingford CofE Primary School,Primary,Local authority maintained schools,420,418,14.8,Mixed,Church of England
Waltham Forest,St Mary's Catholic Primary School,Primary,Local authority maintained schools,218,209,5.3,Mixed,Roman Catholic
Waltham Forest,St Joseph's Catholic Junior School,Primary,Local authority maintained schools,180,125,28.0,Mixed,Roman Catholic
Waltham Forest,St Patrick's Catholic Primary School,Primary,Local authority maintained schools,460,382,26.9,Mixed,Roman Catholic
Waltham Forest,St Joseph's Catholic Infant School,Primary,Local authority maintained schools,180,128,23.0,Mixed,Roman Catholic
Waltham Forest,Frederick Bremer School,Secondary,Local authority maintained schools,900,881,30.9,Mixed,Does not apply
Waltham Forest,Heathcote School & Science College,Secondary,Local authority maintained schools,1260,1116,28.5,Mixed,Does not apply
Waltham Forest,Willowfield School,Secondary,Local authority maintained schools,1050,1004,31.5,Mixed,Does not apply
Waltham Forest,Leytonstone School,Secondary,Local authority maintained schools,990,1029,25.6,Mixed,Does not apply
Waltham Forest,Walthamstow School for Girls,Secondary,Local authority maintained schools,900,890,24.4,Girls,Does not apply
Waltham Forest,Kelmscott School,Secondary,Local authority maintained schools,1140,1097,34.3,Mixed,Does not apply
Waltham Forest,Holy Family Catholic School,Secondary,Local authority maintained schools,1240,1211,33.1,Mixed,Roman Catholic
Waltham Forest,Forest School,Not applicable,Independent schools,1530,1590,0,Mixed,Church of England
Haringey,Hyland House School,Not applicable,Independent schools,97,56,0,Mixed,Seventh Day Adventist
Waltham Forest,Normanhurst School,Not applicable,Independent schools,320,246,0,Mixed,None
Greenwich,St Paul's Academy,Secondary,Academies,1200,1119,35.6,Mixed,Roman Catholic
Wandsworth,Wandsworth Hospital and Home Tuition Service,Not applicable,Local authority maintained schools,85,7,66.7,Mixed,Does not apply
Merton,Oak Tree Primary School,Not applicable,Independent schools,177,84,0,Mixed,None
Hackney,Springfield Community Primary School,Primary,Local authority maintained schools,260,213,33.5,Mixed,Does not apply
Redbridge,Apex Primary School,Not applicable,Independent schools,112,123,0,Mixed,Muslim
Redbridge,Redbridge Primary School,Primary,Local authority maintained schools,817,853,12.1,Mixed,Does not apply
Brent,Wembley Primary School,Primary,Local authority maintained schools,900,829,26.3,Mixed,Does not apply
Hammersmith and Fulham,Thomas's Fulham,Not applicable,Independent schools,450,420,0,Mixed,None
Islington,The Children's House School,Not applicable,Independent schools,160,119,0,Mixed,None
Hackney,Rushmore Primary School,Primary,Local authority maintained schools,470,452,22.3,Mixed,Does not apply
Hackney,Gayhurst Community School,Primary,Local authority maintained schools,570,535,21.2,Mixed,Does not apply
Barking and Dagenham,Monteagle Primary School,Primary,Local authority maintained schools,735,666,24.1,Mixed,Does not apply
Camden,Christopher Hatton Primary School,Primary,Local authority maintained schools,210,224,38.1,Mixed,Does not apply
Waltham Forest,Ainslie Wood Primary School,Primary,Local authority maintained schools,420,437,10.6,Mixed,Does not apply
Tower Hamlets,Arnhem Wharf Primary School,Primary,Local authority maintained schools,682,511,43.9,Mixed,Does not apply
Barking and Dagenham,Richard Alibon Primary School with ARP for Cognitive and Learning Difficulties : SEN Base,Primary,Local authority maintained schools,678,607,25.2,Mixed,Does not apply
Haringey,Alexandra Primary School,Primary,Local authority maintained schools,460,433,38.3,Mixed,Does not apply
Newham,Sandringham Primary School,Primary,Local authority maintained schools,1012,990,30.8,Mixed,Does not apply
Wandsworth,Thomas's Clapham,Not applicable,Independent schools,680,653,0,Mixed,None
Camden,City Lit,16 plus,Colleges,0,0,0,Mixed,Does not apply
Camden,WM College,16 plus,Colleges,0,0,0,Mixed,Does not apply
Camden,The Mary Ward Centre (AE Centre),16 plus,Colleges,0,0,0,Mixed,Does not apply
Hammersmith and Fulham,"Ealing, Hammersmith and West London College",16 plus,Colleges,0,0,0,Mixed,Does not apply
Kensington and Chelsea,St Charles Catholic Sixth Form College,16 plus,Colleges,0,0,0,Mixed,Roman Catholic
Lambeth,Morley College London,16 plus,Colleges,0,0,0,Mixed,Does not apply
Lambeth,South Bank Colleges,16 plus,Colleges,0,0,0,Mixed,Does not apply
Lambeth,The Marine Society College of the Sea,16 plus,Colleges,0,0,0,Mixed,Does not apply
Lewisham,Christ The King Sixth Form College,16 plus,Colleges,0,0,0,Mixed,Roman Catholic
Tower Hamlets,New City College,16 plus,Colleges,0,0,0,Mixed,Does not apply
Tower Hamlets,Workers' Educational Association,16 plus,Colleges,0,0,0,Mixed,Does not apply
Camden,Capital City College,16 plus,Colleges,0,0,0,Mixed,Does not apply
Wandsworth,St Francis Xavier Sixth Form College,16 plus,Colleges,0,0,0,Mixed,Roman Catholic
Westminster,United Colleges Group,16 plus,Colleges,0,0,0,Mixed,Does not apply
Barking and Dagenham,Barking and Dagenham College,16 plus,Colleges,0,0,0,Mixed,Does not apply
Barnet,Barnet and Southgate College,16 plus,Colleges,0,0,0,Mixed,Does not apply
Bromley,London South East Colleges,16 plus,Colleges,0,0,0,Mixed,Does not apply
Croydon,Croydon College,16 plus,Colleges,0,0,0,Mixed,Does not apply
Enfield,Capel Manor College,16 plus,Colleges,0,0,0,Mixed,Does not apply
Harrow,Stanmore College,16 plus,Colleges,0,0,0,Mixed,Does not apply
Harrow,St Dominic's Sixth Form College,16 plus,Colleges,0,0,0,Mixed,Roman Catholic
Hillingdon,"HRUC (Harrow, Richmond & Uxbridge Colleges)",16 plus,Colleges,0,0,0,Mixed,Does not apply
Hounslow,West Thames College,16 plus,Colleges,0,0,0,Mixed,Does not apply
Kingston upon Thames,South Thames Colleges Group,16 plus,Colleges,0,0,0,Mixed,Does not apply
Newham,Newham College of Further Education,16 plus,Colleges,0,0,0,Mixed,Does not apply
Waltham Forest,Waltham Forest College,16 plus,Colleges,0,0,0,Mixed,Does not apply
Waltham Forest,Leyton Sixth Form College,16 plus,Colleges,0,0,0,Mixed,Does not apply
Waltham Forest,Sir George Monoux College,16 plus,Colleges,0,0,0,Mixed,Does not apply
Barnet,Tashbar of Edgware,Not applicable,Independent schools,240,207,0,Boys,None
Lewisham,Abbey Manor College,Not applicable,Local authority maintained schools,0,108,57.4,Mixed,Does not apply
Westminster,Paddington Academy,Secondary,Academies,1200,1259,49.8,Mixed,Christian
Croydon,Ridgeway Primary School,Primary,Local authority maintained schools,708,642,5.1,Mixed,Does not apply
Southwark,Bessemer Grange Primary School,Primary,Local authority maintained schools,690,533,25.3,Mixed,Does not apply
Barking and Dagenham,Godwin Primary School,Primary,Local authority maintained schools,630,434,22.8,Mixed,Does not apply
Greenwich,Middle Park Primary School,Primary,Local authority maintained schools,497,417,46.4,Mixed,Does not apply
Hackney,William Patten Primary School,Primary,Local authority maintained schools,420,441,13.6,Mixed,Does not apply
Sutton,Muschamp Primary School and Language Opportunity Base,Primary,Local authority maintained schools,630,614,26.1,Mixed,Does not apply
Enfield,Russet House School,Not applicable,Special schools,132,145,60.7,Mixed,Does not apply
Newham,Central Park Primary School,Primary,Local authority maintained schools,840,919,29.7,Mixed,Does not apply
Barnet,Hasmonean Primary School,Primary,Local authority maintained schools,230,198,18.7,Mixed,Jewish
Redbridge,Highlands Primary School,Primary,Local authority maintained schools,630,665,14.7,Mixed,Does not apply
Tower Hamlets,Stephen Hawking School,Not applicable,Special schools,104,98,49.0,Mixed,Does not apply
Barnet,Beis Soroh Schneirer,Not applicable,Independent schools,360,352,0,Girls,None
Waltham Forest,Barn Croft Primary School,Primary,Local authority maintained schools,210,183,21.0,Mixed,Does not apply
Brent,Brondesbury College London,Not applicable,Independent schools,125,118,0,Boys,Islam
Hackney,The Excelsior Academy,Secondary,Academies,1080,992,59.8,Mixed,Does not apply
Haringey,Stroud Green Primary School,Primary,Local authority maintained schools,470,461,24.1,Mixed,Does not apply
Barking and Dagenham,Trinity School,Not applicable,Special schools,0,319,42.6,Mixed,Does not apply
Sutton,Culvers House Primary School,Primary,Local authority maintained schools,446,410,30.0,Mixed,Does not apply
Greenwich,Discovery Primary School,Primary,Local authority maintained schools,700,592,27.8,Mixed,Does not apply
Barnet,Talmud Torah Tiferes Shlomo,Not applicable,Independent schools,360,307,0,Boys,Orthodox Jewish
Barnet,Finchley and Acton Yochien School,Not applicable,Independent schools,193,84,0,Mixed,None
Hackney,Hoxton Garden Primary,Primary,Local authority maintained schools,450,384,58.7,Mixed,Does not apply
Ealing,Grange Primary School,Primary,Local authority maintained schools,912,657,22.7,Mixed,Does not apply
Hammersmith and Fulham,The Fulham Prep School Ltd,Not applicable,Independent schools,720,377,0,Mixed,None
Hackney,Beis Aharon School,Not applicable,Independent schools,420,271,0,Boys,None
Hounslow,The Woodbridge Park Education Service,Not applicable,Local authority maintained schools,176,127,63.2,Mixed,Does not apply
Southwark,Cavendish School,Not applicable,Special schools,42,38,0,Mixed,None
Greenwich,James Wolfe Primary School and Centre for the Deaf,Primary,Local authority maintained schools,840,705,28.9,Mixed,Does not apply
Lambeth,Bonneville Primary School,Primary,Local authority maintained schools,420,353,40.2,Mixed,Does not apply
Barnet,Barnet Hill Academy,Not applicable,Independent schools,400,175,0,Mixed,Islam
Westminster,Westminster Academy,Secondary,Academies,1300,1073,51.2,Mixed,None
Hammersmith and Fulham,St James Preparatory School,Not applicable,Independent schools,320,157,0,Mixed,None
Barnet,WENTWORTH COLLEGE,Not applicable,Independent schools,99,47,0,Mixed,None
Camden,The Academy School,Not applicable,Independent schools,95,84,0,Mixed,None
Redbridge,Mayespark Primary School,Primary,Local authority maintained schools,682,617,22.8,Mixed,Does not apply
Ealing,Elthorne Park High School,Secondary,Local authority maintained schools,1487,1580,22.0,Mixed,Does not apply
Harrow,Whitchurch Primary School & Nursery,Primary,Local authority maintained schools,892,845,13.4,Mixed,Does not apply
Islington,Newington Green Primary School,Primary,Local authority maintained schools,450,459,57.2,Mixed,Does not apply
Lambeth,Hill Mead Primary School,Primary,Local authority maintained schools,420,245,58.6,Mixed,Does not apply
Hackney,Beis Trana Girls' School,Not applicable,Independent schools,278,266,0,Girls,None
Hackney,The Lyceum,Not applicable,Independent schools,252,121,0,Mixed,None
Kingston upon Thames,Educare Small School,Not applicable,Independent schools,50,36,0,Mixed,None
Barnet,Menorah Foundation School,Primary,Local authority maintained schools,400,320,3.1,Mixed,Jewish
Islington,St Paul's Waldorf School,Not applicable,Independent schools,224,206,0,Mixed,None
Tower Hamlets,Jamiatul Ummah School,Not applicable,Independent schools,250,190,0,Boys,None
Bromley,Browns School,Not applicable,Special schools,99,96,0,Mixed,None
Barnet,Tiferes High School,Not applicable,Independent schools,150,149,0,Girls,None
Enfield,Oakthorpe Primary School,Primary,Local authority maintained schools,456,454,32.2,Mixed,Does not apply
Havering,The Mawney Foundation School,Primary,Local authority maintained schools,677,658,21.5,Mixed,None
Haringey,Earlham Primary School,Primary,Local authority maintained schools,409,357,24.8,Mixed,Does not apply
Wandsworth,"Sacred Heart Catholic Primary School, Battersea",Primary,Local authority maintained schools,504,382,45.3,Mixed,Roman Catholic
Harrow,Pinner Wood School,Primary,Local authority maintained schools,682,670,10.4,Mixed,Does not apply
Haringey,Haringey Learning Partnership,Not applicable,Local authority maintained schools,61,29,34.8,Mixed,Does not apply
Havering,R J Mitchell Primary School,Primary,Local authority maintained schools,291,301,27.1,Mixed,Does not apply
Haringey,Lordship Lane Primary School,Primary,Local authority maintained schools,480,484,31.3,Mixed,Does not apply
Hackney,The Bridge Academy,Secondary,Academies,1150,1099,57.4,Mixed,Does not apply
Barnet,Wessex Gardens Primary School,Primary,Local authority maintained schools,390,239,34.8,Mixed,Does not apply
Redbridge,Cranbrook Primary School,Primary,Local authority maintained schools,944,858,21.7,Mixed,Does not apply
Hillingdon,Cherry Lane Primary School,Primary,Local authority maintained schools,690,640,35.2,Mixed,Does not apply
Enfield,West Grove Primary,Primary,Local authority maintained schools,480,404,35.8,Mixed,Does not apply
Wandsworth,Chelsea Hall School,Not applicable,Special schools,48,45,0,Mixed,None
Hammersmith and Fulham,Burlington House School,Not applicable,Special schools,260,186,0,Mixed,None
Redbridge,Clore Tikva School,Primary,Local authority maintained schools,420,337,11.0,Mixed,Jewish
Islington,Arts and Media School Islington,Secondary,Local authority maintained schools,780,595,61.6,Mixed,None
Waltham Forest,Belmont Park School,Not applicable,Special schools,75,45,100.0,Mixed,Does not apply
Hackney,Betty Layward Primary School,Primary,Local authority maintained schools,450,446,14.9,Mixed,Does not apply
Croydon,Thornton Heath Nursery School,Nursery,Local authority maintained schools,0,103,0.0,Mixed,Does not apply
Croydon,Selhurst Nursery School and Children's Centre,Nursery,Local authority maintained schools,0,82,0.0,Mixed,Does not apply
Haringey,Bruce Grove Primary School,Primary,Local authority maintained schools,390,312,32.2,Mixed,Does not apply
Tower Hamlets,Harry Gosling Primary School,Primary,Local authority maintained schools,0,416,43.3,Mixed,Does not apply
Islington,Rotherfield Primary School,Primary,Local authority maintained schools,420,302,61.9,Mixed,Does not apply
Tower Hamlets,Darul Hadis Latifiah,Not applicable,Independent schools,300,132,0,Boys,None
Southwark,Harris Academy Bermondsey,Secondary,Academies,1150,835,48.6,Girls,Does not apply
Hammersmith and Fulham,Ark Burlington Danes Academy,Secondary,Academies,1200,819,51.6,Mixed,Church of England
Ealing,Ealing Alternative Provision,Not applicable,Local authority maintained schools,0,87,56.3,Mixed,Does not apply
Haringey,Park View School,Secondary,Local authority maintained schools,1215,1041,43.1,Mixed,Does not apply
Islington,Canonbury Primary School,Primary,Local authority maintained schools,460,438,46.8,Mixed,Does not apply
Barking and Dagenham,Gascoigne Primary School,Primary,Local authority maintained schools,1260,1122,28.0,Mixed,Does not apply
Ealing,Greek Primary School of London,Not applicable,Independent schools,91,27,0,Mixed,None
Lambeth,Hitherfield Primary School,Primary,Local authority maintained schools,700,619,22.6,Mixed,Does not apply
Barnet,Susi Earnshaw Theatre School,Not applicable,Independent schools,60,38,0,Mixed,None
Greenwich,Alexander McLeod Primary School,Primary,Local authority maintained schools,630,543,38.5,Mixed,Does not apply
Islington,Hugh Myddelton Primary School,Primary,Local authority maintained schools,484,487,51.1,Mixed,Does not apply
Southwark,Brunswick Park Primary School,Primary,Local authority maintained schools,446,430,46.8,Mixed,Does not apply
Barking and Dagenham,Hunters Hall Primary School,Primary,Local authority maintained schools,708,602,25.9,Mixed,Does not apply
Barking and Dagenham,Southwood Primary School,Primary,Local authority maintained schools,630,591,29.9,Mixed,Does not apply
Redbridge,Christchurch Primary School,Primary,Local authority maintained schools,1154,1117,14.8,Mixed,Does not apply
Haringey,Muswell Hill Primary School,Primary,Local authority maintained schools,420,419,8.8,Mixed,Does not apply
Lambeth,Henry Fawcett Primary School,Primary,Local authority maintained schools,360,226,61.2,Mixed,Does not apply
Haringey,Risley Avenue Primary School,Primary,Local authority maintained schools,660,477,43.6,Mixed,Does not apply
Merton,Harris Academy Merton,Secondary,Academies,1500,1341,34.3,Mixed,Does not apply
Barnet,Kisharon College,Not applicable,Other types,40,0,0,Mixed,Jewish
Barnet,Langdon College,Not applicable,Other types,50,0,0,Mixed,Does not apply
Ealing,Leap Service - the National Autistics Society,Not applicable,Other types,0,0,0,Mixed,Does not apply
Brent,Avigdor Hirsch Torah Temimah Primary School,Primary,Local authority maintained schools,204,193,1.6,Boys,Jewish
Bromley,Shaftesbury Nash College,Not applicable,Other types,100,0,0,Mixed,Christian
Redbridge,South Park Primary School,Primary,Local authority maintained schools,725,635,19.3,Mixed,Does not apply
Tower Hamlets,St Mary and St Michael Primary School,Primary,Local authority maintained schools,472,389,42.2,Mixed,Roman Catholic
Hillingdon,Hillingdon Manor School,Not applicable,Special schools,170,275,0,Mixed,None
Sutton,Orchard Hill College,Not applicable,Other types,440,0,0,Mixed,Does not apply
Barnet,The Orion Primary School,Primary,Local authority maintained schools,960,955,49.3,Mixed,Does not apply
Camden,Maria Montessori School,Not applicable,Independent schools,325,189,0,Mixed,None
Hillingdon,West Middlesex College,Not applicable,Other types,15,0,0,Mixed,Does not apply
Newham,Kingsford Community School,Secondary,Local authority maintained schools,1500,1500,50.3,Mixed,Does not apply
Greenwich,Greenwich Waldorf School,Not applicable,Independent schools,230,182,0,Mixed,None
Wandsworth,Victoria Drive Primary Pupil Referral Unit,Not applicable,Local authority maintained schools,0,0,0.0,Mixed,Does not apply
Redbridge,Bancroft's Preparatory School,Not applicable,Independent schools,270,270,0,Mixed,None
Hackney,St John and St James CofE Primary School,Primary,Local authority maintained schools,240,223,38.9,Mixed,Church of England
Westminster,Portman Early Childhood Centre,Nursery,Local authority maintained schools,0,73,35.3,Mixed,Does not apply
Merton,Malmesbury Primary School,Primary,Local authority maintained schools,524,381,39.1,Mixed,Does not apply
Enfield,Highfield Primary School,Primary,Local authority maintained schools,690,672,20.4,Mixed,Does not apply
Wandsworth,Thames Christian School,Not applicable,Independent schools,400,209,0,Mixed,Christian
Camden,Kingsgate Primary School,Primary,Local authority maintained schools,669,594,54.7,Mixed,Does not apply
Haringey,South Grove Primary School,Primary,Local authority maintained schools,210,221,37.4,Mixed,Does not apply
Enfield,Highlands School,Secondary,Local authority maintained schools,1589,1650,17.1,Mixed,Does not apply
Hounslow,Crane Park Primary School,Primary,Local authority maintained schools,0,454,31.8,Mixed,Does not apply
Hounslow,Fairholme Primary School,Primary,Local authority maintained schools,446,411,34.7,Mixed,Does not apply
Hounslow,Green Dragon Primary School,Primary,Local authority maintained schools,480,401,35.7,Mixed,Does not apply
Southwark,Harris Girls' Academy East Dulwich,Secondary,Academies,950,837,43.4,Girls,Does not apply
Waltham Forest,Walthamstow Academy,Secondary,Academies,1150,1071,42.9,Mixed,Christian
Hackney,"Tawhid Boys School, Tawhid Educational Trust",Not applicable,Independent schools,140,110,0,Boys,Islam
Havering,Engayne Primary School,Primary,Local authority maintained schools,600,587,7.5,Mixed,Does not apply
Kensington and Chelsea,The Lloyd Williamson School Foundation,Not applicable,Independent schools,250,75,0,Mixed,None
Newham,Sir John Heron Primary School,Primary,Local authority maintained schools,490,443,30.3,Mixed,Does not apply
Hackney,Rosemary Works School,Not applicable,Independent schools,160,86,0,Mixed,None
Tower Hamlets,London Islamic School,Not applicable,Independent schools,150,135,0,Boys,None
Greenwich,Conway Primary School,Primary,Local authority maintained schools,480,429,26.3,Mixed,Does not apply
Newham,Plaistow Primary School,Primary,Local authority maintained schools,450,362,31.6,Mixed,Does not apply
Barking and Dagenham,Mayesbrook Park School,Not applicable,Local authority maintained schools,0,74,36.5,Mixed,Does not apply
Greenwich,Eglinton Primary School,Primary,Local authority maintained schools,480,372,41.9,Mixed,Does not apply
Camden,LaSWAP Sixth Form,Not applicable,Colleges,0,0,0,Mixed,None
Waltham Forest,Lantern of Knowledge Secondary School,Not applicable,Independent schools,130,100,0,Boys,Muslim
Lewisham,Sydenham and Forest Hill Sixth Form,Not applicable,Colleges,0,0,0,Mixed,None
Sutton,Sutton College of Learning for Adults,Not applicable,Other types,0,0,0,Mixed,None
Hillingdon,London School of Theology,Not applicable,Other types,0,0,0,Mixed,None
Richmond upon Thames,Richmond and Hillcroft Adult and Community College (Rhacc),16 plus,Colleges,0,0,0,Mixed,None
Greenwich,Wildwood Montessori School,Not applicable,Other types,0,0,0,Not applicable,None
Newham,The Service for Deaf and Partially Hearing Children,Not applicable,Other types,0,0,0,Not applicable,None
Southwark,St John's and St Clement's Primary School Co Hearing Impaired Unit,Not applicable,Other types,0,0,0,Not applicable,None
Merton,Wimbledon School of Art,Not applicable,Other types,0,0,0,Mixed,None
Southwark,Camberwell College of Arts,Not applicable,Other types,0,0,0,Mixed,None
Southwark,London College of Printing & Distributive Trades,Not applicable,Other types,0,0,0,Mixed,None
Westminster,Inchbald School of Design,Not applicable,Other types,0,0,0,Mixed,None
Redbridge,Early Years Assessment Service and Centre Co Manford Primary School,Not applicable,Other types,0,0,0,Not applicable,None
Lewisham,Allenby Tutorial Trust,Not applicable,Other types,0,0,0,Mixed,None
Croydon,Hillcrest,Not applicable,Other types,0,0,0,Mixed,None
Newham,Stratford Circus,Not applicable,Other types,0,0,0,Mixed,None
Tower Hamlets,Mazahirul Uloom London School,Not applicable,Independent schools,125,117,0,Boys,None
Harrow,Woodlands School,Not applicable,Special schools,135,137,29.9,Mixed,Does not apply
Harrow,Kingsley High School,Not applicable,Special schools,0,129,46.2,Mixed,Does not apply
Richmond upon Thames,Kew Riverside Primary School,Primary,Local authority maintained schools,210,92,40.2,Mixed,Does not apply
Barnet,Pardes House Primary School,Primary,Local authority maintained schools,360,355,2.8,Boys,Jewish
Barnet,Beis Yaakov Primary School,Primary,Local authority maintained schools,512,456,1.5,Girls,Jewish
Brent,The School of the Islamic Republic of Iran,Not applicable,Independent schools,81,65,0,Mixed,None
Haringey,Greig City Academy,Secondary,Academies,1200,1181,35.3,Mixed,Church of England
Greenwich,Waterside School,Not applicable,Special schools,48,38,76.3,Mixed,Does not apply
Redbridge,Oaks Park High School,Secondary,Local authority maintained schools,1830,1783,22.5,Mixed,Does not apply
Hackney,Side By Side School,Not applicable,Special schools,150,110,0,Mixed,None
Lambeth,The Livity School,Not applicable,Special schools,135,127,54.3,Mixed,Does not apply
Richmond upon Thames,Hampton Court House,Not applicable,Independent schools,438,374,0,Mixed,None
Ealing,Ealing Independent College,Not applicable,Independent schools,150,112,0,Mixed,None
Hackney,Al-Falah Primary School,Not applicable,Independent schools,120,105,0,Mixed,None
Hounslow,The William Hogarth Primary School,Primary,Local authority maintained schools,236,119,31.1,Mixed,Does not apply
Westminster,Hospital Home and Education Units co St Mary's Hospitial Tuition Unit,Not applicable,Other types,0,0,0,Mixed,None
Waltham Forest,Noor Ul Islam Primary School,Not applicable,Independent schools,192,168,0,Mixed,Islam
Southwark,The Hospital and Home Tuition Sick Children's Service,Not applicable,Other types,0,0,0,Mixed,None
Barnet,Nancy Reuben Primary School,Not applicable,Independent schools,230,235,0,Mixed,None
Hammersmith and Fulham,William Morris Sixth Form,16 plus,Local authority maintained schools,900,801,100.0,Mixed,Does not apply
Barnet,Torah Vodaas,Not applicable,Independent schools,350,408,0,Boys,None
Barking and Dagenham,Jo Richardson Community School,Secondary,Local authority maintained schools,1700,1686,36.7,Mixed,Does not apply
Tower Hamlets,Lansbury Lawrence Primary School,Primary,Local authority maintained schools,420,452,49.8,Mixed,Does not apply
Hackney,Yesodey Hatorah Senior Girls School,Secondary,Local authority maintained schools,400,384,2.1,Girls,Jewish
Barnet,The Northgate School,Not applicable,Other types,0,0,0,Mixed,None
Tower Hamlets,Al-Mizan School,Not applicable,Independent schools,120,111,0,Mixed,None
Brent,Brent River College,Not applicable,Local authority maintained schools,0,40,47.5,Mixed,Does not apply
Lambeth,Jubilee Primary School,Primary,Local authority maintained schools,405,307,57.3,Mixed,Does not apply
Harrow,Hillview Nursery School,Nursery,Local authority maintained schools,0,80,0.0,Mixed,Does not apply
Haringey,The Mulberry Primary School,Primary,Local authority maintained schools,750,519,38.0,Mixed,Does not apply
Brent,JFS,Secondary,Local authority maintained schools,2165,2040,5.5,Mixed,Jewish
Richmond upon Thames,Marshgate Primary School,Primary,Local authority maintained schools,420,416,6.3,Mixed,Does not apply
Barnet,Northgate School,Not applicable,Local authority maintained schools,0,8,71.4,Mixed,Does not apply
Merton,Canterbury Campus and Lavender Campus,Not applicable,Local authority maintained schools,0,54,27.8,Mixed,Does not apply
Merton,St Thomas of Canterbury Catholic Primary School,Primary,Local authority maintained schools,480,426,32.3,Mixed,Roman Catholic
Greenwich,Ravensbourne,Not applicable,Universities,0,0,0,Mixed,None
Bexley,Rose Bruford College,Not applicable,Universities,0,0,0,Mixed,None
Tower Hamlets,Queen Mary University of London,Not applicable,Universities,0,0,0,Mixed,None
Newham,University of East London,Not applicable,Universities,0,0,0,Mixed,None
Islington,City University,Not applicable,Universities,0,0,0,Mixed,None
City of London,London Metropolitan University,Not applicable,Universities,0,0,0,Mixed,None
Kingston upon Thames,Kingston University,Not applicable,Universities,0,0,0,Mixed,None
Barnet,Middlesex University,Not applicable,Universities,0,0,0,Mixed,None
Camden,The Royal Veterinary College,Not applicable,Universities,0,0,0,Mixed,None
Westminster,London Business School,Not applicable,Universities,0,0,0,Mixed,None
Westminster,Royal Academy of Music,Not applicable,Universities,0,0,0,Mixed,None
Camden,Central School of Speech and Drama,Not applicable,Universities,0,0,0,Mixed,None
Southwark,London South Bank University,Not applicable,Universities,0,0,0,Mixed,None
Lambeth,King's College London,Not applicable,Universities,0,0,0,Mixed,None
Greenwich,Trinity Laban,Not applicable,Universities,0,0,0,Mixed,None
Greenwich,University of Greenwich,Not applicable,Universities,0,0,0,Mixed,None
Lewisham,"Goldsmiths College, University of London",Not applicable,Universities,0,0,0,Mixed,None
Wandsworth,Roehampton University,Not applicable,Universities,0,0,0,Mixed,None
Wandsworth,St George's Hospital Medical School,Not applicable,Universities,0,0,0,Mixed,None
Kensington and Chelsea,"Imperial College of Science, Technology and Medicine",Not applicable,Universities,0,0,0,Mixed,None
Kensington and Chelsea,Royal College of Music,Not applicable,Universities,0,0,0,Mixed,None
Kensington and Chelsea,Royal College of Art,Not applicable,Universities,0,0,0,Mixed,None
Kensington and Chelsea,Institute of Cancer Research,Not applicable,Universities,0,0,0,Mixed,None
Richmond upon Thames,"St Mary's University, Twickenham",Not applicable,Universities,0,0,0,Mixed,None
Hillingdon,Brunel University,Not applicable,Universities,0,0,0,Mixed,None
Westminster,University of Westminster,Not applicable,Universities,0,0,0,Mixed,None
Camden,University of the Arts London,Not applicable,Universities,0,0,0,Mixed,None
Ealing,University of West London,Not applicable,Universities,0,0,0,Mixed,None
Camden,University College London,Not applicable,Universities,0,0,0,Mixed,None
Camden,London School of Hygiene & Tropical Medicine,Not applicable,Universities,0,0,0,Mixed,None
Camden,University of London,Not applicable,Universities,0,0,0,Mixed,None
Camden,Birkbeck College,Not applicable,Universities,0,0,0,Mixed,None
Camden,School of Oriental and African Studies,Not applicable,Universities,0,0,0,Mixed,None
Westminster,London School of Economics and Political Science,Not applicable,Universities,0,0,0,Mixed,None
Redbridge,Oakdale Junior School,Primary,Local authority maintained schools,390,337,24.6,Mixed,Does not apply
Redbridge,Oakdale Infants' School,Primary,Local authority maintained schools,270,295,16.2,Mixed,Does not apply
Redbridge,Gearies Primary School,Primary,Local authority maintained schools,906,888,10.2,Mixed,Does not apply
Redbridge,Churchfields Junior School,Primary,Local authority maintained schools,480,479,12.3,Mixed,Does not apply
Redbridge,Churchfields Infants' School,Primary,Local authority maintained schools,450,434,5.8,Mixed,Does not apply
Redbridge,Parkhill Infants' School,Primary,Local authority maintained schools,408,392,9.7,Mixed,Does not apply
Redbridge,Parkhill Junior School,Primary,Local authority maintained schools,480,457,17.5,Mixed,Does not apply
Merton,St Mark's Church of England Academy,Secondary,Academies,900,944,48.6,Mixed,Church of England
Hammersmith and Fulham,Larmenier & Sacred Heart Catholic Primary School,Primary,Local authority maintained schools,446,440,16.4,Mixed,Roman Catholic
Hammersmith and Fulham,Parsons Green Prep School,Not applicable,Independent schools,200,130,0,Mixed,None
Wandsworth,Gatton (VA) Primary School,Primary,Local authority maintained schools,630,631,19.5,Mixed,Muslim
Haringey,Islamic Shakhsiyah Foundation,Not applicable,Independent schools,195,115,0,Mixed,None
Southwark,The Villa,Not applicable,Independent schools,175,197,0,Mixed,None
Wandsworth,Park House School,Not applicable,Special schools,56,56,0,Mixed,None
Tower Hamlets,Courtauld Institute of Art,Not applicable,Universities,0,0,0,Not applicable,Does not apply
Tower Hamlets,Malmesbury Primary School,Primary,Local authority maintained schools,525,442,50.1,Mixed,Does not apply
Bexley,Orchard Primary School,Primary,Local authority maintained schools,210,211,25.1,Mixed,Does not apply
Westminster,L'Ecole Bilingue Elementaire,Not applicable,Independent schools,124,119,0,Mixed,None
Ealing,Petts Hill Primary School,Primary,Local authority maintained schools,210,251,45.3,Mixed,Does not apply
Southwark,City of London Academy (Southwark),Secondary,Academies,1200,1576,47.4,Mixed,Does not apply
Southwark,Harris Academy Peckham,Secondary,Academies,900,537,51.2,Mixed,Does not apply
Brent,Harris Lowe Academy Willesden,Secondary,Academies,1200,1120,46.4,Mixed,Does not apply
Hounslow,Suffah Primary School,Not applicable,Independent schools,186,132,0,Mixed,None
Hammersmith and Fulham,Normand Croft Community School for Early Years and Primary Education,Primary,Local authority maintained schools,261,214,67.5,Mixed,Does not apply
Islington,New River College Medical,Not applicable,Local authority maintained schools,0,43,53.8,Mixed,Does not apply
Enfield,Starks Field Primary School,Primary,Local authority maintained schools,218,185,46.5,Mixed,Does not apply
Enfield,Oasis Academy Enfield,Secondary,Academies,1150,717,57.1,Mixed,None
Islington,St Mary Magdalene Academy,All-through,Academies,1360,1554,36.3,Mixed,Church of England
Redbridge,Redbridge Alternative Provision,Not applicable,Local authority maintained schools,48,21,52.4,Mixed,Does not apply
Ealing,Alec Reed Academy,All-through,Academies,1895,1672,41.3,Mixed,Does not apply
Barking and Dagenham,Hopewell School,Not applicable,Special schools,65,49,0,Mixed,None
Newham,Azhar Academy Girls School,Not applicable,Independent schools,950,618,0,Mixed,None
Lambeth,The Orchard School,Primary,Local authority maintained schools,210,206,37.9,Mixed,Muslim
Newham,Zakariya Primary School,Not applicable,Independent schools,120,101,0,Mixed,Muslim
Waltham Forest,Walthamstow Montessori School,Not applicable,Independent schools,150,109,0,Mixed,None
Croydon,Al-Khair School,Not applicable,Independent schools,105,96,0,Boys,None
Newham,Madaniyah Foundation,Not applicable,Independent schools,48,33,0,Mixed,None
Merton,Lavender Lodge School,Not applicable,Special schools,73,65,0,Mixed,None
Ealing,Ealing Primary Centre,Not applicable,Local authority maintained schools,12,4,25.0,Mixed,Does not apply
Newham,Quwwat Ul Islam Girls' School,Not applicable,Independent schools,310,204,0,Girls,None
Hackney,New Regent's College,Not applicable,Local authority maintained schools,200,83,62.7,Mixed,Does not apply
Kensington and Chelsea,Notting Hill Prep School,Not applicable,Independent schools,540,383,0,Mixed,None
Hounslow,Heathfield House School,Not applicable,Independent schools,220,142,0,Mixed,None
Barnet,Woodcroft Primary School,Primary,Local authority maintained schools,420,414,29.2,Mixed,Does not apply
Haringey,Chestnuts Primary School,Primary,Local authority maintained schools,446,439,18.9,Mixed,Does not apply
Haringey,North Harringay Primary School,Primary,Local authority maintained schools,460,412,22.6,Mixed,Does not apply
Lambeth,Silburn Reid,Not applicable,Other types,0,0,0,Mixed,Does not apply
Hackney,Mossbourne Community Academy,Secondary,Academies,1400,1441,48.4,Mixed,Does not apply
Barnet,North London Grammar School,Not applicable,Independent schools,404,223,0,Mixed,None
Bexley,Bishop Ridley Church of England VA Primary School,Primary,Local authority maintained schools,476,371,6.7,Mixed,Church of England
Islington,The Gower School,Not applicable,Independent schools,350,246,0,Mixed,None
Barnet,London Academy,All-through,Academies,1870,1736,44.0,Mixed,Does not apply
Haringey,The Avenue Pre-Preparatory School and Nursery,Not applicable,Independent schools,100,76,0,Mixed,None
Tower Hamlets,London East Academy,Not applicable,Independent schools,160,153,0,Boys,None
Lambeth,The Elms Academy,Secondary,Academies,875,836,51.3,Mixed,Christian
Westminster,Wetherby Preparatory School,Not applicable,Independent schools,450,351,0,Boys,None
Brent,Ashley College,Not applicable,Local authority maintained schools,20,3,100.0,Mixed,Does not apply
Southwark,Rye Oak Primary School,Primary,Local authority maintained schools,420,262,57.3,Mixed,Does not apply
Westminster,Abingdon House School,Not applicable,Special schools,180,148,0,Mixed,None
Newham,New Directions,Not applicable,Local authority maintained schools,60,18,83.3,Mixed,Does not apply
Harrow,St John's CofE School,Primary,Local authority maintained schools,420,280,30.7,Mixed,Church of England
Richmond upon Thames,Kew Green Preparatory School,Not applicable,Independent schools,270,240,0,Mixed,None
Hillingdon,Harefield School,Secondary,Academies,1000,254,44.3,Mixed,Does not apply
Sutton,Sutton Tuition and Reintegration Service,Not applicable,Local authority maintained schools,90,1,0.0,Mixed,Does not apply
Lewisham,Haberdashers' Knights Academy,Secondary,Academies,1340,1130,45.3,Mixed,Does not apply
Barnet,Orange Tree School,Not applicable,Special schools,110,63,0,Mixed,None
Lewisham,Haberdashers' Hatcham College,Secondary,Academies,1440,1401,32.0,Mixed,Does not apply
Barnet,Akiva School,Primary,Local authority maintained schools,420,420,0.5,Mixed,Jewish
Camden,Alleyns Regents Park Prep,Not applicable,Independent schools,486,320,0,Mixed,None
Ealing,Ayesha Siddiqa Girls School,Not applicable,Independent schools,220,67,0,Girls,None
Camden,"Gloucester House, The Tavistock Children's Day Unit",Not applicable,Special schools,21,13,0,Mixed,None
Hammersmith and Fulham,Parayhouse School,Not applicable,Special schools,60,52,49.0,Mixed,Does not apply
Waltham Forest,Our Lady and St George's Catholic Primary School,Primary,Local authority maintained schools,450,328,38.7,Mixed,Roman Catholic
Harrow,Cedars Manor School,Primary,Local authority maintained schools,486,388,35.1,Mixed,Does not apply
Barnet,Martin Primary School,Primary,Local authority maintained schools,696,657,30.3,Mixed,Does not apply
Bromley,Riverside School,Not applicable,Special schools,319,357,40.1,Mixed,Does not apply
Westminster,Ark King Solomon Academy,All-through,Academies,1300,1307,62.1,Mixed,None
Croydon,Harris Academy South Norwood,Secondary,Academies,1150,1018,38.7,Mixed,Does not apply
Southwark,Southwark Inclusive Learning Service (Sils),Not applicable,Local authority maintained schools,112,41,78.0,Mixed,Does not apply
Hounslow,The Rosary Catholic Primary School,Primary,Local authority maintained schools,472,387,17.6,Mixed,Roman Catholic
Lewisham,St Matthew Academy,All-through,Academies,1650,1065,35.0,Mixed,Roman Catholic
Wandsworth,L'Ecole de Battersea,Not applicable,Independent schools,290,276,0,Mixed,None
Brent,Maple Walk School,Not applicable,Independent schools,250,174,0,Mixed,None
Croydon,Harris City Academy Crystal Palace,Secondary,Academies,1300,1162,37.1,Mixed,Does not apply
Southwark,Ark Walworth Academy,Secondary,Academies,1200,971,68.6,Mixed,Does not apply
Wandsworth,Ashcroft Technology Academy,Secondary,Academies,1450,1511,29.9,Mixed,Does not apply
Brent,Southover Partnership School,Not applicable,Special schools,75,51,0,Mixed,None
Lambeth,Ark Evelyn Grace Academy,Secondary,Academies,1200,348,61.8,Mixed,Does not apply
Southwark,London Christian School,Not applicable,Independent schools,130,118,0,Mixed,Christian
City of London,Guildhall School of Music and Drama,Not applicable,Universities,0,0,0,Mixed,Does not apply
Croydon,Harris Federation Post 16,Not applicable,Colleges,0,0,0,Mixed,Does not apply
Harrow,Harrow Collegiate,Not applicable,Colleges,0,0,0,Mixed,Does not apply
Ealing,Khalsa Primary School,Primary,Local authority maintained schools,472,416,25.4,Mixed,Sikh
Ealing,Insights Independent School,Not applicable,Special schools,100,55,0,Mixed,None
Barnet,Wren Academy Finchley,All-through,Academies,1600,1639,14.7,Mixed,Church of England
Kensington and Chelsea,Chelsea Academy,Secondary,Academies,1050,1126,46.7,Mixed,Church of England
Haringey,TreeHouse School,Not applicable,Special schools,112,104,46.4,Mixed,Does not apply
Waltham Forest,Hawkswood Primary PRU,Not applicable,Local authority maintained schools,44,0,0.0,Mixed,Does not apply
Hounslow,The Orchard Primary School,Primary,Local authority maintained schools,708,657,17.6,Mixed,Does not apply
Southwark,Ark Globe Academy,All-through,Academies,1645,1275,63.9,Mixed,Does not apply
Islington,City of London Academy Islington,Secondary,Academies,805,896,61.9,Mixed,Does not apply
Havering,Branfil Primary School,Primary,Local authority maintained schools,600,554,9.9,Mixed,Does not apply
Brent,Ark Academy,All-through,Academies,1650,1642,34.1,Mixed,Does not apply
Lambeth,Iqra Primary School,Primary,Local authority maintained schools,250,244,34.8,Mixed,Muslim
Kensington and Chelsea,Snowflake School,Not applicable,Special schools,43,42,0,Mixed,None
Croydon,Oasis Academy Coulsdon,Secondary,Academies,930,934,27.5,Mixed,Does not apply
Bromley,The Tutorial Foundation,Not applicable,Special schools,45,34,0,Mixed,None
Westminster,Pimlico Academy,Secondary,Academies,1250,1095,57.5,Mixed,Does not apply
Bexley,Harris Academy Falconwood,Secondary,Academies,1150,1284,17.9,Mixed,Does not apply
Haringey,Kestrel House School,Not applicable,Special schools,39,37,0,Mixed,None
Harrow,Heartwood House,Not applicable,Independent schools,60,60,0,Mixed,None
Hammersmith and Fulham,London Vocational Ballet School,Not applicable,Independent schools,65,47,0,Mixed,None
Barnet,JCoSS,Secondary,Local authority maintained schools,1360,1381,4.1,Mixed,Jewish
Wandsworth,Saint John Bosco College,Secondary,Local authority maintained schools,1050,828,51.0,Mixed,Roman Catholic
Ealing,North West London Independent Special School,Not applicable,Special schools,69,57,0,Mixed,None
City of London,Fashion Retail Academy,Not applicable,Other types,500,0,0,Mixed,Does not apply
Sutton,Greenholm School,Not applicable,Special schools,120,119,0,Mixed,None
Havering,Crowlands Primary School,Primary,Local authority maintained schools,720,669,21.4,Mixed,Does not apply
Southwark,Harris Boys' Academy East Dulwich,Secondary,Academies,950,907,35.2,Boys,Does not apply
Hounslow,Bedfont Primary School,Primary,Local authority maintained schools,530,541,21.4,Mixed,Does not apply
Hackney,"The City Academy, Hackney",Secondary,Academies,1170,1152,55.9,Mixed,Does not apply
Enfield,Freshsteps Independent school,Not applicable,Independent schools,120,57,0,Mixed,None
Hounslow,Chatsworth Primary School,Primary,Local authority maintained schools,710,631,12.5,Mixed,Does not apply
Lewisham,Marathon Science School,Not applicable,Independent schools,120,45,0,Boys,None
Bexley,Haberdashers' Crayford Academy,Secondary,Academies,1150,1078,35.5,Mixed,Does not apply
Croydon,Harris Academy Purley,Secondary,Academies,1150,1022,39.3,Mixed,Does not apply
Enfield,Oasis Academy Hadley,All-through,Academies,1650,1511,60.6,Mixed,Does not apply
Croydon,Oasis Academy Shirley Park,Secondary,Academies,1955,1659,50.6,Mixed,Does not apply
Brent,E-ACT Crest Academy,Secondary,Academies,1650,1206,48.9,Mixed,Does not apply
Haringey,Assunnah Primary School,Not applicable,Independent schools,139,134,0,Mixed,None
Tower Hamlets,Faraday School,Not applicable,Independent schools,140,108,0,Mixed,None
Barnet,Edgware Jewish Girls - Beis Chinuch,Not applicable,Independent schools,274,286,0,Girls,None
Hackney,Bnos Zion of Bobov,Not applicable,Independent schools,380,344,0,Girls,Orthodox Jewish
Barking and Dagenham,Dagenham Park CofE School,Secondary,Local authority maintained schools,1470,1458,40.2,Mixed,Church of England
Hillingdon,Lady Nafisa School,Not applicable,Independent schools,100,88,0,Girls,Islam
Newham,East London Independent School,Not applicable,Special schools,186,75,0,Mixed,None
Kensington and Chelsea,Chepstow House School,Not applicable,Independent schools,545,404,0,Mixed,None
Havering,Drapers' Academy,Secondary,Academies,1120,1206,43.5,Mixed,Does not apply
Greenwich,Wize Up,Not applicable,Special schools,70,45,0,Mixed,None
Greenwich,StreetVibes Media Academy,Not applicable,Independent schools,40,25,0,Mixed,None
Wandsworth,Roehampton Gate School,Not applicable,Special schools,75,52,0,Mixed,None
Hackney,Skinners' Academy,Secondary,Academies,1150,987,58.2,Mixed,Does not apply
Enfield,Lift Aylward,Secondary,Academies,1485,1401,46.0,Mixed,Does not apply
Hammersmith and Fulham,Hammersmith Academy,Secondary,Academies,975,950,34.6,Mixed,Does not apply
Hounslow,Heston Primary School,Primary,Local authority maintained schools,472,414,30.2,Mixed,Does not apply
Croydon,The Quest Academy,Secondary,Academies,1115,903,33.6,Mixed,Does not apply
Richmond upon Thames,Lift Richmond Park,Secondary,Academies,1100,1039,27.7,Mixed,Does not apply
Croydon,Cumnor House School,Not applicable,Independent schools,181,143,0,Girls,None
Bromley,TLC The Learning Centre,Not applicable,Special schools,50,38,0,Mixed,None
Brent,Bnos Beis Yaakov Primary School,Not applicable,Independent schools,160,99,0,Girls,None
Redbridge,Stradbroke,Not applicable,Special schools,6,1,0,Girls,None
Barnet,The Holmewood School,Not applicable,Special schools,100,92,0,Mixed,None
Bromley,Baston House School,Not applicable,Special schools,121,120,0,Mixed,None
Redbridge,Chadwell Heath Academy,Secondary,Academies,1250,1250,23.2,Mixed,None
Bromley,Kemnal Technology College,Secondary,Academies,700,509,48.8,Mixed,None
Barnet,"Queen Elizabeth's School, Barnet",Secondary,Academies,1200,1314,3.7,Boys,None
Southwark,The Charter School North Dulwich,Secondary,Academies,1130,1330,20.1,Mixed,None
Barnet,Ashmole Academy,Secondary,Academies,1551,1823,11.4,Mixed,None
Southwark,Kingsdale Foundation School,Secondary,Academies,1750,2547,19.3,Mixed,None
Enfield,Kingsmead School,Secondary,Academies,1470,1502,38.6,Mixed,Does not apply
Hillingdon,Guru Nanak Sikh Academy,All-through,Academies,1500,1580,16.3,Mixed,Sikh
Bexley,Beths Grammar School,Secondary,Academies,1740,1664,11.1,Boys,None
Hounslow,Lampton Academy,Secondary,Academies,1502,1510,28.3,Mixed,None
Bromley,Darrick Wood School,Secondary,Academies,1825,1687,13.7,Mixed,None
Waltham Forest,Roger Ascham Primary School,Primary,Academies,480,407,27.4,Mixed,Does not apply
Waltham Forest,Yardley Primary School,Primary,Academies,510,521,14.5,Mixed,Does not apply
Bexley,Bexley Grammar School,Secondary,Academies,1357,1502,3.0,Mixed,None
Barnet,Beit Shvidler Primary School,Primary,Local authority maintained schools,240,230,3.9,Mixed,Jewish
Waltham Forest,Hillyfield Primary Academy,Primary,Academies,720,1194,18.3,Mixed,Does not apply
Barnet,The Compton School,Secondary,Academies,1350,1352,31.3,Mixed,Does not apply
Lewisham,Drumbeat School and ASD Service,Not applicable,Special schools,275,294,49.6,Mixed,Does not apply
Barking and Dagenham,George Carey Church of England Primary School,Primary,Local authority maintained schools,726,642,20.8,Mixed,Church of England
Ealing,Christ the Saviour Church of England Primary School,Primary,Local authority maintained schools,905,899,15.4,Mixed,Church of England
Lambeth,Platanos College,Secondary,Academies,1000,916,56.3,Mixed,None
Bromley,Orion Coopers,Secondary,Academies,1629,1318,24.9,Mixed,None
Bromley,Bishop Justus CofE School,Secondary,Academies,1355,1171,32.2,Mixed,Church of England
Bromley,Chislehurst School for Girls,Secondary,Academies,1344,1165,17.8,Girls,None
Merton,RR6,Not applicable,Colleges,0,0,0,Mixed,None
Bromley,Ravens Wood School,Secondary,Academies,1439,1592,12.0,Boys,None
Hillingdon,Haydon School,Secondary,Academies,2040,1549,22.9,Mixed,None
Hounslow,Cranford Community College,Secondary,Academies,1380,1554,29.9,Mixed,None
Bexley,"Trinity Church of England School, Belvedere",Secondary,Academies,900,1051,33.3,Mixed,Church of England
Bromley,The Ravensbourne School,Secondary,Academies,1330,1531,29.9,Mixed,None
Bromley,Charles Darwin School,Secondary,Academies,1356,1314,23.5,Mixed,None
Bromley,Newstead Wood School,Secondary,Academies,955,1262,6.3,Girls,None
Croydon,Whitehorse Manor Infant School,Primary,Academies,386,377,37.9,Mixed,Does not apply
Croydon,Whitehorse Manor Junior School,Primary,Academies,480,454,44.9,Mixed,Does not apply
Croydon,Ecclesbourne Primary School,Primary,Academies,420,443,33.3,Mixed,Does not apply
Havering,The Brittons Academy,Secondary,Academies,1150,711,37.3,Mixed,None
Bromley,Langley Park School for Boys,Secondary,Academies,1676,1820,7.8,Boys,None
Bexley,East Wickham Primary Academy,Primary,Academies,686,614,34.4,Mixed,Does not apply
Havering,The Coopers' Company and Coborn School,Secondary,Academies,1550,1550,5.7,Mixed,Christian
Kingston upon Thames,The Tiffin Girls' School,Secondary,Academies,1001,1256,7.2,Girls,None
Sutton,Wilson's School,Secondary,Academies,1327,1312,5.6,Boys,Church of England
Hillingdon,Swakeleys School for Girls,Secondary,Academies,1174,1398,25.3,Girls,None
Bromley,Hayes School,Secondary,Academies,1602,1771,10.6,Mixed,None
Brent,Claremont High School,Secondary,Academies,1680,1657,18.2,Mixed,None
Barnet,East Barnet School,Secondary,Academies,1445,1427,21.6,Mixed,Does not apply
Havering,Abbs Cross Academy and Arts College,Secondary,Academies,888,887,25.8,Mixed,None
Southwark,Dulwich Hamlet Junior School,Primary,Academies,360,364,14.8,Mixed,Does not apply
Newham,Brampton Manor Academy,Secondary,Academies,2046,2914,42.5,Mixed,Does not apply
Merton,RISE Education,Not applicable,Independent schools,40,19,0,Mixed,None
Bromley,Bullers Wood School,Secondary,Academies,1536,1571,11.6,Girls,None
Hillingdon,Queensmead School,Secondary,Academies,1476,1499,21.3,Mixed,None
Croydon,Gonville Academy,Primary,Academies,532,442,24.4,Mixed,Does not apply
Bexley,Welling School,Secondary,Academies,1850,1087,29.5,Mixed,None
Ealing,Wood End Primary School,Primary,Academies,420,417,19.9,Mixed,None
Kensington and Chelsea,Catch22 Include London,Not applicable,Special schools,52,16,0,Mixed,None
Barking and Dagenham,Al Madina School for Girls,Not applicable,Independent schools,120,98,0,Girls,None
Kensington and Chelsea,SIAL,Not applicable,Independent schools,160,89,0,Mixed,None
Hammersmith and Fulham,West London Free School,Secondary,Free Schools,920,921,24.1,Mixed,None
Sutton,Overton Grange School,Secondary,Academies,1330,1120,28.3,Mixed,Does not apply
Hillingdon,Uxbridge High School,Secondary,Academies,1298,1345,36.5,Mixed,None
Sutton,Cheam High School,Secondary,Academies,1980,2103,14.1,Mixed,None
Sutton,Sutton Grammar School,Secondary,Academies,840,1043,1.3,Boys,None
Sutton,Wallington High School for Girls,Secondary,Academies,1460,1547,11.4,Girls,None
Sutton,Nonsuch High School for Girls,Secondary,Academies,1283,1494,6.9,Girls,None
Sutton,Westbourne Primary School,Primary,Academies,630,656,14.2,Mixed,Does not apply
Sutton,Carshalton High School for Girls,Secondary,Academies,1197,1441,25.8,Girls,Does not apply
Sutton,Wallington County Grammar School,Secondary,Academies,1100,1117,6.8,Boys,None
Sutton,Carshalton Boys Sports College,Secondary,Academies,1197,1521,29.8,Boys,Does not apply
Sutton,Greenshaw High School,Secondary,Academies,1970,1961,28.5,Mixed,Does not apply
Camden,St Luke's Church of England School,Primary,Free Schools,105,90,34.4,Mixed,Church of England
Haringey,Eden Primary,Primary,Free Schools,210,205,1.0,Mixed,Jewish
Hounslow,Cranford Primary School,Primary,Local authority maintained schools,708,683,18.0,Mixed,Does not apply
Hackney,Beis Yaakov Girls School,Not applicable,Independent schools,120,109,0,Girls,Charadi Jewish
Wandsworth,Chestnut Grove Academy,Secondary,Academies,1240,1321,27.2,Mixed,None
Kingston upon Thames,Tiffin School,Secondary,Academies,1400,1462,3.1,Boys,Christian
Sutton,Glenthorne High School,Secondary,Academies,1558,1782,13.4,Mixed,None
Bromley,Warren Road Primary School,Primary,Academies,840,840,2.3,Mixed,Does not apply
Bromley,Hayes Primary School,Primary,Academies,654,601,4.5,Mixed,None
Bexley,Willow Bank Primary School,Primary,Academies,420,210,61.4,Mixed,Does not apply
Redbridge,Aldborough Primary School,Primary,Free Schools,420,365,17.8,Mixed,Does not apply
Barnet,Etz Chaim Jewish Primary School,Primary,Free Schools,196,176,1.7,Mixed,Jewish
Enfield,Woodpecker Hall Primary Academy,Primary,Free Schools,960,780,37.9,Mixed,None
Newham,Stratford School Academy,Secondary,Academies,1500,1480,47.8,Mixed,None
Wandsworth,Graveney School,Secondary,Academies,2160,2343,17.1,Mixed,None
Bromley,Langley Park School for Girls,Secondary,Academies,1642,1707,9.0,Girls,None
Hounslow,Rivers Academy West London,Secondary,Academies,1080,1044,32.3,Mixed,Does not apply
Tower Hamlets,"Canary Wharf College, East Ferry",Primary,Free Schools,280,306,5.9,Mixed,Christian
Richmond upon Thames,Radnor House,Not applicable,Independent schools,509,481,0,Mixed,None
Harrow,Nower Hill High School,Secondary,Academies,1980,2023,18.9,Mixed,Does not apply
Bromley,Darrick Wood Infant & Nursery School,Primary,Academies,348,306,8.0,Mixed,Does not apply
Bromley,Stewart Fleming Primary School,Primary,Academies,630,547,14.6,Mixed,Does not apply
Havering,The Campion School,Secondary,Academies,1050,1244,9.8,Boys,Roman Catholic
Kingston upon Thames,Tolworth Girls' School and Sixth Form,Secondary,Academies,1477,1486,15.7,Girls,None
Bromley,Pickhurst Infant Academy,Primary,Academies,360,327,7.6,Mixed,Does not apply
Bromley,Pickhurst Academy,Primary,Academies,528,512,7.4,Mixed,Does not apply
Harrow,Park High School,Secondary,Academies,1800,1471,26.0,Mixed,Does not apply
Hillingdon,Rosedale College,Secondary,Academies,1660,931,22.6,Mixed,None
Hillingdon,Hewens College,Secondary,Academies,750,412,26.4,Mixed,None
Redbridge,The Palmer Catholic Academy,Secondary,Academies,1174,1155,26.8,Mixed,Roman Catholic
Lambeth,Dunraven School,All-through,Academies,1767,1789,39.1,Mixed,None
Enfield,Enfield Grammar School,Secondary,Academies,1111,1025,30.2,Boys,None
Croydon,Ark Oval Primary Academy,Primary,Academies,630,601,32.8,Mixed,None
Bromley,Harris Academy Beckenham,Secondary,Academies,1200,1264,19.0,Mixed,None
Barnet,Queen Elizabeth's Girls' School,Secondary,Academies,1146,1107,21.2,Girls,Does not apply
Bexley,Lift Bexleyheath,Secondary,Academies,1900,1487,26.5,Mixed,None
Hammersmith and Fulham,The London Oratory School,Secondary,Academies,1231,1398,11.3,Boys,Roman Catholic
Harrow,Harrow High School,Secondary,Academies,1100,1013,30.6,Mixed,Does not apply
Harrow,Bentley Wood High School,Secondary,Academies,1464,1394,28.7,Girls,Does not apply
Camden,The UCL Academy,Secondary,Academies,1150,1015,46.4,Mixed,Does not apply
Croydon,David Livingstone Academy,Primary,Academies,210,196,31.1,Mixed,Does not apply
Havering,Hall Mead School,Secondary,Academies,982,1066,12.9,Mixed,None
Harrow,Rooks Heath School,Secondary,Academies,1250,1198,34.4,Mixed,Does not apply
Harrow,Canons High School,Secondary,Academies,1280,1217,28.5,Mixed,Does not apply
Harrow,Hatch End High School,Secondary,Academies,1337,1265,35.7,Mixed,Does not apply
Bromley,Balgowan Primary School,Primary,Academies,654,618,5.0,Mixed,Does not apply
Ealing,Drayton Manor High School,Secondary,Academies,1582,1413,37.4,Mixed,None
Havering,Sacred Heart of Mary Girls' School,Secondary,Academies,797,829,12.7,Girls,Roman Catholic
Bromley,Valley Primary School,Primary,Academies,450,460,11.2,Mixed,Does not apply
Bromley,Biggin Hill Primary School,Primary,Academies,458,461,13.6,Mixed,Does not apply
Hounslow,Tarbiyyah Primary School,Not applicable,Independent schools,170,161,0,Mixed,None
Lambeth,Corpus Christi Catholic Primary School,Primary,Academies,443,402,19.3,Mixed,Roman Catholic
Kingston upon Thames,Richard Challoner School,Secondary,Academies,966,1078,9.7,Boys,Roman Catholic
Barnet,Independent Jewish Day School,Primary,Academies,228,222,0.0,Mixed,Jewish
Hackney,Bnei Zion Community School,Not applicable,Independent schools,200,148,0,Boys,None
Westminster,Ark Atwood Primary Academy,Primary,Free Schools,450,431,47.1,Mixed,None
Waltham Forest,Burnside Secondary PRU,Not applicable,Local authority maintained schools,56,23,39.1,Mixed,Does not apply
Hammersmith and Fulham,Ark Conway Primary Academy,Primary,Free Schools,210,207,38.2,Mixed,None
Camden,Guildhouse School,Not applicable,Independent schools,450,163,0,Mixed,None
Westminster,The St Marylebone CofE School,Secondary,Academies,1170,1170,24.9,Girls,Church of England
Barnet,Clarion,Secondary,Academies,1052,688,50.8,Mixed,None
Bromley,Harris Girls Academy Bromley,Secondary,Academies,1250,1096,27.0,Girls,None
Bexley,Northumberland Heath Primary School,Primary,Academies,682,473,52.7,Mixed,Does not apply
Barnet,Mill Hill County High School,Secondary,Academies,1538,1651,20.0,Mixed,None
Barnet,Christ's College Finchley,Secondary,Academies,1007,990,27.9,Mixed,Does not apply
Islington,The New North Academy,Primary,Academies,315,169,67.7,Mixed,Does not apply
Havering,Redden Court School,Secondary,Academies,1050,1061,17.9,Mixed,Does not apply
Hillingdon,Bishop Ramsey Church of England School,Secondary,Academies,1245,1256,11.1,Mixed,Church of England
Southwark,Harris Primary Academy Peckham Park,Primary,Academies,420,274,54.1,Mixed,Does not apply
Havering,Emerson Park Academy,Secondary,Academies,960,1034,21.8,Mixed,Does not apply
Bexley,Peareswood Primary School,Primary,Academies,472,431,49.1,Mixed,Does not apply
Redbridge,The Ursuline Academy Ilford,Secondary,Academies,760,748,24.3,Girls,Roman Catholic
Bexley,Chislehurst and Sidcup Grammar School,Secondary,Academies,1344,1517,2.7,Mixed,Does not apply
Lambeth,Oasis Academy South Bank Primary,Primary,Academies,246,172,46.7,Mixed,Does not apply
Lewisham,Tidemill Academy,Primary,Academies,420,448,41.9,Mixed,Does not apply
Hackney,Clapton Girls' Academy,Secondary,Academies,1200,1185,36.7,Girls,Does not apply
Barnet,Peninim,Not applicable,Independent schools,120,135,0,Girls,None
Hackney,Beis Ruchel D'Satmar London,Not applicable,Independent schools,1150,1085,0,Girls,Orthodox Jewish
Sutton,Wandle Valley Academy,Not applicable,Academies,80,95,72.6,Mixed,Does not apply
Haringey,Alexandra Park School,Secondary,Academies,1290,1880,13.9,Mixed,Does not apply
Barnet,Hasmonean High School for Boys,Secondary,Academies,747,772,8.6,Boys,Jewish
Ealing,Twyford Church of England High School,Secondary,Academies,1372,1626,16.5,Mixed,Church of England
Waltham Forest,Highams Park School,Secondary,Academies,1700,1547,23.5,Mixed,None
Wandsworth,Belleville Primary School,Primary,Academies,922,1006,16.0,Mixed,Does not apply
Islington,William Tyndale Primary School,Primary,Academies,450,447,25.3,Mixed,Does not apply
Croydon,Croydon Metropolitan College,Not applicable,Independent schools,120,9,0,Mixed,None
Ealing,Holy Family Catholic Primary School,Primary,Local authority maintained schools,420,453,13.0,Mixed,Roman Catholic
Kingston upon Thames,Lime Tree Primary School,Primary,Local authority maintained schools,420,227,26.9,Mixed,None
Hounslow,Springwest Academy,Secondary,Academies,1351,914,43.9,Mixed,None
Hillingdon,Bishopshalt School,Secondary,Academies,1311,1294,26.6,Mixed,None
Hillingdon,Vyners School,Secondary,Academies,1136,1515,11.1,Mixed,None
Barnet,Hendon School,Secondary,Academies,1269,1222,38.5,Mixed,None
Southwark,"Redriff Primary, City of London Academy",Primary,Academies,470,478,22.8,Mixed,Does not apply
Hillingdon,The Willows School,Not applicable,Academies,80,95,55.8,Mixed,Does not apply
Waltham Forest,Hawkswood (Therapeutic),Not applicable,Local authority maintained schools,32,0,0.0,Mixed,Does not apply
Kingston upon Thames,The Hollyfield School and Sixth Form Centre,Secondary,Academies,1160,1205,24.2,Mixed,None
Bexley,St Catherine's Catholic School,Secondary,Academies,1050,1040,13.3,Girls,Roman Catholic
Tower Hamlets,Sir William Burrough Primary School,Primary,Academies,360,326,33.7,Mixed,Does not apply
Bromley,Crofton Junior School,Primary,Academies,720,715,7.4,Mixed,None
Brent,Kingsbury High School,Secondary,Academies,2050,1997,30.4,Mixed,None
Redbridge,Forest Academy,Secondary,Academies,940,823,31.0,Mixed,None
Ealing,Featherstone High School,Secondary,Academies,1627,1773,33.9,Mixed,Does not apply
Haringey,Mulberry Academy Woodside,Secondary,Academies,1200,1156,29.7,Mixed,Does not apply
Croydon,Norbury High School for Girls,Secondary,Academies,1370,1173,31.5,Girls,None
Bexley,Townley Grammar School,Secondary,Academies,1550,1670,8.5,Girls,Does not apply
Croydon,Shirley High School Performing Arts College,Secondary,Academies,1105,785,48.7,Mixed,None
Tower Hamlets,Mulberry Academy Shoreditch,Secondary,Academies,1100,1419,56.6,Mixed,Does not apply
Ealing,La Chouette School,Not applicable,Independent schools,60,26,0,Mixed,None
Hackney,Leaways School,Not applicable,Special schools,100,79,0,Mixed,None
Hackney,Wiznitz Cheder School,Not applicable,Independent schools,120,73,0,Boys,None
Hillingdon,Northwood School,Secondary,Academies,1080,1031,19.2,Mixed,None
Hillingdon,Barnhill Community High School,Secondary,Academies,1422,1569,36.8,Mixed,None
Kingston upon Thames,Coombe Girls' School,Secondary,Academies,1558,1538,21.1,Girls,Does not apply
Kingston upon Thames,St Agatha's Catholic Primary School,Primary,Academies,420,346,13.4,Mixed,Roman Catholic
Kingston upon Thames,Coombe Boys' School,Secondary,Academies,1100,1030,16.3,Boys,None
Hounslow,Chiswick School,Secondary,Academies,1300,1590,30.4,Mixed,None
Kingston upon Thames,Southborough High School,Secondary,Academies,915,928,20.9,Boys,Does not apply
Hillingdon,The Douay Martyrs Catholic School,Secondary,Academies,1297,1437,18.9,Mixed,Roman Catholic
Hounslow,"Gumley House RC Convent School, FCJ",Secondary,Academies,1220,1077,23.5,Girls,Roman Catholic
Bromley,Tubbenden Primary School,Primary,Academies,654,667,6.5,Mixed,Does not apply
Hammersmith and Fulham,Sacred Heart High School,Secondary,Academies,793,1123,16.5,Girls,Roman Catholic
Hounslow,Isleworth and Syon School for Boys,Secondary,Academies,979,1021,25.8,Boys,None
Lambeth,City Heights E-ACT Academy,Secondary,Academies,1100,473,54.3,Mixed,Does not apply
Bromley,St James' Roman Catholic Primary School,Primary,Academies,218,218,3.7,Mixed,Roman Catholic
Croydon,St James the Great RC Primary and Nursery School,Primary,Academies,420,448,17.5,Mixed,Roman Catholic
Bexley,Blackfen School for Girls,Secondary,Academies,1500,1402,15.1,Girls,Does not apply
Brent,Saint Claudine's Catholic School for Girls,Secondary,Academies,1044,966,41.7,Girls,Roman Catholic
Hounslow,St Mark's Catholic School,Secondary,Academies,1213,1215,11.1,Mixed,Roman Catholic
Barnet,The Henrietta Barnett School,Secondary,Academies,779,807,4.8,Girls,None
Hackney,TTD Gur School,Not applicable,Independent schools,140,160,0,Boys,None
Hillingdon,Moorcroft School,Not applicable,Academies,134,147,46.9,Mixed,Does not apply
Croydon,Riddlesdown Collegiate,Secondary,Academies,2040,2067,13.4,Mixed,None
Croydon,Woodcote High School,Secondary,Academies,1283,1273,25.0,Mixed,Does not apply
Newham,School 21,All-through,Free Schools,1200,1098,47.0,Mixed,None
Tower Hamlets,Wapping High School,Secondary,Free Schools,420,294,34.0,Mixed,None
Enfield,Kingfisher Hall Primary Academy,Primary,Free Schools,480,444,36.8,Mixed,None
Croydon,St Joseph's College,Secondary,Academies,1050,807,36.2,Boys,Roman Catholic
Harrow,Avanti House School,Secondary,Free Schools,1260,1182,6.0,Mixed,Hindu
Greenwich,Ark Greenwich Free School,Secondary,Free Schools,600,601,37.2,Mixed,None
Waltham Forest,Emmanuel Community School,Primary,Free Schools,210,135,34.1,Mixed,Christian
Hounslow,Reach Academy Feltham,All-through,Free Schools,1000,933,41.4,Mixed,None
Wandsworth,Ark Bolingbroke Academy,Secondary,Free Schools,800,770,30.9,Mixed,None
Barnet,Rimon Jewish Primary School,Primary,Free Schools,210,209,7.7,Mixed,Jewish
Tower Hamlets,Solebay Primary - A Paradigm Academy,Primary,Free Schools,350,188,38.3,Mixed,None
Westminster,Westminster City School,Secondary,Academies,890,800,44.6,Boys,Christian
Westminster,The Grey Coat Hospital,Secondary,Academies,1082,1132,26.2,Girls,Church of England
Havering,The Frances Bardsley Academy for Girls,Secondary,Academies,1340,1393,22.5,Girls,None
Croydon,St Cyprian's Greek Orthodox Primary Academy,Primary,Academies,446,275,17.5,Mixed,Greek Orthodox
Waltham Forest,Willow Brook Primary School Academy,Primary,Academies,675,664,22.1,Mixed,Does not apply
Hillingdon,Parkside Studio College,Secondary,Free Schools,300,61,30.8,Mixed,Does not apply
Bromley,Clannad Education Centre,Not applicable,Special schools,5,3,0,Mixed,None
Enfield,Enfield Heights Academy,Primary,Free Schools,210,199,46.7,Mixed,None
Bromley,Kings London,Not applicable,Independent schools,273,100,0,Mixed,None
Bexley,Park View Academy,Not applicable,Special schools,50,43,0,Mixed,None
Newham,London Academy of Excellence,16 plus,Free Schools,800,483,0.0,Mixed,None
Wandsworth,Wandsworth Preparatory School,Not applicable,Independent schools,150,96,0,Mixed,None
Haringey,Harris Primary Academy Coleraine Park,Primary,Academies,452,435,38.2,Mixed,None
Haringey,Harris Primary Academy Philip Lane,Primary,Academies,446,428,27.6,Mixed,None
Greenwich,Harris Academy Greenwich,Secondary,Academies,1150,1172,30.6,Mixed,None
Waltham Forest,Lime Academy Hornbeam,Not applicable,Academies,295,290,50.6,Mixed,None
Brent,Wembley High Technology College,Secondary,Academies,1330,1553,16.0,Mixed,None
Harrow,Salvatorian Roman Catholic College,Secondary,Academies,687,737,22.4,Boys,Roman Catholic
Kingston upon Thames,The Holy Cross School,Secondary,Academies,827,988,11.5,Girls,Roman Catholic
Richmond upon Thames,Teddington School,Secondary,Academies,1440,1381,17.4,Mixed,Does not apply
Richmond upon Thames,Waldegrave School,Secondary,Academies,1246,1467,9.6,Mixed,Does not apply
Merton,Harris Academy Morden,Secondary,Academies,1150,879,45.2,Mixed,None
Croydon,Robert Fitzroy Academy,Primary,Academies,750,599,25.5,Mixed,None
Hackney,Vishnitz Girls School,Not applicable,Independent schools,550,474,0,Girls,Orthodox Jewish
Redbridge,Ark Isaac Newton Academy,All-through,Academies,1800,1760,31.4,Mixed,None
Greenwich,Charlton Park Academy,Not applicable,Academies,209,222,54.2,Mixed,Does not apply
Tower Hamlets,Buttercup Primary School,Not applicable,Independent schools,160,113,0,Mixed,None
Haringey,Lift Noel Park,Primary,Academies,420,621,28.2,Mixed,None
Haringey,Lift Trinity,Primary,Academies,500,463,19.1,Mixed,None
Kensington and Chelsea,The Stewart Bilingual School,Not applicable,Independent schools,70,70,0,Mixed,None
Hammersmith and Fulham,Lady Margaret School,Secondary,Academies,538,780,15.7,Girls,Church of England
Brent,Sudbury Primary School,Primary,Academies,930,924,25.1,Mixed,None
Brent,Queens Park Community School,Secondary,Academies,1250,1310,24.4,Mixed,None
Brent,Alperton Community School,Secondary,Academies,1970,1924,20.0,Mixed,None
Bromley,Crofton Infant School,Primary,Academies,560,590,2.5,Mixed,Does not apply
Croydon,St Thomas Becket Catholic Primary School,Primary,Academies,420,411,10.9,Mixed,Roman Catholic
Hillingdon,Cranford Park Academy,Primary,Academies,960,871,25.2,Mixed,Does not apply
Hillingdon,Wood End Park Academy,Primary,Academies,1104,907,28.3,Mixed,Does not apply
Bexley,St Columba's Catholic Boys' School,Secondary,Academies,900,809,21.7,Boys,Roman Catholic
Richmond upon Thames,Orleans Park School,Secondary,Academies,1360,1394,7.6,Mixed,Does not apply
Hammersmith and Fulham,Ark Bentworth Primary Academy,Primary,Academies,240,169,52.4,Mixed,Does not apply
Wandsworth,Ark Putney Academy,Secondary,Academies,1200,784,55.1,Mixed,None
Wandsworth,Southfields Academy,Secondary,Academies,1645,1179,46.4,Mixed,None
Barking and Dagenham,Thames View Infants,Primary,Academies,360,390,21.3,Mixed,Does not apply
Barnet,Copthall School,Secondary,Academies,1200,861,44.4,Girls,Does not apply
Bexley,Cleeve Park School,Secondary,Academies,1200,1009,33.0,Mixed,Does not apply
Croydon,Oasis Academy Byron,Primary,Academies,252,227,16.7,Mixed,Does not apply
Harrow,Krishna Avanti Primary School,Primary,Academies,420,454,3.4,Mixed,Hindu
Kingston upon Thames,Latchmere School,Primary,Academies,816,728,10.7,Mixed,Does not apply
Waltham Forest,Barclay Primary School,Primary,Academies,1260,1265,27.1,Mixed,Does not apply
Waltham Forest,Chingford Foundation School,Secondary,Academies,1524,1401,25.9,Mixed,None
Hounslow,The St Michael Steiner School,Not applicable,Independent schools,175,132,0,Mixed,None
Camden,La Petite Ecole Bilingue,Not applicable,Independent schools,165,100,0,Mixed,None
Newham,Hafs Academy,Not applicable,Independent schools,330,71,0,Boys,None
Lambeth,"Octavia House Schools, London",Not applicable,Special schools,125,109,0,Mixed,None
Richmond upon Thames,Grey Court School,Secondary,Academies,1398,1631,11.3,Mixed,Does not apply
Waltham Forest,South Chingford Foundation School,Secondary,Academies,675,617,36.3,Mixed,Does not apply
Hounslow,Heston Community School,Secondary,Academies,1395,1323,33.9,Mixed,None
Havering,Upminster Infant School,Primary,Academies,270,267,2.6,Mixed,Does not apply
Havering,Upminster Junior School,Primary,Academies,360,362,3.6,Mixed,Does not apply
Southwark,Sacred Heart Catholic School,Secondary,Academies,750,903,45.6,Mixed,Roman Catholic
Greenwich,Shooters Hill Sixth Form College,16 plus,Academies,1500,0,0.0,Mixed,Does not apply
Hillingdon,Belmore Primary Academy,Primary,Academies,639,571,29.6,Mixed,Does not apply
Waltham Forest,The Woodside Primary Academy,Primary,Academies,1260,1285,29.7,Mixed,Does not apply
Croydon,Aerodrome Primary Academy,Primary,Academies,420,466,32.9,Mixed,Does not apply
Hounslow,Brentford School for Girls,Secondary,Academies,949,837,31.5,Girls,Does not apply
Bexley,Belvedere Junior School,Primary,Academies,360,337,40.1,Mixed,Does not apply
Hillingdon,Brookside Primary School,Primary,Academies,630,359,34.5,Mixed,Does not apply
Haringey,St Ann's CE Primary School,Primary,Academies,210,199,44.1,Mixed,Church of England
Haringey,St Michael's CofE Primary School,Primary,Academies,236,146,43.6,Mixed,Church of England
Haringey,St Paul's and All Hallows CofE Infant School,Primary,Academies,180,87,11.4,Mixed,Church of England
Haringey,St Paul's and All Hallows CofE Junior School,Primary,Academies,240,115,36.5,Mixed,Church of England
Bexley,Christ Church (Erith) CofE Primary School,Primary,Academies,630,544,19.9,Mixed,Church of England
Bexley,St Augustine of Canterbury CofE Primary School,Primary,Academies,210,195,31.3,Mixed,Church of England
Tower Hamlets,Date Palm Primary,Not applicable,Independent schools,300,233,0,Mixed,None
Westminster,Eifa International School,Not applicable,Independent schools,165,131,0,Mixed,None
Haringey,Holy Trinity CofE Primary School,Primary,Academies,236,187,37.4,Mixed,Church of England
Haringey,Area 51 Education Ltd,Not applicable,Other types,0,0,0,Mixed,None
Waltham Forest,Chapel End Junior Academy,Primary,Academies,360,248,34.7,Mixed,Does not apply
Hillingdon,Laurel Lane Primary School,Primary,Academies,420,313,42.8,Mixed,Does not apply
Hounslow,Lift Kingsley,Secondary,Academies,1050,980,33.4,Mixed,Does not apply
Waltham Forest,Connaught School for Girls,Secondary,Academies,632,603,43.4,Girls,Does not apply
Hillingdon,Coteford Junior School,Primary,Academies,324,255,23.1,Mixed,Does not apply
Hillingdon,St Matthew's CofE Primary School,Primary,Academies,420,420,26.8,Mixed,Church of England
Hillingdon,Cowley St Laurence CofE Primary School,Primary,Academies,420,417,28.5,Mixed,Church of England
Havering,Bower Park Academy,Secondary,Academies,963,1016,35.7,Mixed,Does not apply
Waltham Forest,Whittingham Primary Academy,Primary,Academies,450,363,28.4,Mixed,Does not apply
Brent,Preston Manor School,All-through,Academies,1980,1927,28.9,Mixed,None
Haringey,St Thomas More Catholic School,Secondary,Academies,1260,1271,27.8,Mixed,Roman Catholic
Haringey,Haringey Sixth Form College,16 plus,Academies,1250,0,0.0,Mixed,Does not apply
Hammersmith and Fulham,Fulham Cross Academy,Secondary,Academies,720,596,40.8,Mixed,Does not apply
Hammersmith and Fulham,Fulham Cross Girls' School and Language College,Secondary,Academies,634,470,46.6,Girls,Does not apply
Westminster,St George's Catholic School,Secondary,Academies,1100,1153,34.0,Mixed,Roman Catholic
Croydon,Applegarth Academy,Primary,Academies,481,422,47.9,Mixed,Does not apply
Havering,Langtons Junior Academy,Primary,Academies,240,221,33.5,Mixed,Does not apply
Barnet,St Andrew the Apostle Greek Orthodox School,Secondary,Free Schools,1050,539,27.1,Mixed,Greek Orthodox
Westminster,Halcyon London International School,Not applicable,Independent schools,230,165,0,Mixed,None
Islington,The Courtyard Islington,Not applicable,Free Schools,72,68,48.3,Mixed,Does not apply
Richmond upon Thames,St Mary's Hampton Church of England Primary,Primary,Free Schools,210,169,16.6,Mixed,Church of England
Tower Hamlets,Our Lady and St Joseph Catholic Primary School,Primary,Local authority maintained schools,466,414,46.9,Mixed,Roman Catholic
Ealing,Brentside Primary School,Primary,Academies,480,394,37.3,Mixed,None
Barnet,Deansbrook Junior School,Primary,Academies,360,258,33.7,Mixed,Does not apply
Bexley,Pelham Primary School,Primary,Academies,446,414,15.3,Mixed,Does not apply
Hammersmith and Fulham,Ormiston Bridge Academy,Not applicable,Academies,64,46,60.9,Mixed,Does not apply
Hammersmith and Fulham,West London Free School Primary,Primary,Free Schools,420,416,24.8,Mixed,None
Richmond upon Thames,Thomson House School,Primary,Free Schools,420,371,8.6,Mixed,Does not apply
Bexley,Hope Community School,Primary,Free Schools,210,112,44.6,Mixed,Christian
Barnet,Alma Primary,Primary,Free Schools,210,185,8.6,Mixed,Jewish
Southwark,The Charter School Bermondsey,Secondary,Free Schools,600,470,53.7,Mixed,None
Wandsworth,Tooting Primary School,Primary,Free Schools,441,397,20.2,Mixed,None
Barnet,The Archer Academy,Secondary,Free Schools,810,809,12.9,Mixed,None
Enfield,Heron Hall Academy,Secondary,Free Schools,1400,1239,48.4,Mixed,Does not apply
Westminster,The St Marylebone Church of England Bridge School,Not applicable,Free Schools,70,71,52.1,Mixed,Does not apply
Tower Hamlets,The Complete Works,Not applicable,Independent schools,194,97,0,Mixed,None
Hillingdon,Charville Academy,Primary,Academies,420,452,25.2,Mixed,None
Haringey,Heartlands High School,Secondary,Academies,1080,1178,37.4,Mixed,Does not apply
Barnet,Parkfield Primary School,Primary,Academies,420,463,26.6,Mixed,Does not apply
Bromley,Gray's Farm Primary Academy,Primary,Academies,436,427,36.7,Mixed,Does not apply
Croydon,Harris Primary Academy Kenley,Primary,Academies,452,430,19.1,Mixed,Does not apply
Kensington and Chelsea,Ark Brunel Primary Academy,Primary,Academies,420,177,54.2,Mixed,Does not apply
Lambeth,Oasis Academy South Bank,Secondary,Free Schools,760,709,65.6,Mixed,None
Lewisham,Haberdashers' Hatcham Free School,Primary,Free Schools,420,419,7.2,Mixed,None
Bromley,Harris Primary Academy Kent House,Primary,Academies,472,410,30.5,Mixed,Does not apply
Wandsworth,Mosaic Jewish Primary School,Primary,Free Schools,420,180,20.0,Mixed,Jewish
Ealing,Ark Priory Primary Academy,Primary,Academies,466,457,43.3,Mixed,Does not apply
Newham,Harris Academy Chobham,All-through,Academies,1780,2044,41.6,Mixed,Does not apply
Southwark,Ark All Saints Academy,Secondary,Academies,600,581,61.8,Mixed,Church of England
Hounslow,Nishkam School West London,All-through,Free Schools,1400,1439,14.0,Mixed,Sikh
Waltham Forest,Riverley Primary School,Primary,Academies,450,450,22.0,Mixed,Does not apply
Waltham Forest,Sybourn Primary School,Primary,Academies,630,516,35.2,Mixed,Does not apply
Ealing,William Perkin Church of England High School,Secondary,Free Schools,1450,1396,25.1,Mixed,Church of England
Wandsworth,Rutherford House School,Primary,Free Schools,420,368,17.1,Mixed,None
Barking and Dagenham,Riverside School,Secondary,Free Schools,1824,1542,30.5,Mixed,None
Hackney,"The Olive School, Hackney",Primary,Free Schools,630,624,47.3,Mixed,Muslim
Enfield,Ark John Keats Academy,All-through,Free Schools,1804,1765,43.9,Mixed,None
Barnet,The Hyde School,Primary,Academies,420,473,23.7,Mixed,Does not apply
Hammersmith and Fulham,Ark White City Primary Academy,Primary,Academies,420,283,59.0,Mixed,Does not apply
Westminster,Wilberforce Primary,Primary,Academies,236,141,49.3,Mixed,Does not apply
Redbridge,Read Academy Education,Not applicable,Independent schools,300,290,0,Mixed,None
Croydon,Harris Aspire Academy,Not applicable,Free Schools,350,0,0.0,Mixed,None
Brent,Ark Franklin Primary Academy,Primary,Academies,630,665,16.2,Mixed,None
Camden,Abacus Belsize Primary School,Primary,Free Schools,210,158,19.0,Mixed,None
Wandsworth,Burntwood School,Secondary,Academies,1965,1472,26.8,Girls,None
Hounslow,Norwood Green Junior School,Primary,Academies,480,328,29.3,Mixed,Does not apply
Hounslow,Westbrook Primary School,Primary,Academies,679,545,26.1,Mixed,Does not apply
Westminster,Pimlico Primary,Primary,Free Schools,420,374,44.4,Mixed,None
Croydon,Harris Primary Academy Benson,Primary,Academies,420,238,30.2,Mixed,Does not apply
Southwark,Judith Kerr Primary School,Primary,Free Schools,392,407,3.9,Mixed,None
Hillingdon,Hewens Primary School,Primary,Free Schools,420,429,23.0,Mixed,None
Harrow,The Jubilee Academy,Not applicable,Free Schools,100,0,0.0,Mixed,Does not apply
Hillingdon,Nanaksar Primary School,Primary,Free Schools,840,198,10.1,Mixed,Sikh
Sutton,Harris Junior Academy Carshalton,Primary,Academies,360,354,21.8,Mixed,Does not apply
Bromley,Harris Primary Academy Crystal Palace,Primary,Academies,389,378,35.7,Mixed,Does not apply
Islington,London Scandinavian School,Not applicable,Independent schools,80,31,0,Mixed,Does not apply
Bromley,Parish Church of England Primary School,Primary,Academies,630,584,12.8,Mixed,Church of England
Hounslow,The Green School for Girls,Secondary,Academies,940,897,28.2,Girls,Church of England
Havering,Oasis Academy Pinewood,Primary,Academies,420,369,31.4,Mixed,Does not apply
Bexley,Break Through School,Not applicable,Independent schools,45,41,0,Mixed,None
Croydon,Tudor Academy,Primary,Academies,600,451,46.8,Mixed,Does not apply
Westminster,Gateway Academy,Primary,Academies,710,527,49.5,Mixed,Does not apply
Tower Hamlets,Culloden Primary - A Paradigm Academy,Primary,Academies,630,626,39.4,Mixed,Does not apply
Hounslow,Kew House,Not applicable,Independent schools,625,554,0,Mixed,None
Bromley,Alexandra Junior School,Primary,Academies,256,232,11.2,Mixed,Does not apply
Bromley,Highfield Infants' School,Primary,Academies,270,254,3.1,Mixed,None
Bromley,Raglan Primary School,Primary,Academies,420,456,8.6,Mixed,None
Tower Hamlets,Old Ford Primary - A Paradigm Academy,Primary,Academies,630,647,54.7,Mixed,Does not apply
Croydon,Forest Academy,Primary,Academies,656,190,60.8,Mixed,Does not apply
Harrow,Alexandra School,Not applicable,Academies,100,83,44.6,Mixed,Does not apply
Southwark,Lift Newlands,Not applicable,Academies,70,78,59.0,Boys,Does not apply
Hounslow,Oriel Academy West London,Primary,Academies,475,369,35.4,Mixed,Does not apply
Waltham Forest,Joseph Clarke School,Not applicable,Academies,110,109,41.0,Mixed,Does not apply
Hammersmith and Fulham,Westside School,Not applicable,Free Schools,60,11,55.6,Mixed,Does not apply
Croydon,Harris Primary Academy Haling Park,Primary,Academies,420,423,26.7,Mixed,None
Croydon,Oasis Academy Arena,Secondary,Academies,900,369,52.2,Mixed,None
Hackney,Mossbourne Victoria Park Academy,Secondary,Academies,800,833,47.8,Mixed,None
Kensington and Chelsea,Kensington Aldridge Academy,Secondary,Academies,1140,1224,57.6,Mixed,None
Kensington and Chelsea,Kensington Primary Academy,Primary,Academies,240,232,37.1,Mixed,None
Southwark,South Bank University Academy,Secondary,Academies,900,491,46.9,Mixed,None
Wandsworth,Oasis Academy Putney,Primary,Academies,420,121,33.9,Mixed,None
Barnet,Saracens Broadfields,Primary,Academies,700,704,41.4,Mixed,Does not apply
Bexley,Hurst Primary School,Primary,Academies,630,661,11.3,Mixed,Does not apply
Bromley,Highfield Junior School,Primary,Academies,384,367,4.6,Mixed,None
Sutton,Cheam Park Farm Primary Academy,Primary,Academies,892,919,5.8,Mixed,Does not apply
Redbridge,St Aidan's Catholic Primary Academy,Primary,Academies,420,241,33.2,Mixed,Roman Catholic
Bexley,Barnehurst Infant School,Primary,Academies,232,227,10.6,Mixed,None
Bexley,Barnehurst Junior School,Primary,Academies,240,240,17.5,Mixed,None
Croydon,Fidelis College,Not applicable,Independent schools,790,192,0,Mixed,None
Hounslow,The Rise Free School,Not applicable,Free Schools,142,143,51.0,Mixed,Does not apply
Newham,Langdon Academy,All-through,Academies,2430,2064,50.5,Mixed,Does not apply
Hillingdon,John Locke Academy,Primary,Academies,630,674,8.5,Mixed,None
Hillingdon,Lake Farm Park Academy,Primary,Academies,720,667,22.9,Mixed,Does not apply
Croydon,Harris Primary Academy Purley Way,Primary,Academies,630,547,35.6,Mixed,Does not apply
Waltham Forest,Thomas Gamuel Primary School,Primary,Academies,420,347,26.9,Mixed,Does not apply
Wandsworth,Floreat Wandsworth Primary School,Primary,Academies,420,329,25.6,Mixed,Does not apply
Hackney,Mossbourne Riverside Academy,Primary,Academies,630,602,19.6,Mixed,Does not apply
Croydon,Chestnut Park Primary School,Primary,Academies,630,599,31.7,Mixed,Does not apply
Croydon,Heathfield Academy,Primary,Academies,420,416,33.4,Mixed,Does not apply
Bexley,Bursted Wood Primary School,Primary,Academies,630,625,3.2,Mixed,Does not apply
Bromley,Perry Hall Primary School,Primary,Academies,436,437,8.0,Mixed,Does not apply
Bromley,Farnborough Primary School,Primary,Academies,210,210,7.1,Mixed,Does not apply
Bromley,Manor Oak Primary School,Primary,Academies,236,194,35.1,Mixed,Does not apply
Bromley,Alexandra Infant School,Primary,Academies,198,199,5.5,Mixed,Does not apply
Redbridge,Loxford School,All-through,Academies,3000,2819,23.9,Mixed,Does not apply
Hillingdon,St Martin's Church of England Primary School,Primary,Academies,420,234,31.6,Mixed,Church of England
Barnet,Beis Medrash Elyon,Not applicable,Independent schools,100,119,0,Boys,None
Islington,Whitehall Park School,Primary,Free Schools,390,227,46.7,Mixed,None
Merton,Jus'T'Learn,Not applicable,Independent schools,80,74,0,Mixed,None
Southwark,John Donne Primary School,Primary,Academies,460,399,51.6,Mixed,Does not apply
Croydon,Atwood Primary School,Primary,Academies,472,437,4.8,Mixed,None
Bexley,Sherwood Park Primary School,Primary,Academies,420,300,28.3,Mixed,Does not apply
Bromley,Elmstead Wood Primary School,Primary,Academies,420,294,28.8,Mixed,Does not apply
Lambeth,King's College London Maths School,16 plus,Free Schools,140,156,0.0,Mixed,Does not apply
Redbridge,Beal High School,Secondary,Academies,2840,2610,20.0,Mixed,Does not apply
Barnet,Millbrook Park Primary School,Primary,Academies,630,434,27.1,Mixed,Church of England
Bromley,St John's Church of England Primary School,Primary,Academies,210,148,43.2,Mixed,Church of England
Harrow,Aylward Primary School,Primary,Academies,458,537,27.7,Mixed,Does not apply
Kingston upon Thames,Knollmead Primary School,Primary,Academies,236,239,28.3,Mixed,Does not apply
Hillingdon,Pinkwell Primary School,Primary,Academies,690,609,29.9,Mixed,Does not apply
Croydon,Oasis Academy Ryelands,Primary,Academies,420,442,30.2,Mixed,Does not apply
Wandsworth,Westbridge Academy,Primary,Academies,345,157,60.3,Mixed,Does not apply
Croydon,Winterbourne Boys' Academy,Primary,Academies,277,198,35.4,Boys,Does not apply
Camden,Kings Cross Academy,Primary,Academies,446,388,48.4,Mixed,None
Barking and Dagenham,Dorothy Barley Junior Academy,Primary,Academies,457,300,31.7,Mixed,Does not apply
Croydon,Chipstead Valley Primary School,Primary,Academies,630,674,7.0,Mixed,Does not apply
Bexley,Days Lane Primary School,Primary,Academies,656,661,9.6,Mixed,Does not apply
Croydon,Fairchildes Primary School,Primary,Academies,492,486,42.6,Mixed,Does not apply
Hounslow,Oak Hill Academy West London,Primary,Academies,480,466,24.0,Mixed,Does not apply
Bromley,Keston Church of England Primary School,Primary,Academies,210,173,10.4,Mixed,Church of England
Hillingdon,Ruislip High School,Secondary,Academies,1300,1283,18.0,Mixed,Does not apply
Bromley,Orion Scotts Park,Primary,Academies,420,361,15.0,Mixed,Does not apply
Waltham Forest,Whitefield School,Not applicable,Academies,374,372,37.5,Mixed,Does not apply
Brent,Woodfield School,Not applicable,Academies,195,200,48.0,Mixed,Does not apply
Westminster,Ormiston Beachcroft Academy,Not applicable,Academies,73,61,76.7,Mixed,Does not apply
Kensington and Chelsea,Ormiston Latimer Academy,Not applicable,Academies,55,43,83.7,Mixed,Does not apply
Hammersmith and Fulham,Earl's Court Free School Primary,Primary,Free Schools,210,204,21.6,Mixed,None
Havering,Drapers' Brookside Junior School,Primary,Academies,240,238,50.8,Mixed,Does not apply
Brent,Gladstone Park Primary School,Primary,Academies,682,661,27.5,Mixed,Does not apply
Croydon,Broadmead Primary School,Primary,Academies,420,381,51.1,Mixed,Does not apply
Croydon,Rowdown Primary School,Primary,Academies,487,323,50.5,Mixed,Does not apply
Brent,Michaela Community School,Secondary,Free Schools,840,744,36.0,Mixed,None
Westminster,Marylebone Boys' School,Secondary,Free Schools,950,634,49.3,Boys,None
Bromley,Harris Primary Academy Beckenham,Primary,Free Schools,436,417,9.4,Mixed,None
Haringey,Harris Academy Tottenham,All-through,Free Schools,1570,1320,32.4,Mixed,None
Bromley,Harris Primary Academy Shortlands,Primary,Free Schools,420,391,16.1,Mixed,None
Southwark,Harris Primary Academy East Dulwich,Primary,Free Schools,420,357,15.7,Mixed,None
Westminster,Harris Westminster Sixth Form,16 plus,Free Schools,600,619,0.0,Mixed,None
Croydon,Harris Invictus Academy Croydon,Secondary,Free Schools,900,980,46.7,Mixed,None
Waltham Forest,"Eden Girls' School, Waltham Forest",Secondary,Free Schools,840,620,34.4,Girls,Muslim
Barking and Dagenham,Goresbrook School,All-through,Free Schools,1500,1036,30.2,Mixed,Multi-faith
Ealing,St Mary's Church of England Primary Norwood Green,Primary,Free Schools,210,149,22.8,Mixed,Church of England
Lambeth,Trinity Academy,Secondary,Free Schools,840,616,48.8,Mixed,None
Croydon,Paxton Academy Sports And Science,Primary,Free Schools,630,275,51.9,Mixed,None
Hounslow,Alexandra Primary School,Primary,Local authority maintained schools,720,667,12.4,Mixed,Does not apply
Wandsworth,Harris Academy Battersea,Secondary,Academies,1150,895,56.4,Mixed,Does not apply
Bromley,La Fontaine Academy,Primary,Free Schools,630,451,10.2,Mixed,None
Redbridge,Beacon Business Innovation Hub,Not applicable,Free Schools,148,24,52.2,Mixed,Does not apply
Enfield,Meridian Angel Primary School,Primary,Free Schools,420,156,48.1,Mixed,Church of England
Brent,Ark Elvin Academy,Secondary,Academies,1200,1305,39.3,Mixed,None
Merton,The Norwegian Kindergarten In London,Not applicable,Independent schools,36,18,0,Mixed,None
Merton,Park Academy,Primary,Free Schools,210,127,33.1,Mixed,None
Waltham Forest,Big Creative Academy,16 plus,Free Schools,500,0,0.0,Mixed,None
Southwark,Treasure House (London) CIC,Not applicable,Special schools,18,17,0,Mixed,None
Hillingdon,De Salis Studio College,Secondary,Free Schools,300,178,12.5,Mixed,Does not apply
Tower Hamlets,"Canary Wharf College, Glenworth",Primary,Free Schools,332,302,9.9,Mixed,Christian
Bexley,Brampton Primary Academy,Primary,Academies,454,387,10.3,Mixed,Does not apply
Harrow,Heathland School,Primary,Academies,682,637,17.1,Mixed,Does not apply
Hillingdon,Hillingdon Primary School,Primary,Academies,540,685,20.7,Mixed,Does not apply
Harrow,Whitefriars School,All-through,Academies,1582,1443,31.2,Mixed,Does not apply
Newham,Oasis Academy Silvertown,Secondary,Free Schools,600,511,45.2,Mixed,None
Tower Hamlets,East London Arts & Music,16 plus,Free Schools,300,275,0.0,Mixed,None
Bexley,Mayplace Primary School,Primary,Academies,656,643,15.6,Mixed,Does not apply
Bromley,Bromley Trust Alternative Provision Academy,Not applicable,Academies,135,53,49.1,Mixed,Does not apply
Bromley,St. Mary Cray Primary Academy,Primary,Academies,248,228,39.5,Mixed,Does not apply
Croydon,New Valley Primary School,Primary,Academies,210,194,32.0,Mixed,Does not apply
Croydon,St Mark's Church of England Primary Academy,Primary,Academies,210,173,37.6,Mixed,Church of England
Croydon,Beulah Infants' School,Primary,Academies,232,200,45.2,Mixed,Does not apply
Islington,The Pears Family School,Not applicable,Free Schools,48,1,0.0,Mixed,None
Tower Hamlets,London Enterprise Academy,Secondary,Free Schools,600,415,34.0,Mixed,None
Hammersmith and Fulham,The Fulham Boys School,Secondary,Free Schools,800,808,24.2,Boys,Church of England
Newham,Education Links,Not applicable,Free Schools,80,75,22.7,Mixed,Does not apply
Merton,Harris Primary Academy Merton,Primary,Academies,524,491,30.3,Mixed,Does not apply
Brent,North West London Jewish Day School,Primary,Academies,270,202,1.5,Mixed,Jewish
Bromley,St Peter and St Paul Catholic Primary School,Primary,Academies,210,231,17.8,Mixed,Roman Catholic
Greenwich,Woolwich Polytechnic School,Secondary,Academies,1820,1592,33.0,Boys,Does not apply
Camden,The ArtsXchange,Not applicable,Free Schools,110,30,38.5,Mixed,None
Havering,Rise Park Junior School,Primary,Academies,360,350,19.1,Mixed,Does not apply
Barking and Dagenham,The Warren School,Secondary,Academies,1380,1374,30.3,Mixed,Does not apply
Haringey,Brook House Primary School,Primary,Free Schools,420,412,44.4,Mixed,Does not apply
Croydon,The Archbishop Lanfranc Academy,Secondary,Academies,1039,777,49.3,Mixed,None
Haringey,Ambitious College,Not applicable,Other types,0,0,0,Mixed,None
Enfield,Focus 1st Academy,Not applicable,Independent schools,170,74,0,Mixed,None
Islington,North Bridge House Senior Canonbury School,Not applicable,Independent schools,300,211,0,Mixed,None
Newham,John F Kennedy Special School,Not applicable,Academies,184,198,61.7,Mixed,Does not apply
Bromley,Leesons Primary School,Primary,Academies,420,319,42.2,Mixed,Does not apply
Newham,Sheringham Primary School,Primary,Academies,673,603,41.0,Mixed,Does not apply
Havering,Rise Park Infant School,Primary,Academies,270,296,10.9,Mixed,Does not apply
Greenwich,Leigh Stationers' Academy,Secondary,Academies,1800,1712,18.2,Mixed,Does not apply
Harrow,Nisai Virtual Academy Ltd,Not applicable,Other types,900,0,0,Mixed,None
Greenwich,Pulse and Water College,Not applicable,Independent schools,55,12,0,Mixed,None
Bromley,Trinity Church of England Primary School,Primary,Academies,500,341,35.9,Mixed,Church of England
Waltham Forest,Big Creative Independent School,Not applicable,Independent schools,20,12,0,Mixed,None
Bromley,St Vincent's Catholic Primary School,Primary,Academies,226,209,9.1,Mixed,Roman Catholic
Bromley,St Philomena's Primary School,Primary,Academies,208,202,13.4,Mixed,Roman Catholic
Bromley,St Nicholas Church of England Primary,Primary,Academies,210,215,1.4,Mixed,Church of England
Bromley,St Mary's Catholic Primary School,Primary,Academies,420,411,7.1,Mixed,Roman Catholic
Havering,Drapers' Maylands Primary School,Primary,Free Schools,420,361,28.8,Mixed,None
Hillingdon,Rosedale Primary School,Primary,Academies,480,405,18.4,Mixed,None
Bromley,St Joseph's Catholic Primary School,Primary,Academies,218,189,6.3,Mixed,Roman Catholic
Bromley,St Mark's Church of England Primary School,Primary,Academies,436,387,14.2,Mixed,Church of England
Hackney,Northwold Primary School,Primary,Academies,470,308,49.7,Mixed,Does not apply
Havering,Drapers' Pyrgo Priory School,Primary,Academies,550,320,39.9,Mixed,Does not apply
Islington,The Bridge Integrated Learning Space,Not applicable,Free Schools,25,31,93.3,Mixed,Does not apply
Hillingdon,Pentland Field School,Not applicable,Free Schools,140,171,44.0,Mixed,Does not apply
Bromley,Midfield Primary School,Primary,Academies,420,474,24.2,Mixed,Does not apply
Hammersmith and Fulham,The Hurlingham Academy,Secondary,Academies,675,728,37.1,Mixed,Does not apply
Barking and Dagenham,Thames View Junior School,Primary,Academies,480,371,31.3,Mixed,Does not apply
Southwark,Angel Oak Academy,Primary,Academies,420,407,48.2,Mixed,Does not apply
Brent,St Andrew and St Francis CofE Primary School,Primary,Academies,407,438,35.9,Mixed,Church of England
Barking and Dagenham,The Sydney Russell School,All-through,Academies,2670,2640,27.3,Mixed,Does not apply
Hammersmith and Fulham,Langford Primary School,Primary,Academies,223,338,29.4,Mixed,Does not apply
Southwark,PhoenixPlace,Not applicable,Special schools,50,35,0,Girls,None
Greenwich,St Thomas More Catholic Comprehensive School,Secondary,Academies,624,641,16.1,Mixed,Catholic
Hillingdon,Ryefield Primary School,Primary,Academies,630,416,19.1,Mixed,Does not apply
Waltham Forest,Lime Academy Larkswood,Primary,Academies,800,585,24.0,Mixed,Does not apply
Waltham Forest,Walthamstow Primary Academy,Primary,Free Schools,420,171,36.3,Mixed,None
Hackney,Halley House School,Primary,Free Schools,210,188,50.8,Mixed,None
Brent,Kilburn Grange School,Primary,Free Schools,210,205,61.0,Mixed,None
Kingston upon Thames,Castle Hill Primary School,Primary,Academies,445,523,19.4,Mixed,Does not apply
Bromley,Hawes Down Primary School,Primary,Academies,474,443,4.1,Mixed,Does not apply
Wandsworth,Saint Cecilia's Church of England School,Secondary,Academies,1000,1106,28.7,Mixed,Church of England
Haringey,Footsteps Trust,Not applicable,Independent schools,80,38,0,Mixed,None
Kingston upon Thames,The Kingston Academy,Secondary,Free Schools,1188,1178,12.8,Mixed,None
Bexley,Lessness Heath Primary School,Primary,Academies,668,658,21.7,Mixed,Does not apply
Sutton,Green Wrythe Primary School,Primary,Academies,282,277,39.3,Mixed,Does not apply
Bexley,Fairford Academy Barnehurst,Primary,Academies,630,528,39.1,Mixed,Does not apply
Bromley,Cudham Church of England Primary School,Primary,Academies,105,49,30.6,Mixed,Church of England
Hammersmith and Fulham,Greenside Primary School,Primary,Academies,235,218,24.4,Mixed,Does not apply
Bromley,Holy Innocents Catholic Primary School,Primary,Academies,270,275,4.9,Mixed,Roman Catholic
Newham,St Helen's Catholic Primary School,Primary,Academies,420,476,27.1,Mixed,Roman Catholic
Newham,St Joachim's Catholic Primary School,Primary,Academies,420,359,33.4,Mixed,Roman Catholic
Kensington and Chelsea,The Cardinal Vaughan Memorial RC School,Secondary,Academies,922,1024,17.9,Boys,Roman Catholic
Kensington and Chelsea,Parkwood Hall Co-Operative Academy,Not applicable,Academies,120,135,39.6,Mixed,Does not apply
Richmond upon Thames,Turing House School,Secondary,Free Schools,1050,1006,15.9,Mixed,None
Bexley,Burnt Oak Junior School,Primary,Academies,248,245,5.7,Mixed,Does not apply
Bromley,Bromley Beacon Academy,Not applicable,Academies,168,173,86.0,Mixed,Does not apply
Richmond upon Thames,Deer Park School,Primary,Free Schools,420,389,4.6,Mixed,None
Bromley,Orion Mead Road,Primary,Academies,90,79,6.3,Mixed,Does not apply
Croydon,Orchard Park High School,Secondary,Academies,1000,634,38.1,Mixed,None
Havering,Lime Academy Forest Approach,Not applicable,Academies,120,129,56.1,Mixed,Does not apply
Southwark,The Belham Primary School,Primary,Free Schools,420,388,15.2,Mixed,None
Ealing,Ark Byron Primary Academy,Primary,Free Schools,420,414,26.1,Mixed,None
Hackney,Hackney New Primary School,Primary,Free Schools,350,337,33.2,Mixed,None
Barnet,Watling Park School,Primary,Free Schools,420,404,49.3,Mixed,None
Richmond upon Thames,Twickenham Primary Academy,Primary,Free Schools,420,388,15.5,Mixed,None
Hounslow,Space Studio West London,Secondary,Free Schools,300,192,34.1,Mixed,None
Barking and Dagenham,Riverside Primary School,Primary,Free Schools,630,375,20.0,Mixed,None
Barking and Dagenham,Riverside Bridge School,Not applicable,Free Schools,270,249,38.9,Mixed,Does not apply
Sutton,Avenue Primary Academy,Primary,Academies,865,1034,9.4,Mixed,Does not apply
Southwark,The Charter School East Dulwich,Secondary,Free Schools,1680,1344,27.2,Mixed,None
Croydon,St. Mary's Catholic Junior School,Primary,Academies,240,231,28.1,Mixed,Roman Catholic
Bexley,Old Bexley Church of England School,Primary,Academies,840,663,4.5,Mixed,Church of England
Bexley,Holy Trinity Lamorbey Church of England School,Primary,Academies,420,276,10.8,Mixed,Church of England
Bromley,Orion Ravensworth,Primary,Academies,420,275,39.3,Mixed,Does not apply
Bromley,Oaklands Primary Academy,Primary,Academies,630,448,15.6,Mixed,Does not apply
Croydon,St Mary's Catholic Infant School,Primary,Academies,180,209,16.0,Mixed,Roman Catholic
Hackney,Mossbourne Parkside Academy,Primary,Academies,450,365,56.9,Mixed,Does not apply
Hammersmith and Fulham,Thomas's Academy,Primary,Academies,210,165,29.7,Mixed,Does not apply
Newham,Upton Cross Primary School,Primary,Academies,1200,565,33.2,Mixed,Does not apply
Bexley,St Paulinus Church of England Primary School,Primary,Academies,210,196,7.7,Mixed,Church of England
Bexley,Hillsgrove Primary School,Primary,Academies,420,311,19.6,Mixed,Does not apply
Bromley,Oak Lodge Primary School,Primary,Academies,630,541,10.5,Mixed,Does not apply
Bromley,Marian Vian Primary School,Primary,Academies,630,623,17.7,Mixed,Does not apply
Bromley,Unicorn Primary School,Primary,Academies,450,420,6.4,Mixed,Does not apply
Bromley,Wickham Common Primary School,Primary,Academies,436,422,5.9,Mixed,Does not apply
Brent,Lycee International de Londres,Not applicable,Independent schools,1300,797,0,Mixed,None
Barking and Dagenham,Northstar New School,Not applicable,Special schools,30,21,0,Mixed,None
Westminster,Wetherby Senior School,Not applicable,Independent schools,700,457,0,Boys,None
Croydon,The Crescent Primary School,Primary,Academies,600,389,41.3,Mixed,None
Sutton,Cheam Common Junior Academy,Primary,Academies,330,510,8.4,Mixed,Does not apply
Bromley,Worsley Bridge Primary School,Primary,Academies,630,367,25.1,Mixed,Does not apply
Camden,Jeannine Manuel School,Not applicable,Independent schools,1000,697,0,Mixed,None
Redbridge,Al-Noor Voluntary Aided Muslim Primary School,Primary,Local authority maintained schools,420,421,24.7,Mixed,Muslim
Lewisham,St Winifred's RC Primary School,Primary,Local authority maintained schools,420,383,19.4,Mixed,Roman Catholic
Redbridge,Avanti Court Primary School,Primary,Academies,682,623,4.8,Mixed,Hindu
Harrow,St Bernadette's Catholic Primary School,Primary,Academies,478,450,9.0,Mixed,Roman Catholic
Brent,St Gregory's Catholic Science College,Secondary,Academies,1058,1160,12.3,Mixed,Roman Catholic
Hackney,Talmud Torah London,Not applicable,Independent schools,125,118,0,Boys,None
Bromley,Burnt Ash Primary School,Primary,Academies,440,430,26.7,Mixed,Does not apply
Bexley,Leigh Stationers' Primary Academy,Primary,Academies,236,229,3.1,Mixed,Does not apply
Croydon,Good Shepherd Catholic Primary and Nursery School,Primary,Academies,257,216,29.3,Mixed,Roman Catholic
Croydon,John Wood School & Nursery,Primary,Academies,484,325,26.8,Mixed,Does not apply
Croydon,The Write Time,Not applicable,Special schools,60,56,0,Mixed,None
Barnet,Menorah High School for Girls,Secondary,Local authority maintained schools,400,402,4.0,Girls,Jewish
Newham,Portway Primary School,Primary,Academies,840,547,35.2,Mixed,Does not apply
Barnet,Claremont Primary School,Primary,Academies,446,280,48.9,Mixed,Does not apply
Newham,Sarah Bonnell School,Secondary,Academies,1350,1275,54.0,Girls,Does not apply
Ealing,Ealing Fields Church of England High School,Secondary,Free Schools,840,760,19.9,Mixed,Church of England
Kingston upon Thames,Bedelsford School,Not applicable,Academies,200,132,33.0,Mixed,Does not apply
Bromley,Chelsfield Primary School,Primary,Academies,109,97,27.8,Mixed,Does not apply
Bromley,Darrick Wood Junior School,Primary,Academies,384,377,14.1,Mixed,Does not apply
Kingston upon Thames,Dysart School,Not applicable,Academies,180,173,37.0,Mixed,Does not apply
Barking and Dagenham,Eastbury Primary School,Primary,Academies,944,801,19.7,Mixed,Does not apply
Brent,Furness Primary School,Primary,Academies,545,343,32.5,Mixed,Does not apply
Newham,Hartley Primary School,Primary,Academies,900,587,41.4,Mixed,Does not apply
Waltham Forest,Mayville Academy,Primary,Academies,465,311,34.3,Mixed,Does not apply
Brent,Oakington Manor Primary School,Primary,Academies,737,662,15.9,Mixed,None
Bromley,Pratts Bottom Primary School,Primary,Academies,98,69,8.7,Mixed,Does not apply
Havering,Lime Academy Ravensbourne,Not applicable,Academies,85,86,43.8,Mixed,Does not apply
Bexley,Royal Park Primary Academy,Primary,Academies,416,346,29.4,Mixed,Does not apply
Newham,Selwyn Primary School,Primary,Academies,420,462,38.0,Mixed,Does not apply
Enfield,Southgate School,Secondary,Academies,1531,1410,23.2,Mixed,Does not apply
Croydon,St Aidan's Catholic Primary School,Primary,Academies,218,216,6.9,Mixed,Catholic
Croydon,St Chad's Catholic Primary School,Primary,Academies,444,346,20.8,Mixed,Roman Catholic
Kingston upon Thames,St Philip's School,Not applicable,Academies,185,183,41.4,Mixed,Does not apply
Bromley,The Highway Primary School,Primary,Academies,210,212,20.3,Mixed,Does not apply
Sutton,Victor Seymour Infants' School,Primary,Academies,354,324,13.4,Mixed,Does not apply
Barnet,Ashmole Primary School,Primary,Free Schools,420,421,7.1,Mixed,None
Hounslow,Logic Studio School,Secondary,Free Schools,300,328,43.5,Mixed,Does not apply
Ealing,New Level Academy,Not applicable,Independent schools,50,24,0,Mixed,None
Croydon,Krishna Avanti Primary School,Primary,Free Schools,210,202,6.4,Mixed,Hindu
Harrow,Pinner High School,Secondary,Free Schools,1162,1135,11.6,Mixed,None
Enfield,One Degree Academy,Primary,Free Schools,720,385,28.1,Mixed,None
Southwark,"Galleywall Primary, City of London Academy",Primary,Free Schools,420,371,42.0,Mixed,None
Tower Hamlets,Canary Wharf College Crossharbour,Secondary,Free Schools,462,462,33.8,Mixed,Christian
Havering,Concordia Academy,Primary,Free Schools,630,539,20.4,Mixed,None
Hillingdon,Global Academy,Secondary,Free Schools,600,495,34.0,Mixed,Does not apply
Hounslow,Edison Primary School,Primary,Free Schools,420,380,30.8,Mixed,None
Redbridge,Atam Academy,All-through,Free Schools,1250,1094,11.5,Mixed,Sikh
Bromley,Langley Park Primary School,Primary,Free Schools,420,400,8.8,Mixed,None
Newham,London Design and Engineering UTC,Secondary,Free Schools,600,792,44.3,Mixed,Does not apply
Harrow,Saint Jerome Church of England Bilingual School,Primary,Free Schools,420,414,17.1,Mixed,Church of England
Barking and Dagenham,Greatfields School,Secondary,Free Schools,1824,1224,33.3,Mixed,None
Lambeth,Vanguard School,Not applicable,Free Schools,78,63,51.8,Mixed,None
Havering,Drapers' Brookside Infant School,Primary,Academies,180,229,31.0,Mixed,Does not apply
Islington,"City of London Primary Academy, Islington",Primary,Free Schools,458,317,24.6,Mixed,None
Richmond upon Thames,The Richmond upon Thames School,Secondary,Free Schools,774,755,19.9,Mixed,None
Bromley,Clare House Primary School,Primary,Academies,420,406,5.9,Mixed,Does not apply
Enfield,Alternative Centre of Education,Not applicable,Independent schools,47,31,0,Mixed,None
Barnet,Ivy House School,Not applicable,Independent schools,280,97,0,Mixed,None
Hammersmith and Fulham,Azbuka Russian-English Bilingual School,Not applicable,Independent schools,70,59,0,Mixed,Does not apply
Greenwich,Windrush Thamesmead Primary School,Primary,Academies,210,223,54.5,Mixed,Does not apply
Barnet,Bishop Douglass School Finchley,Secondary,Academies,1080,1013,26.1,Mixed,Roman Catholic
Bexley,Chatsworth Infant School,Primary,Academies,180,205,1.0,Mixed,Does not apply
Bromley,"St George's, Bickley, Church of England Primary School",Primary,Academies,420,412,5.8,Mixed,Church of England
Hackney,The Boxing Academy AP Free School,Not applicable,Free Schools,48,17,88.2,Mixed,None
Bromley,Red Hill Primary School,Primary,Academies,698,649,15.4,Mixed,Does not apply
Ealing,Woodlands Academy,Primary,Academies,420,186,40.6,Mixed,Does not apply
Hammersmith and Fulham,Phoenix Academy,Secondary,Academies,1100,538,48.4,Mixed,None
Havering,OA - Havering,Not applicable,Academies,40,33,42.4,Mixed,Does not apply
Merton,Beecholme Primary School,Primary,Academies,210,170,37.2,Mixed,Does not apply
Wandsworth,Nightingale Community Academy,Not applicable,Academies,120,137,65.2,Boys,Does not apply
Croydon,Woodside Primary School,Primary,Academies,810,472,27.3,Mixed,Does not apply
Enfield,Edmonton County School,All-through,Academies,2091,1841,42.7,Mixed,Does not apply
Enfield,Hazelbury Primary School,Primary,Academies,1120,1042,39.7,Mixed,Does not apply
Enfield,Lavender Primary School,Primary,Academies,549,473,20.7,Mixed,Does not apply
Enfield,Chesterfield Primary School,Primary,Academies,563,477,53.2,Mixed,Does not apply
Enfield,Bowes Primary School,Primary,Academies,510,475,18.7,Mixed,Does not apply
Enfield,Brimsdown Primary School,Primary,Academies,690,494,54.8,Mixed,Does not apply
Greenwich,Timbercroft Primary School,Primary,Academies,437,390,22.3,Mixed,Does not apply
Greenwich,Brooklands Primary School,Primary,Academies,256,220,19.2,Mixed,Does not apply
Greenwich,Millennium Primary School,Primary,Academies,450,403,25.3,Mixed,Does not apply
Hammersmith and Fulham,Queen's Manor School and Special Needs Unit,Primary,Academies,253,147,26.6,Mixed,Does not apply
Hammersmith and Fulham,Fulham Primary School,Primary,Academies,390,183,42.4,Mixed,Does not apply
Hammersmith and Fulham,Sulivan Primary School,Primary,Academies,315,163,49.3,Mixed,Does not apply
Havering,Benhurst Primary School,Primary,Academies,420,411,14.4,Mixed,Does not apply
Islington,The Bridge School,Not applicable,Academies,0,255,66.5,Mixed,Does not apply
Newham,Forest Gate Community School,Secondary,Academies,1260,1344,43.2,Mixed,Does not apply
Newham,Horizon Academy,Not applicable,Academies,90,69,50.7,Mixed,Does not apply
Newham,Gainsborough Primary School,Primary,Academies,420,202,48.6,Mixed,Does not apply
Newham,Kaizen Primary School,Primary,Academies,318,420,37.1,Mixed,Does not apply
Richmond upon Thames,Clarendon School,Not applicable,Academies,160,163,35.6,Mixed,Does not apply
Richmond upon Thames,Strathmore School,Not applicable,Academies,95,114,38.4,Mixed,Does not apply
Sutton,Cheam Fields Primary Academy,Primary,Academies,408,458,6.9,Mixed,Does not apply
Tower Hamlets,St Paul's Way Trust School,All-through,Academies,1620,1884,48.9,Mixed,None
Waltham Forest,Selwyn Primary School,Primary,Academies,680,708,13.3,Mixed,Does not apply
Waltham Forest,Davies Lane Primary School,Primary,Academies,840,956,16.4,Mixed,Does not apply
Waltham Forest,Norlington School and 6th Form,Secondary,Academies,860,902,28.1,Boys,Does not apply
Redbridge,Oak House School,Not applicable,Special schools,5,3,0,Mixed,None
Sutton,Tweeddale Primary School,Primary,Academies,472,398,47.8,Mixed,Does not apply
Richmond upon Thames,Hampton High,Secondary,Academies,900,866,32.2,Mixed,None
Richmond upon Thames,Twickenham School,Secondary,Academies,0,771,32.9,Mixed,None
Bromley,Harris Primary Academy Orpington,Primary,Academies,420,276,42.8,Mixed,None
Bromley,Harris Academy Orpington,Secondary,Academies,0,501,49.5,Mixed,None
Havering,Harris Academy Rainham,Secondary,Academies,0,901,23.9,Mixed,None
Bexley,Upland Primary School,Primary,Academies,450,443,5.0,Mixed,Does not apply
Southwark,The Autism Project - CareTrade,Not applicable,Other types,40,0,0,Mixed,Does not apply
Westminster,Southbank International School Westminster,Not applicable,Independent schools,620,487,0,Mixed,None
Westminster,Ada National College for Digital Skills,16 plus,Colleges,0,0,0,Mixed,None
Greenwich,Foxfield Primary School,Primary,Academies,630,682,29.1,Mixed,Does not apply
Greenwich,Rockliffe Manor Primary School,Primary,Academies,241,209,44.3,Mixed,Does not apply
Greenwich,Woodhill Primary School,Primary,Academies,661,377,54.0,Mixed,Does not apply
Greenwich,Willow Dene School,Not applicable,Academies,264,309,54.0,Mixed,Does not apply
Greenwich,South Rise Primary School,Primary,Academies,630,566,41.4,Mixed,Does not apply
Greenwich,Halstow Primary School,Primary,Academies,420,407,17.0,Mixed,Does not apply
Greenwich,Horn Park Primary School,Primary,Academies,420,301,47.6,Mixed,Does not apply
Greenwich,Deansfield Primary School,Primary,Academies,420,462,11.6,Mixed,Does not apply
Greenwich,Alderwood Primary School,Primary,Academies,210,199,59.8,Mixed,Does not apply
Redbridge,Winston Way Academy,Primary,Academies,678,613,30.6,Mixed,Does not apply
Sutton,Brookfield Primary Academy,Primary,Academies,420,443,14.2,Mixed,Does not apply
Tower Hamlets,Mulberry School for Girls,Secondary,Academies,1400,1647,49.1,Girls,Does not apply
Tower Hamlets,Ian Mikardo High School,Not applicable,Academies,55,50,79.4,Boys,Does not apply
Islington,"City of London Academy, Highgate Hill",Secondary,Free Schools,900,642,59.6,Mixed,None
Newham,Royal Wharf Primary School,Primary,Free Schools,472,387,23.2,Mixed,None
Sutton,Carew Academy,Not applicable,Free Schools,276,0,0,Mixed,None
Greenwich,Woolwich Polytechnic School for Girls,Secondary,Free Schools,1200,1183,38.4,Girls,None
Islington,The Bridge Satellite Provision,Not applicable,Free Schools,90,51,64.7,Mixed,None
Sutton,Harris Academy Sutton,Secondary,Free Schools,1295,1296,12.2,Mixed,None
Hillingdon,The PRIDE Academy,Not applicable,Free Schools,110,117,60.4,Mixed,None
Tower Hamlets,Mulberry Academy London Dock,Secondary,Free Schools,1260,127,37.8,Mixed,None
Brent,North Brent School,Secondary,Free Schools,1150,308,28.9,Mixed,None
Barking and Dagenham,Greatfields Primary School,Primary,Free Schools,630,20,30.0,Mixed,None
Havering,Park Primary Academy,Primary,Free Schools,420,0,0,Unknown,None
Hounslow,Reach Academy Hanworth Park,All-through,Free Schools,1480,150,27.3,Mixed,None
Brent,The Avenue School,Not applicable,Free Schools,104,100,43.0,Mixed,None
Wandsworth,Anglo Portuguese School of London,Primary,Free Schools,420,130,33.8,Mixed,None
Southwark,Spa School Camberwell,Not applicable,Free Schools,120,113,70.8,Mixed,None
Hackney,"City of London Academy, Shoreditch Park",Secondary,Free Schools,1140,861,58.1,Mixed,None
Barnet,The Windmill School,Not applicable,Free Schools,90,40,45.0,Mixed,None
Havering,Harris Rainham Sixth Form,16 plus,Free Schools,400,240,0.0,Mixed,Does not apply
Bromley,James Dixon Primary School,Primary,Academies,471,434,28.7,Mixed,Does not apply
Lewisham,Urban Mission School,Not applicable,Independent schools,18,12,0,Mixed,None
Croydon,Meridian High School,Secondary,Academies,960,537,65.2,Mixed,None
Barnet,Oak Lodge School,Not applicable,Academies,200,188,45.8,Mixed,Does not apply
Bexley,Bedonwell Infant and Nursery School,Primary,Academies,412,354,19.6,Mixed,Does not apply
Bexley,Bedonwell Junior School,Primary,Academies,480,467,25.1,Mixed,Does not apply
Bexley,Barrington Primary School,Primary,Academies,210,208,11.5,Mixed,Does not apply
Havering,The Royal Liberty School,Secondary,Academies,750,738,19.0,Boys,None
Newham,Tollgate Primary School,Primary,Academies,420,412,39.3,Mixed,Does not apply
Newham,Cleves Primary School,Primary,Academies,524,474,33.8,Mixed,Does not apply
Newham,Drew Primary School,Primary,Academies,426,404,44.3,Mixed,Does not apply
Bexley,Lime Wood Primary School,Primary,Free Schools,630,111,27.0,Mixed,None
Enfield,Wren Academy Enfield,Secondary,Free Schools,1220,918,11.0,Mixed,Church of England
Harrow,Hujjat Primary School,Primary,Free Schools,420,296,15.9,Mixed,Muslim
Greenwich,Royal Greenwich Trust School,Secondary,Free Schools,900,854,48.2,Mixed,None
Lewisham,Education-My Life Matters,Not applicable,Independent schools,30,21,0,Mixed,None
Havering,Hornchurch High School,Secondary,Academies,932,717,31.5,Mixed,None
Barking and Dagenham,St Margarets CofE Primary School,Primary,Academies,420,387,20.7,Mixed,Church of England
Bexley,Shenstone School,Not applicable,Academies,300,209,37.3,Mixed,Does not apply
Brent,Manor School,Not applicable,Academies,196,204,41.2,Mixed,Does not apply
Croydon,St Peter's Primary School,Primary,Academies,420,417,14.4,Mixed,Does not apply
Enfield,The Lea Valley Academy,Secondary,Academies,1400,848,52.2,Mixed,Does not apply
Greenwich,St Mary's Catholic Primary School,Primary,Academies,420,453,11.6,Mixed,Roman Catholic
Havering,Marshalls Park Academy,Secondary,Academies,1200,1175,28.3,Mixed,Does not apply
Havering,Gaynes School,Secondary,Academies,960,473,22.8,Mixed,Does not apply
Hounslow,Berkeley Academy,Primary,Academies,472,466,26.4,Mixed,Does not apply
Newham,Ranelagh Primary School,Primary,Academies,432,295,36.4,Mixed,Does not apply
Newham,Ravenscroft Primary School,Primary,Academies,630,514,43.5,Mixed,Does not apply
Newham,Kensington Primary School,Primary,Academies,630,636,28.3,Mixed,Does not apply
Newham,Curwen Primary School,Primary,Academies,840,854,41.0,Mixed,Does not apply
Tower Hamlets,Stebon Primary School,Primary,Academies,682,703,45.2,Mixed,Does not apply
Tower Hamlets,Bygrove Primary School,Primary,Academies,236,249,46.8,Mixed,Does not apply
Waltham Forest,St Mary's CofE Primary School,Primary,Academies,630,578,12.1,Mixed,Church of England
Waltham Forest,St Saviour's Church of England Primary School,Primary,Academies,470,336,13.4,Mixed,Church of England
Barking and Dagenham,The James Cambell Primary School,Primary,Academies,840,627,33.3,Mixed,Does not apply
Bromley,Harris Primary Academy Beckenham Green,Primary,Academies,210,210,24.8,Mixed,Does not apply
Lambeth,Rosendale Primary School,Primary,Academies,630,622,21.1,Mixed,Does not apply
Lambeth,The Elmgreen School,Secondary,Academies,1100,1110,37.7,Mixed,None
Croydon,Park Hill Junior School,Primary,Academies,372,371,21.8,Mixed,None
Bexley,Endeavour Academy Bexley,Not applicable,Academies,96,95,69.5,Mixed,Does not apply
Bexley,Aspire Academy,Not applicable,Academies,64,64,76.6,Mixed,Does not apply
Bexley,Horizons Academy Bexley,Not applicable,Academies,117,25,48.0,Mixed,Does not apply
Bromley,Orion Eden Park,Secondary,Free Schools,1680,1274,30.2,Mixed,None
Hillingdon,William Byrd Primary Academy,Primary,Academies,708,592,27.7,Mixed,Does not apply
Barnet,The Totteridge Academy,Secondary,Academies,900,1003,30.2,Mixed,None
Bromley,Green Street Green Primary School,Primary,Academies,444,402,13.7,Mixed,None
Newham,"Newham Collegiate Sixth Form Centre, City of London Academy",16 plus,Free Schools,650,699,0.0,Mixed,Does not apply
Hounslow,The Green School for Boys,Secondary,Free Schools,1260,772,32.1,Boys,Church of England
Kensington and Chelsea,"Wetherby School, Kensington",Not applicable,Independent schools,321,112,0,Boys,None
Newham,Britannia Village Primary School,Primary,Academies,470,441,33.0,Mixed,Does not apply
Bexley,Northwood Primary School,Primary,Academies,240,172,44.2,Mixed,Does not apply
Sutton,Rushy Meadow Primary Academy,Primary,Academies,472,364,34.6,Mixed,Does not apply
Bromley,St Anthony's Catholic Primary School,Primary,Academies,234,176,25.0,Mixed,Catholic
Havering,Scargill Infant School,Primary,Academies,228,231,21.0,Mixed,Does not apply
Havering,Scargill Junior School,Primary,Academies,360,359,24.0,Mixed,Does not apply
Havering,Whybridge Junior School,Primary,Academies,360,359,22.8,Mixed,Does not apply
Wandsworth,Belleville Wix Academy,Primary,Academies,334,313,15.4,Mixed,Does not apply
Croydon,Cypress Primary School,Primary,Academies,640,680,18.5,Mixed,Does not apply
Barnet,Summerside Primary Academy,Primary,Academies,420,402,35.4,Mixed,Does not apply
Tower Hamlets,The Clara Grant Primary School,Primary,Academies,467,427,53.3,Mixed,Does not apply
Tower Hamlets,Mulberry Stepney Green Mathematics and Computing College,Secondary,Academies,1215,1352,34.2,Mixed,Does not apply
Barnet,Lubavitch Yeshiva Ketanah of London,Not applicable,Independent schools,100,62,0,Boys,Orthodox Jewish
Harrow,Gesher School,Not applicable,Special schools,120,71,0,Mixed,None
Newham,Bobby Moore Academy,All-through,Free Schools,1560,1085,44.2,Mixed,None
Barnet,Kisharon School,Not applicable,Free Schools,77,77,16.7,Mixed,None
Haringey,London Academy of Excellence Tottenham,16 plus,Free Schools,800,784,0.0,Mixed,Does not apply
Tower Hamlets,Mulberry UTC,Secondary,Free Schools,800,510,48.7,Mixed,Does not apply
Sutton,Brookways School,Not applicable,Special schools,80,77,0,Mixed,None
Barnet,Oak Hill School,Not applicable,Academies,50,49,59.2,Mixed,None
Islington,Royal Mencap Society,Not applicable,Other types,0,0,0,Mixed,Does not apply
Brent,East Lane Primary School,Primary,Academies,840,628,9.9,Mixed,None
Westminster,London Park School Mayfair and London Park School Sixth,Not applicable,Independent schools,420,253,0,Mixed,None
Brent,Edith Kay Independent School,Not applicable,Special schools,20,19,0,Mixed,None
Camden,NHS England (Choices College),Not applicable,Other types,250,0,0,Mixed,Does not apply
Merton,Aragon Primary School,Primary,Academies,650,623,20.3,Mixed,Does not apply
Sutton,The Link School,Not applicable,Academies,148,157,41.4,Mixed,Does not apply
Redbridge,Newbridge School,Not applicable,Academies,175,183,42.5,Mixed,Does not apply
Harrow,Earlsmead Primary School,Primary,Academies,420,338,29.0,Mixed,Does not apply
Bexley,St Michael's East Wickham Church of England Primary School,Primary,Academies,240,212,12.1,Mixed,Church of England
Bromley,Glebe School,Not applicable,Academies,260,289,47.0,Mixed,Does not apply
Haringey,Duke's Aldridge,Secondary,Academies,1050,965,38.9,Mixed,Does not apply
Sutton,All Saints Carshalton Church of England Primary School,Primary,Academies,446,441,5.1,Mixed,Church of England
Islington,City of London Academy Highbury Grove,Secondary,Academies,1200,1010,56.3,Mixed,Does not apply
Hammersmith and Fulham,Kensington Wade,Not applicable,Independent schools,180,128,0,Mixed,None
Bexley,St. Paul's (Slade Green) Church of England Primary School,Primary,Academies,420,376,45.1,Mixed,Church of England/Christian
Wandsworth,The Alton School,Primary,Academies,260,228,67.7,Mixed,Does not apply
Hillingdon,West Drayton Academy,Primary,Academies,690,662,22.7,Mixed,Does not apply
Redbridge,Farnham Green Primary School,Primary,Academies,682,370,21.4,Mixed,Does not apply
Redbridge,Ray Lodge Primary School,Primary,Academies,630,683,24.3,Mixed,Does not apply
Wandsworth,Griffin Primary School,Primary,Academies,420,180,68.3,Mixed,None
Bexley,Jubilee Primary School,Primary,Academies,210,159,37.1,Mixed,Does not apply
Bromley,Orion Blenheim,Primary,Academies,210,205,42.0,Mixed,Does not apply
Newham,Rosetta Primary School,Primary,Academies,630,559,47.0,Mixed,Does not apply
Newham,Earlham Primary School,Primary,Academies,420,464,40.1,Mixed,Does not apply
Waltham Forest,George Mitchell School,All-through,Academies,1065,1004,36.1,Mixed,Does not apply
Havering,Harrow Lodge Primary School,Primary,Academies,420,449,28.5,Mixed,None
Newham,Cumberland Community School,Secondary,Academies,1500,1346,54.9,Mixed,Does not apply
Hillingdon,Park Academy West London,Secondary,Academies,1150,852,41.3,Mixed,None
Richmond upon Thames,Nelson Primary School,Primary,Academies,416,245,21.6,Mixed,None
Westminster,Harris Academy St John's Wood,Secondary,Academies,1500,1319,60.1,Mixed,None
Southwark,Goose Green Primary and Nursery School,Primary,Academies,450,252,44.0,Mixed,None
Croydon,Castle Hill Academy,Primary,Academies,420,275,63.6,Mixed,None
Bexley,Harris Garrard Academy,All-through,Academies,1780,1538,42.0,Mixed,None
Harrow,Avanti House Primary School,Primary,Free Schools,420,419,1.0,Mixed,Hindu
Wandsworth,Tram House School,Not applicable,Special schools,78,66,0,Mixed,None
Havering,Bep Academy,Not applicable,Independent schools,90,29,0,Mixed,None
Croydon,Harris Professional Skills Sixth Form,16 plus,Free Schools,230,259,0.0,Mixed,Does not apply
Enfield,Carterhatch Junior School,Primary,Academies,360,328,51.5,Mixed,Does not apply
Bromley,Churchfields Primary School,Primary,Academies,466,489,13.3,Mixed,Does not apply
Enfield,Grange Park Primary School,Primary,Academies,840,806,19.5,Mixed,Does not apply
Bexley,Gravel Hill Primary School,Primary,Academies,450,440,20.8,Mixed,Does not apply
Greenwich,Greenacres Primary School and Language Impairment Unit,Primary,Academies,210,253,36.5,Mixed,Does not apply
Greenwich,Nightingale Primary School,Primary,Academies,210,219,38.3,Mixed,Does not apply
Enfield,Fern House School,Not applicable,Academies,70,72,70.8,Mixed,Does not apply
Newham,Monega Primary School,Primary,Academies,730,584,29.6,Mixed,Does not apply
Wandsworth,Chesterton Primary School,Primary,Academies,420,424,49.1,Mixed,Does not apply
Haringey,Unique Children's School,Not applicable,Independent schools,5,2,0,Mixed,None
Southwark,Bacon's College,Secondary,Academies,1200,1002,45.2,Mixed,Church of England
Greenwich,Leigh Academy Halley,Secondary,Academies,1100,952,38.2,Mixed,None
Ealing,Dormers Wells High School,Secondary,Academies,1400,1485,31.8,Mixed,Does not apply
Newham,Elmhurst Primary School,Primary,Academies,996,988,27.1,Mixed,Does not apply
Newham,Hallsville Primary School,Primary,Academies,420,464,42.7,Mixed,Does not apply
Newham,Nelson Primary School,Primary,Academies,840,730,41.5,Mixed,Does not apply
Newham,Scott Wilkie Primary School,Primary,Academies,420,390,59.6,Mixed,Does not apply
Newham,Vicarage Primary School,Primary,Academies,892,876,38.1,Mixed,Does not apply
Newham,New City Primary School,Primary,Academies,630,631,22.9,Mixed,Does not apply
Newham,Gallions Primary School,Primary,Academies,660,460,38.9,Mixed,Does not apply
Sutton,Stanley Park Infants School,Primary,Academies,296,288,8.7,Mixed,None
Ealing,Dormers Wells Primary School,Primary,Academies,840,471,38.8,Mixed,None
Newham,Royal Docks Academy,Secondary,Academies,1200,905,55.4,Mixed,None
Hounslow,Southville Primary School,Primary,Local authority maintained schools,680,655,33.5,Mixed,Does not apply
Sutton,Cheam Common Infants' Academy,Primary,Academies,427,412,5.3,Mixed,Does not apply
Sutton,Manor Park Primary Academy,Primary,Academies,682,694,15.4,Mixed,Does not apply
Havering,The Bridge,Not applicable,Special schools,50,29,0,Mixed,None
Enfield,Churchfield Primary School,Primary,Academies,610,503,56.6,Mixed,Does not apply
Bromley,Bickley Primary School,Primary,Academies,420,412,5.6,Mixed,Does not apply
Croydon,Beckmead Park Academy,Not applicable,Academies,152,120,71.7,Mixed,Does not apply
Hackney,Lubavitch House School (Senior Girls),Secondary,Academies,180,113,10.1,Girls,Jewish
Hackney,Lubavitch Girls Primary School,Primary,Academies,195,103,10.7,Girls,Jewish
Lambeth,"Christ Church, Streatham Church of England Primary School",Primary,Academies,210,159,54.1,Mixed,Church of England
Lambeth,St Leonard's Church of England Primary School,Primary,Academies,360,406,23.0,Mixed,Church of England
Lambeth,St Luke's Church of England Primary School,Primary,Academies,210,180,60.0,Mixed,Church of England
Lewisham,St George's CofE Primary School,Primary,Academies,300,204,46.3,Mixed,Church of England
Newham,Shaftesbury Primary School,Primary,Academies,630,637,27.6,Mixed,Does not apply
Sutton,The Limes College,Not applicable,Academies,200,84,56.0,Mixed,Does not apply
Waltham Forest,Lammas School,Secondary,Academies,900,574,40.8,Mixed,Does not apply
Wandsworth,Linden Lodge School,Not applicable,Academies,153,150,34.3,Mixed,Does not apply
Brent,Braintcroft E-ACT Primary Academy,Primary,Academies,710,663,35.1,Mixed,Does not apply
Ealing,Ada Lovelace Church of England High School,Secondary,Free Schools,1330,1051,23.0,Mixed,Church of England
Hackney,Lubavitch Boys' Primary School,Primary,Academies,210,98,8.2,Boys,Orthodox Jewish
Islington,Hungerford School,Primary,Academies,420,169,58.6,Mixed,Does not apply
Sutton,Wallington Primary Academy,Primary,Academies,446,161,46.7,Mixed,Does not apply
Brent,The Corner School,Not applicable,Special schools,35,15,0,Mixed,None
Merton,Harris Academy Wimbledon,Secondary,Free Schools,1150,1045,39.7,Mixed,None
Hounslow,Bolder Academy,Secondary,Free Schools,1260,955,29.9,Mixed,None
Bromley,Bullers Wood School for Boys,Secondary,Free Schools,900,894,15.7,Boys,None
Croydon,Coombe Wood School,Secondary,Free Schools,1100,1136,27.3,Mixed,None
Southwark,John Keats Primary School,Primary,Free Schools,420,355,61.9,Mixed,None
Greenwich,Leigh Academy Blackheath,Secondary,Free Schools,1150,1035,26.7,Mixed,Does not apply
Haringey,The Grove,Not applicable,Free Schools,125,147,39.7,Mixed,None
Barnet,Saracens High School,Secondary,Free Schools,1130,1132,56.9,Mixed,None
Havering,St Edward's Church of England Academy,Secondary,Academies,1334,848,29.8,Mixed,Church of England
Barnet,Shiras Devorah High School,Not applicable,Independent schools,98,74,0,Girls,None
Enfield,Delta Primary School,Primary,Academies,210,120,55.0,Mixed,None
Enfield,Eastfield Primary School,Primary,Academies,428,433,47.8,Mixed,Does not apply
Sutton,Barrow Hedges Primary School,Primary,Academies,685,689,8.3,Mixed,Does not apply
Enfield,Alma Primary School,Primary,Academies,512,448,48.7,Mixed,Does not apply
Enfield,Worcesters Primary School,Primary,Academies,660,635,43.7,Mixed,Does not apply
Enfield,Keys Meadow Primary School,Primary,Academies,480,400,38.0,Mixed,Does not apply
Islington,The London Screen Academy,16 plus,Free Schools,1000,863,0.0,Mixed,Does not apply
Havering,Routes4Life Limited,Not applicable,Other types,10,0,0,Mixed,Does not apply
Lewisham,Turnham Academy,Primary,Academies,576,171,50.3,Mixed,None
Brent,Our Lady of Grace Catholic Junior School,Primary,Academies,240,238,23.1,Mixed,Roman Catholic
Southwark,Surrey Square Primary School,Primary,Academies,420,458,57.8,Mixed,None
Kingston upon Thames,Green Lane Primary and Nursery School,Primary,Academies,454,408,13.1,Mixed,Does not apply
Croydon,Courtwood Primary School,Primary,Academies,224,221,29.4,Mixed,Does not apply
Havering,Hacton Primary School,Primary,Academies,624,635,5.8,Mixed,Does not apply
Croydon,Quest Primary School,Primary,Academies,262,210,33.3,Mixed,Does not apply
Sutton,Abbey Primary School,Primary,Academies,462,484,21.2,Mixed,Does not apply
Harrow,St George's Primary Catholic Voluntary Academy,Primary,Academies,420,409,5.9,Mixed,Roman Catholic
Harrow,St John Fisher Catholic Primary School,Primary,Academies,630,624,7.1,Mixed,Roman Catholic
Brent,St Margaret Clitherow RC Primary School,Primary,Academies,235,222,23.9,Mixed,Roman Catholic
Havering,Dame Tipping Church of England Primary School,Primary,Academies,105,94,23.4,Mixed,Church of England
Southwark,"Spa School, Bermondsey",Not applicable,Academies,115,114,54.7,Mixed,Does not apply
Wandsworth,Franciscan Primary School,Primary,Academies,520,270,46.7,Mixed,Does not apply
Brent,The Village School,Not applicable,Academies,310,311,39.8,Mixed,Does not apply
Wandsworth,ARK John Archer Primary Academy,Primary,Academies,419,202,73.3,Mixed,Does not apply
Lewisham,Childeric Primary School,Primary,Academies,420,373,54.9,Mixed,Does not apply
Croydon,Monks Orchard Primary School,Primary,Academies,670,201,34.9,Mixed,Does not apply
Harrow,The Sacred Heart Language College,Secondary,Academies,780,775,16.9,Girls,Roman Catholic
Harrow,St Joseph's Catholic Primary School,Primary,Academies,456,408,11.5,Mixed,Roman Catholic
Lewisham,The Young Women's Hub,Not applicable,Special schools,15,12,0,Girls,None
Havering,Sanders Draper,Secondary,Academies,918,705,25.8,Mixed,None
Ealing,Ark Acton Academy,Secondary,Academies,1400,804,50.6,Mixed,Does not apply
Hammersmith and Fulham,BeyondAutism Post-19,Not applicable,Other types,35,0,0,Mixed,Does not apply
Hillingdon,Green Corridor,Not applicable,Other types,64,0,0,Mixed,Does not apply
Lambeth,Van Gogh Primary,Primary,Academies,0,274,60.0,Mixed,None
Hillingdon,UTC Heathrow,Secondary,Free Schools,600,249,35.2,Mixed,Does not apply
Croydon,Keston Primary School,Primary,Academies,420,449,14.9,Mixed,Does not apply
Hounslow,St Richard's Church of England Primary School,Primary,Academies,210,200,41.4,Mixed,Church of England
Croydon,South Norwood Primary,Primary,Academies,420,326,39.6,Mixed,None
Barnet,Oakbridge Special Education,Not applicable,Other types,33,0,0,Mixed,Does not apply
Camden,LSI Independent College,Not applicable,Independent schools,80,26,0,Mixed,None
Barnet,Sacks Morasha Jewish Primary School,Primary,Academies,210,201,2.5,Mixed,Jewish
Enfield,Wolfson Hillel Primary School,Primary,Academies,480,465,0.9,Mixed,Jewish
Southwark,St Paul's Church of England Primary School,Primary,Academies,315,161,52.2,Mixed,Church of England
Waltham Forest,Woodford Green Primary School,Primary,Academies,270,229,20.7,Mixed,Does not apply
Brent,Our Lady of Grace RC Infant and Nursery School,Primary,Academies,180,231,12.1,Mixed,Roman Catholic
Croydon,Kensington Avenue Primary School,Primary,Academies,600,513,21.4,Mixed,Does not apply
Enfield,Houndsfield Primary School,Primary,Academies,720,473,40.5,Mixed,Does not apply
Wandsworth,Al Risalah Boys' School,Not applicable,Independent schools,130,109,0,Boys,Islam
Hackney,Yesodey Hatorah Girls School,Not applicable,Independent schools,810,476,0,Girls,None
Harrow,Priestmead Primary School and Nursery,Primary,Academies,892,880,10.7,Mixed,Does not apply
Harrow,The Welldon Park Academy,Primary,Academies,630,423,21.3,Mixed,Does not apply
Barnet,Shalom Noam Primary School,Primary,Local authority maintained schools,235,231,2.2,Mixed,Jewish
Hounslow,Springwell School,Primary,Local authority maintained schools,0,518,23.4,Mixed,Does not apply
Bromley,St Paul's Cray Church of England Primary School,Primary,Academies,320,206,43.7,Mixed,Church of England
Enfield,Galliard Primary School,Primary,Academies,810,706,43.4,Mixed,Does not apply
Enfield,Walker Primary School,Primary,Academies,420,418,7.7,Mixed,Does not apply
Bexley,Belmont Academy,Primary,Academies,446,438,15.9,Mixed,Does not apply
Enfield,Raynham Primary School,Primary,Academies,889,588,39.4,Mixed,Does not apply
Bexley,Woodside Academy,Not applicable,Academies,0,207,35.1,Mixed,Does not apply
Bexley,Castilion Primary School,Primary,Academies,472,220,15.9,Mixed,Does not apply
Enfield,Wilbury Primary School,Primary,Academies,965,749,45.0,Mixed,Does not apply
Newham,North Beckton Primary School,Primary,Academies,630,412,43.4,Mixed,Does not apply
Enfield,Fleecefield Primary School,Primary,Academies,480,328,40.2,Mixed,Does not apply
Enfield,Brettenham Primary School,Primary,Academies,480,419,34.3,Mixed,Does not apply
Havering,Koru Independent AP Academy,Not applicable,Independent schools,50,45,0,Mixed,None
Brent,Al-Zahra School,Not applicable,Independent schools,210,115,0,Girls,None
Croydon,Al-Khair Secondary Girls,Not applicable,Independent schools,100,97,0,Girls,None
Barnet,Ark Pioneer Academy,Secondary,Free Schools,1200,998,38.8,Mixed,None
Bexley,Cleeve Meadow School,Not applicable,Free Schools,140,138,54.2,Mixed,None
Southwark,Haberdashers' Borough Academy,Secondary,Free Schools,1150,917,47.3,Mixed,None
Waltham Forest,Longshaw Primary Academy,Primary,Academies,459,217,36.0,Mixed,None
Waltham Forest,Salisbury Manor Primary School,Primary,Academies,443,301,32.3,Mixed,None
Croydon,Al-Khair School Preparatory School,Not applicable,Independent schools,320,276,0,Mixed,None
Richmond upon Thames,Capella House School,Not applicable,Free Schools,76,87,42.5,Mixed,None
Barking and Dagenham,Pathways School,Not applicable,Free Schools,90,73,97.3,Mixed,None
Greenwich,Social Arts for Education,Not applicable,Special schools,25,22,0,Mixed,None
Barnet,Hasmonean High School for Girls,Secondary,Academies,747,585,7.8,Girls,Jewish
Bexley,Hook Lane Primary School,Primary,Academies,420,452,15.1,Mixed,Does not apply
Hackney,Beis Rochel D'satmar School,Not applicable,Independent schools,1000,669,0,Boys,Orthodox Jewish
Hounslow,Great Oaks Charitable Trust T/A Great Oaks College,Not applicable,Other types,108,0,0,Mixed,Does not apply
Hackney,Ohr Emes,Not applicable,Independent schools,235,143,0,Boys,None
Wandsworth,Ravenstone Primary School,Primary,Academies,420,332,20.4,Mixed,Does not apply
Barking and Dagenham,St Joseph's Catholic Primary School,Primary,Academies,420,237,32.9,Mixed,Roman Catholic
Barking and Dagenham,St Joseph's Catholic Primary School,Primary,Academies,462,299,18.2,Mixed,Roman Catholic
Barking and Dagenham,The St Teresa Catholic Primary School,Primary,Academies,230,224,11.9,Mixed,Roman Catholic
Bexley,Belvedere Infant School,Primary,Academies,322,275,33.3,Mixed,Does not apply
Kingston upon Thames,Robin Hood Primary and Nursery School,Primary,Academies,208,186,32.9,Mixed,Does not apply
Newham,St Edward's Catholic Primary School,Primary,Academies,420,416,32.8,Mixed,Roman Catholic
Newham,St Francis' Catholic Primary School,Primary,Academies,420,295,41.0,Mixed,Roman Catholic
Redbridge,Our Lady of Lourdes RC Primary School,Primary,Academies,450,448,7.5,Mixed,Roman Catholic
Redbridge,SS Peter and Paul's Catholic Primary School,Primary,Academies,420,348,28.4,Mixed,Roman Catholic
Lewisham,Haberdashers' Hatcham Primary,Primary,Academies,470,406,39.9,Mixed,None
Bexley,Haberdashers' Slade Green Primary,Primary,Academies,420,272,21.8,Mixed,None
Bexley,Haberdashers' Crayford Primary,Primary,Academies,236,243,25.4,Mixed,None
Lewisham,Haberdashers' Knights Primary,Primary,Academies,240,199,35.8,Mixed,None
Greenwich,The John Roan School,Secondary,Academies,1400,1156,40.4,Mixed,None
Merton,Liberty Woodland School,Not applicable,Independent schools,180,97,0,Mixed,None
Hammersmith and Fulham,Q+ Queensmill College,Not applicable,Other types,24,0,0,Mixed,Does not apply
Enfield,AIM Academy North London,Secondary,Academies,1115,600,44.6,Mixed,None
Sutton,Oaks Park High School,Secondary,Academies,1406,1357,27.8,Mixed,Does not apply
Lambeth,Harris Academy Clapham,Secondary,Free Schools,975,891,61.3,Mixed,None
Wandsworth,Roehampton Hospital School,Not applicable,Independent schools,36,19,0,Mixed,None
Tower Hamlets,Phoenix Autism Trust,Not applicable,Other types,40,0,0,Mixed,Does not apply
Hackney,Waterside Academy,Secondary,Free Schools,500,374,60.4,Mixed,None
Barnet,Childs Hill Primary School,Primary,Academies,345,458,34.7,Mixed,Does not apply
Southwark,Arco Academy,Not applicable,Independent schools,60,13,0,Mixed,None
Hammersmith and Fulham,Ormiston Queensmill Academy,Not applicable,Academies,0,242,57.2,Mixed,Does not apply
Croydon,Ark Blake Academy,Secondary,Free Schools,1200,782,46.1,Mixed,None
Ealing,Ark Soane Academy,Secondary,Free Schools,1200,722,52.6,Mixed,None
Croydon,Addington Valley Academy,Not applicable,Free Schools,150,132,53.3,Mixed,None
Kingston upon Thames,Tennis Avenue School,Not applicable,Independent schools,40,25,0,Mixed,None
Westminster,Maida Vale School,Not applicable,Independent schools,620,205,0,Mixed,None
Harrow,Harmony Primary School,Not applicable,Independent schools,72,64,0,Mixed,None
Merton,Benedict Academy,Primary,Academies,240,183,65.5,Mixed,None
Croydon,West Thornton Primary School,Primary,Academies,1050,910,35.7,Mixed,None
Southwark,THE BRIDGE SPECIAL EDUCATION NEEDS SCHOOL,Not applicable,Special schools,70,16,0,Mixed,None
Croydon,The New School,Not applicable,Independent schools,120,102,0,Mixed,None
Greenwich,Serenity School Eltham,Not applicable,Special schools,150,140,0,Mixed,None
Lewisham,Sedgehill Academy,Secondary,Academies,1711,900,45.2,Mixed,Does not apply
Southwark,Charles Dickens Primary School,Primary,Academies,420,479,42.6,Mixed,Does not apply
Newham,St Antony's Catholic Primary School,Primary,Academies,472,435,37.1,Mixed,Roman Catholic
Croydon,Aya College (Educational Provision),Not applicable,Independent schools,8,0,0,Mixed,None
Redbridge,Endeavour House School,Not applicable,Special schools,25,14,0,Mixed,None
Hounslow,Sparrow Farm Primary School,Primary,Local authority maintained schools,473,477,25.5,Mixed,Does not apply
Westminster,Woodside School,Not applicable,Special schools,15,0,0,Mixed,None
Southwark,The Park College,Not applicable,Other types,40,0,0,Mixed,Does not apply
Hounslow,Unique Academy,Not applicable,Independent schools,90,70,0,Mixed,None
Croydon,Woodcote Primary School,Primary,Academies,840,858,14.8,Mixed,Does not apply
Newham,Eastlea Community School,Secondary,Academies,1200,689,52.8,Mixed,Does not apply
Redbridge,Hatchside School,Not applicable,Free Schools,128,70,38.6,Mixed,None
Brent,Roundwood School and Community Centre,Not applicable,Free Schools,50,18,44.4,Mixed,Does not apply
Barking and Dagenham,St Vincent's Catholic Primary School,Primary,Academies,236,221,19.1,Mixed,Roman Catholic
Sutton,Beddington Park Academy,Primary,Academies,420,348,30.6,Mixed,None
Croydon,Harris Primary Academy Croydon,Primary,Academies,475,406,33.9,Mixed,None
Enfield,Silverways School,Not applicable,Special schools,50,50,0,Mixed,None
Kingston upon Thames,Chessington School,Secondary,Academies,750,676,29.5,Mixed,Does not apply
Ealing,Seva Education,Not applicable,Special schools,96,53,0,Mixed,None
Barnet,Woodhouse College,16 plus,Academies,1500,0,0.0,Mixed,Does not apply
Kensington and Chelsea,St Joseph's Catholic Primary School,Primary,Academies,238,226,14.3,Mixed,Roman Catholic
Lambeth,Harris Clapham Sixth Form,16 plus,Free Schools,600,383,0.0,Mixed,Does not apply
Kensington and Chelsea,Ormiston Kensington Queensmill Academy,Not applicable,Free Schools,96,98,64.1,Mixed,None
Southwark,Lyndhurst Primary School,Primary,Academies,420,444,22.5,Mixed,Does not apply
Bexley,Cornerstone School,Not applicable,Free Schools,100,99,43.4,Mixed,None
Hounslow,Eagle Park Independent School,Not applicable,Special schools,86,31,0,Mixed,None
Greenwich,Hawksmoor School,Primary,Academies,420,326,45.1,Mixed,None
Greenwich,Wingfield Primary School,Primary,Academies,682,646,15.8,Mixed,Does not apply
Newham,School 360,Primary,Free Schools,420,155,13.5,Mixed,None
Barnet,Ateres Beis Yaakov,Not applicable,Independent schools,70,78,0,Girls,None
Tower Hamlets,Cyril Jackson Primary School,Primary,Academies,480,448,35.1,Mixed,Does not apply
Croydon,Kenley Primary School,Primary,Academies,210,164,26.8,Mixed,Does not apply
Croydon,Chaffinch Brook School,Not applicable,Academies,90,93,76.3,Mixed,None
Tower Hamlets,Mulberry Canon Barnett Primary Academy,Primary,Academies,315,166,45.2,Mixed,Does not apply
Croydon,Beckmead College,Not applicable,Academies,112,84,63.4,Mixed,None
Hillingdon,Field End Junior School,Primary,Academies,360,277,26.0,Mixed,Does not apply
Hillingdon,Hermitage Primary School,Primary,Academies,472,446,23.3,Mixed,Does not apply
Sutton,Bandon Hill Primary School,Primary,Academies,420,442,17.0,Mixed,Does not apply
Kingston upon Thames,Fern Hill Primary School,Primary,Academies,682,671,9.3,Mixed,Does not apply
Ealing,Blooming Tree Pre Prep School,Not applicable,Special schools,80,42,0,Mixed,None
Newham,Rokeby School,Secondary,Academies,900,588,52.6,Boys,Does not apply
Newham,Lister Community School,Secondary,Academies,1550,1497,52.9,Mixed,Does not apply
Barking and Dagenham,Brook Sixth Form and Academy,Secondary,Free Schools,600,237,42.5,Mixed,Does not apply
Croydon,Orchard Way Primary School,Primary,Academies,210,200,20.5,Mixed,Does not apply
Newham,St Winefride's RC Primary School,Primary,Academies,315,242,29.4,Mixed,Roman Catholic
Tower Hamlets,Brick Lane School,Not applicable,Special schools,76,68,0,Mixed,None
Hillingdon,The Skills Hub,Not applicable,Free Schools,120,50,46.3,Mixed,Does not apply
Bexley,St Peter Chanel Catholic Primary School,Primary,Academies,210,203,22.2,Mixed,Roman Catholic
Tower Hamlets,Mulberry Wood Wharf Primary School,Primary,Free Schools,420,129,20.2,Mixed,None
Enfield,Salmons Brook School,Not applicable,Free Schools,70,63,74.5,Mixed,None
Croydon,The Minster Junior School,Primary,Academies,480,339,36.3,Mixed,Church of England
Croydon,The Minster Nursery and Infants Church of England Academy,Primary,Academies,360,221,33.7,Mixed,Church of England
Harrow,Pathways School,Not applicable,Special schools,18,15,0,Mixed,None
Tower Hamlets,Daffodil Preparatory School,Not applicable,Independent schools,155,21,0,Mixed,None
Bexley,ADO River Valley School,Not applicable,Special schools,24,14,0,Mixed,None
Camden,City Junior School,Not applicable,Independent schools,305,221,0,Mixed,None
Sutton,JUS Education,Not applicable,Special schools,10,1,0,Mixed,None
Richmond upon Thames,St Richard Reynolds Catholic High School,Secondary,Academies,1080,1140,8.6,Mixed,Roman Catholic
Richmond upon Thames,St Richard Reynolds Catholic Primary School,Primary,Academies,210,210,4.8,Mixed,Roman Catholic
Lambeth,Heron Academy,Not applicable,Academies,0,81,75.5,Mixed,Does not apply
Southwark,St Joseph's Catholic Primary School,Primary,Academies,345,295,30.5,Mixed,Roman Catholic
Croydon,Coloma Convent Girls' School,Secondary,Academies,1057,924,23.9,Girls,Roman Catholic
Sutton,Wood Field Primary School,Primary,Academies,840,680,20.3,Mixed,None
Southwark,Notre Dame Catholic Girls' School,Secondary,Academies,620,445,44.7,Girls,Roman Catholic
Bexley,St Thomas More Catholic Primary School,Primary,Academies,420,424,9.9,Mixed,Roman Catholic
Newham,Harris Science Academy East London,Secondary,Free Schools,1000,441,45.6,Mixed,Does not apply
Croydon,Bright Minds Creative Academy,Not applicable,Special schools,65,34,0,Mixed,None
Croydon,Aspire Learning,Not applicable,Special schools,56,38,0,Mixed,None
Croydon,Olympus,Not applicable,Special schools,55,45,0,Mixed,None
Lambeth,Evolve Academy,Not applicable,Academies,160,81,65.4,Mixed,Does not apply
Havering,Ardleigh Green Junior School,Primary,Academies,360,359,12.3,Mixed,Does not apply
Havering,Ardleigh Green Infant School,Primary,Academies,270,269,6.7,Mixed,Does not apply
Croydon,Arise Academy,Not applicable,Special schools,40,24,0,Mixed,None
Westminster,St Joseph's RC Primary School,Primary,Academies,210,259,16.3,Mixed,Roman Catholic
Redbridge,Downshall Primary School,Primary,Academies,630,538,25.3,Mixed,Does not apply
Bromley,Downe Primary School,Primary,Academies,100,66,6.1,Mixed,Does not apply
Wandsworth,Ernest Bevin Academy,Secondary,Academies,900,643,44.8,Boys,Does not apply
Lambeth,Streatham Wells Primary,Primary,Academies,210,234,24.2,Mixed,Does not apply
Camden,Odyssey House School - Bloomsbury,Not applicable,Special schools,45,18,0,Mixed,None
Richmond upon Thames,Thomas's College,Not applicable,Independent schools,630,111,0,Mixed,None
Croydon,Abingdon House School Purley,Not applicable,Special schools,100,54,0,Mixed,None
Southwark,Grove Primary School,Primary,Academies,420,221,43.2,Mixed,Does not apply
Southwark,Rotherhithe Primary School,Primary,Academies,460,341,50.3,Mixed,Does not apply
Croydon,Saffron Valley Collegiate,Not applicable,Academies,0,79,43.0,Mixed,Does not apply
Kensington and Chelsea,Holland Park School,Secondary,Academies,1430,1336,32.6,Mixed,None
Hammersmith and Fulham,St John XXIII Catholic Primary School,Primary,Academies,446,298,52.0,Mixed,Roman Catholic
Greenwich,Kidbrooke Park Primary School,Primary,Academies,472,440,44.9,Mixed,Does not apply
Greenwich,Boxgrove Primary School,Primary,Academies,472,404,44.5,Mixed,Does not apply
Richmond upon Thames,Radnor House Prep School,Not applicable,Independent schools,230,96,0,Mixed,None
Wandsworth,London Park School Clapham,Not applicable,Independent schools,120,109,0,Mixed,None
Havering,The Compass School,Not applicable,Free Schools,60,40,57.5,Mixed,None
Barnet,Imperial College London Mathematics School,16 plus,Free Schools,200,0,0,Unknown,Does not apply
Kingston upon Thames,Spring School,Not applicable,Free Schools,90,49,34.7,Mixed,None
Hammersmith and Fulham,First Bridge School,Not applicable,Special schools,55,21,0,Mixed,None
Newham,Connaught Special School,Not applicable,Free Schools,105,26,46.2,Mixed,None
Bexley,Leigh Academy Bexley,Secondary,Academies,2050,888,41.5,Mixed,None
Hackney,Haggerston School,Secondary,Academies,1100,1007,46.7,Mixed,Does not apply
Southwark,Imperial Oak School,Not applicable,Special schools,24,0,0,Mixed,None
Greenwich,The Anchor Sendfriendly Centre,Not applicable,Special schools,25,34,0,Mixed,Does not apply
Lambeth,Maypole School (Leigham Court),Not applicable,Special schools,60,52,0,Mixed,None
Kingston upon Thames,Corpus Christi Catholic Primary School,Primary,Academies,450,0,0,Mixed,Roman Catholic
Kingston upon Thames,Our Lady Immaculate Catholic Primary School,Primary,Academies,420,390,9.5,Mixed,Roman Catholic
Kingston upon Thames,St Joseph's Catholic Primary School,Primary,Academies,210,0,0,Mixed,Roman Catholic
Richmond upon Thames,St Elizabeth's Catholic Primary School,Primary,Academies,270,212,6.6,Mixed,Roman Catholic
Richmond upon Thames,St Osmund's Catholic Primary School,Primary,Academies,270,147,8.8,Mixed,Roman Catholic
Croydon,Harris Academy Beulah Hill,Secondary,Academies,1100,1029,36.6,Mixed,None
Greenwich,Bannockburn Primary School,Primary,Academies,892,880,15.6,Mixed,Does not apply
Hammersmith and Fulham,St Augustine's RC Primary School,Primary,Academies,210,192,26.0,Mixed,Roman Catholic
Enfield,Merryhills Primary School,Primary,Academies,630,621,10.1,Mixed,Does not apply
Hackney,Clockhouse Primary School,Not applicable,Independent schools,222,0,0,Boys,None
Hounslow,Hounslow Heath School,Primary,Local authority maintained schools,1218,1226,14.7,Mixed,Does not apply
Barnet,Menorah Primary School for Boys,Primary,Local authority maintained schools,200,209,0.5,Boys,Jewish
Ealing,West London Performing Arts Academy (WLPA Academy),Not applicable,Other types,30,0,0,Unknown,Does not apply
Camden,Wildwood Nature School,Not applicable,Independent schools,40,14,0,Mixed,None
Westminster,Caelum House School,Not applicable,Special schools,20,1,0,Mixed,None
Hounslow,Tarbiyyah Secondary School for Boys,Not applicable,Independent schools,70,57,0,Boys,None
Lewisham,Prendergast Ladywell School,All-through,Academies,1320,1276,25.9,Mixed,Does not apply
Lewisham,Prendergast School,Secondary,Academies,1000,1025,19.8,Girls,None
Lewisham,Prendergast Vale School,All-through,Academies,830,799,40.1,Mixed,None
Barnet,Saracens Bell Lane,Primary,Academies,472,403,32.2,Mixed,Does not apply
Lambeth,South Bank University Sixth Form,16 plus,Academies,600,294,0.0,Mixed,Does not apply
Bromley,Bromley Mencap,Not applicable,Other types,15,0,0,Mixed,Does not apply
Barnet,The London Mechina,Not applicable,Independent schools,45,0,0,Boys,None
Islington,Pooles Park Primary School,Primary,Academies,240,153,55.6,Mixed,Does not apply
Bromley,Woodview,Not applicable,Special schools,98,18,0,Mixed,None
Hackney,St Monica's Catholic Primary School,Primary,Academies,240,197,38.3,Mixed,Roman Catholic
Southwark,St Anthony's Catholic Primary School,Primary,Academies,450,426,30.3,Mixed,Roman Catholic
Lewisham,Our Lady and St Philip Neri Catholic Primary School,Primary,Academies,386,243,30.8,Mixed,Roman Catholic
Tower Hamlets,St Anne's and Guardian Angels Catholic Primary School,Primary,Academies,450,185,43.0,Mixed,Roman Catholic
Tower Hamlets,St Elizabeth's Catholic Primary School,Primary,Academies,470,0,0,Mixed,Roman Catholic
Hackney,Cardinal Pole Catholic School,Secondary,Academies,1140,1052,64.2,Mixed,Roman Catholic
Lewisham,Bonus Pastor Catholic College,Secondary,Academies,900,914,24.9,Mixed,Roman Catholic
Tower Hamlets,Bishop Challoner Catholic School,Secondary,Academies,1650,1034,32.1,Mixed,Roman Catholic
Tower Hamlets,Columbia Primary School,Primary,Academies,450,427,27.1,Mixed,Does not apply
Enfield,Eldon Primary School,Primary,Academies,1260,732,39.1,Mixed,Does not apply
Newham,St Michael's Catholic Primary School,Primary,Academies,210,212,27.4,Mixed,Roman Catholic
Lewisham,Conisborough College,Secondary,Academies,900,757,44.3,Mixed,Does not apply
Lambeth,Burlington House School Tooting,Not applicable,Special schools,50,13,0,Mixed,None
Tower Hamlets,OMG Education,Not applicable,Independent schools,30,7,0,Mixed,None
Sutton,Grove Road School,Not applicable,Special schools,45,13,0,Mixed,None
Lambeth,Loughborough Primary School,Primary,Academies,500,286,62.8,Mixed,Does not apply
Brent,Wembley Manor,Not applicable,Free Schools,150,60,46.7,Mixed,None
Lambeth,"London Nautical, City of London Academy",Secondary,Academies,720,545,49.3,Boys,None
Southwark,St Michael's Catholic College,Secondary,Academies,980,961,34.2,Mixed,Catholic
Croydon,Supreme Education AP,Not applicable,Special schools,50,38,0,Mixed,None
Hillingdon,Landon School Harmondsworth,Not applicable,Special schools,50,15,0,Mixed,None
Barnet,Dollis Primary School,Primary,Academies,492,410,29.4,Mixed,Does not apply
Kensington and Chelsea,St. Thomas More Language College,Secondary,Academies,597,541,41.9,Mixed,Roman Catholic
Lewisham,St James's Hatcham Church of England Primary School,Primary,Academies,210,156,39.7,Mixed,Church of England
Lewisham,St Michael's Church of England Primary School,Primary,Academies,210,208,35.2,Mixed,Church of England
Lewisham,St Stephen's CofE Primary School,Primary,Academies,260,204,37.0,Mixed,Church of England
Southwark,St Joseph's Catholic Primary School,Primary,Academies,210,0,0,Mixed,Roman Catholic
Tower Hamlets,Hermitage Primary School,Primary,Academies,330,272,40.0,Mixed,Does not apply
Barnet,Osidge Primary School,Primary,Academies,420,384,22.7,Mixed,None
Bromley,Marjorie McClure School,Not applicable,Academies,100,119,33.3,Mixed,Does not apply
Brent,St Mary's RC Primary School,Primary,Academies,210,187,43.3,Mixed,Roman Catholic
Tower Hamlets,Onelab College,Not applicable,Other types,35,0,0,Mixed,Does not apply
Brent,Harris Primary Academy South Kenton,Primary,Academies,1050,718,14.8,Mixed,Does not apply
Lewisham,The Anchor SENDfriendly Centre,Not applicable,Special schools,45,26,0,Mixed,None
Westminster,Millbank Gardens Primary Academy,Primary,Academies,420,274,36.8,Mixed,None
Greenwich,Windrush Charlton Primary School,Primary,Academies,630,526,47.5,Mixed,Does not apply
Croydon,Regina Coeli Catholic Primary School,Primary,Academies,446,0,0,Mixed,Roman Catholic
Merton,St John Fisher RC Primary School,Primary,Academies,446,0,0,Mixed,Roman Catholic
Merton,Ursuline High School Wimbledon,Secondary,Academies,1386,0,0,Girls,Roman Catholic
Sutton,St Elphege's RC Junior School,Primary,Academies,384,0,0,Mixed,Roman Catholic
Sutton,St Elphege's RC Infants' School,Primary,Academies,384,0,0,Mixed,Roman Catholic
Bexley,Hurstmere School,Secondary,Academies,1065,965,15.1,Boys,None
Greenwich,Notre Dame Catholic Primary School,Primary,Academies,210,0,0,Mixed,Roman Catholic
Enfield,De Bohun Primary School,Primary,Academies,420,396,30.4,Mixed,Does not apply
Bromley,Woodside Park School,Not applicable,Special schools,36,0,0,Mixed,None
Haringey,The Harington Scheme Ltd,Not applicable,Other types,55,0,0,Mixed,Does not apply
Redbridge,Apex Secondary School for Girls,Not applicable,Independent schools,125,0,0,Girls,None
Redbridge,Apex Secondary School for Boys,Not applicable,Independent schools,125,0,0,Boys,None
Brent,Mapesbury School,Not applicable,Special schools,54,0,0,Mixed,None
Havering,Edullect Academy Independent School,Not applicable,Independent schools,290,0,0,Mixed,Islam
Southwark,St George's Cathedral Catholic Primary School,Primary,Academies,235,0,0,Mixed,Roman Catholic
Barnet,St Mary's and St John's CofE School,All-through,Academies,1780,0,0,Mixed,Church of England
Wandsworth,Fircroft Primary School,Primary,Academies,459,0,0,Mixed,Does not apply
Enfield,Eversley Primary School,Primary,Academies,630,0,0,Mixed,Does not apply
Hammersmith and Fulham,Wetherby Pembridge,Not applicable,Independent schools,200,0,0,Mixed,None
Greenwich,Rowan Wood School,Not applicable,Free Schools,240,0,0,Mixed,None
Barking and Dagenham,Oxlow Bridge School,Not applicable,Free Schools,90,0,0,Mixed,None
Kensington and Chelsea,Our Lady of Victories RC Primary School,Primary,Academies,210,0,0,Mixed,Roman Catholic
Hillingdon,St Bernadette Catholic Primary School,Primary,Academies,472,0,0,Mixed,Roman Catholic
Tower Hamlets,Virginia Primary School,Primary,Academies,236,0,0,Mixed,Does not apply
Barking and Dagenham,Northstar Nurture School,Not applicable,Special schools,25,0,0,Mixed,None
Bromley,Southborough Primary School,Primary,Academies,436,0,0,Mixed,Does not apply
Sutton,St Cecilia's Catholic Primary School,Primary,Academies,417,0,0,Mixed,Roman Catholic
Croydon,"Serenity School, Old Palace Croydon",Not applicable,Special schools,450,0,0,Mixed,None
Richmond upon Thames,Seva Education Twickenham,Not applicable,Special schools,60,0,0,Mixed,None
Southwark,Maudsley and Bethlem Hospital School,Not applicable,Academies,0,0,0,Mixed,Does not apply
Islington,St Aloysius' College,Secondary,Academies,1150,0,0,Mixed,Roman Catholic
Enfield,Honilands Primary School,Primary,Academies,480,0,0,Mixed,Does not apply
Hillingdon,Grand Union Village,Not applicable,Free Schools,80,0,0,Unknown,None
Hillingdon,Pinn River School,Not applicable,Free Schools,180,0,0,Unknown,None
Croydon,Oasis Academy Shirley Park Primary,Primary,Academies,750,0,0,Mixed,None
Barnet,Nancy Reuben Primary School,Primary,Local authority maintained schools,252,0,0,Mixed,Jewish
Bexley,Brighter Futures Specialist College Ltd,Not applicable,Other types,30,0,0,Mixed,Does not apply
Barking and Dagenham,SENARP Vibe Independent School,Not applicable,Special schools,10,0,0,Mixed,None
Newham,"Plashet, City of London Academy",Secondary,Academies,1500,0,0,Girls,Does not apply
Haringey,St Mary's Priory Catholic Junior School,Primary,Academies,120,0,0,Mixed,Roman Catholic
Haringey,St Mary's Priory Catholic Infant School,Primary,Academies,90,0,0,Mixed,Roman Catholic
Sutton,Nonsuch Primary School,Primary,Academies,262,0,0,Mixed,Does not apply
Islington,Lift Beacon High,Secondary,Academies,600,0,0,Mixed,Does not apply
